{
"type": "FeatureCollection",
"name": "Gemeinden",
"crs": { "type": "name", "properties": { "name": "urn:ogc:def:crs:EPSG::25832" } },
"features": [
{ "type": "Feature", "properties": { "full_id": "r63505", "osm_id": "63505", "osm_type": "relation", "boundary": "administrative", "note:de": null, "name:es": null, "name:de": null, "ref:nuts:2": null, "ref:nuts": null, "population": null, "name:sr": null, "name:ru": null, "name:la": null, "name:ksh": null, "name:ja": null, "name:ar": null, "de:place": null, "ref:nuts:3": null, "license_plate_code": null, "admin_centre:postal_code": null, "wikipedia": "de:Dorsten", "wikidata": "Q3886", "website": "https://www.dorsten.de", "opendata_portal": "no", "name:prefix": "Stadt", "de:regionalschluessel": "055620012012", "de:amtlicher_gemeindeschluessel": "05562012", "admin_title:de": "Stadt", "admin_title": "town", "TMC:cid_58:tabcd_1:LocationCode": "1107", "TMC:cid_58:tabcd_1:LCLversion": "9.00", "TMC:cid_58:tabcd_1:Class": "Area", "type": "boundary", "name": "Dorsten", "admin_level": "8" }, "geometry": { "type": "MultiPolygon", "coordinates": [ [ [ [ 360363.994893903727643, 5721085.060058324597776 ], [ 360368.380657504545525, 5721094.131077538244426 ], [ 360427.61928972939495, 5721355.906611900776625 ], [ 360372.040297084720805, 5721381.945908684283495 ], [ 360357.408750114263967, 5721388.860112306661904 ], [ 360331.495949436211959, 5721401.104894890449941 ], [ 360311.650601248838939, 5721408.83095992077142 ], [ 360304.441815262311138, 5721411.645303650759161 ], [ 360278.728007986152079, 5721432.587346865795553 ], [ 360268.21567730238894, 5721444.685160599648952 ], [ 360261.045887962216511, 5721452.918066176585853 ], [ 360248.693837352737319, 5721467.114409394562244 ], [ 360245.557014852645807, 5721476.916279346682131 ], [ 360236.513240295695141, 5721486.258226089179516 ], [ 360219.217478942591697, 5721527.065988420508802 ], [ 360221.335446372802835, 5721562.340409580618143 ], [ 360218.459885478951037, 5721582.33991115540266 ], [ 360210.970753517642152, 5721593.541910506784916 ], [ 360203.058112037018873, 5721603.95438018720597 ], [ 360197.279181980644353, 5721608.120421690866351 ], [ 360183.189086022204719, 5721618.803890484385192 ], [ 360166.550500138429925, 5721631.249413911253214 ], [ 360163.6395551051246, 5721645.952771884389222 ], [ 360155.854795035207644, 5721638.444897178560495 ], [ 360139.696630880760495, 5721618.927290637977421 ], [ 360137.094100097252522, 5721614.981890183873475 ], [ 359954.426525971561205, 5721640.547945649363101 ], [ 359931.456248954345938, 5721643.176234331913292 ], [ 359922.463888099242467, 5721644.093065250664949 ], [ 359745.066019304678775, 5721665.570144196040928 ], [ 359745.098020783974789, 5721665.725056106224656 ], [ 359744.213390835095197, 5721681.273915017955005 ], [ 359741.819636319298297, 5721683.866497819311917 ], [ 359733.52425830962602, 5721689.182367240078747 ], [ 359723.387364350724965, 5721696.274266818538308 ], [ 359647.378366488788743, 5721701.666568388231099 ], [ 359637.426322834100574, 5721702.688452592119575 ], [ 359589.440137399127707, 5721707.581974787637591 ], [ 359543.788582843844779, 5721712.244171273894608 ], [ 359538.020256614428945, 5721711.035604041069746 ], [ 359532.878935313143302, 5721707.216667897067964 ], [ 359524.560906163766049, 5721675.063636935316026 ], [ 359512.911417681025341, 5721642.914152693934739 ], [ 359501.820735592162237, 5721641.597551911137998 ], [ 359485.210972923203371, 5721651.284706886857748 ], [ 359470.344196888967417, 5721654.902917656116188 ], [ 359468.351634131162427, 5721654.980556131340563 ], [ 359465.356178353540599, 5721655.108327662572265 ], [ 359459.612009425763972, 5721655.768774783238769 ], [ 359438.472249992948491, 5721658.214890739880502 ], [ 359435.469566180545371, 5721658.331752436235547 ], [ 359434.598279420519248, 5721661.371818722225726 ], [ 359418.512576864217408, 5721830.138786787167192 ], [ 359418.503064583521336, 5721830.294851399026811 ], [ 359417.874818171025254, 5721837.590411537326872 ], [ 359405.742348269443028, 5721949.22473173122853 ], [ 359402.725709554622881, 5722061.395729968324304 ], [ 359404.278566064313054, 5722117.729962685145438 ], [ 359406.705202803364955, 5722139.741592490114272 ], [ 359406.438124133856036, 5722170.230221290141344 ], [ 359414.934948115493171, 5722243.420344124548137 ], [ 359413.041248393710703, 5722258.997389669530094 ], [ 359412.947489264421165, 5722266.333737306296825 ], [ 359415.888451200211421, 5722291.402559284120798 ], [ 359408.047976022586226, 5722292.110269227065146 ], [ 359390.897829461959191, 5722310.916066554374993 ], [ 359383.576177136041224, 5722318.075097188353539 ], [ 359372.604719842551276, 5722329.208423412404954 ], [ 359347.764878216898069, 5722355.372867375612259 ], [ 359341.197611264069565, 5722362.510975247249007 ], [ 359310.208022950217128, 5722387.411156329326332 ], [ 359276.872676480910741, 5722410.874482925049961 ], [ 359280.36481115029892, 5722413.181045810692012 ], [ 359278.970302406174596, 5722414.332727120257914 ], [ 359272.618594376544934, 5722419.506297024898231 ], [ 359248.618665728718042, 5722395.46899644844234 ], [ 359217.382347320439294, 5722365.735167021863163 ], [ 359199.990508720045909, 5722356.437513370066881 ], [ 359198.369217186351307, 5722355.414325623773038 ], [ 359196.905116745270789, 5722354.564817734062672 ], [ 359170.361485449131578, 5722341.660556421615183 ], [ 359144.067453553434461, 5722334.736669477075338 ], [ 359100.646436872833874, 5722332.752843845635653 ], [ 359078.475114374363329, 5722331.378850233741105 ], [ 359067.893013915512711, 5722331.863049123436213 ], [ 359043.966162961267401, 5722333.843351764604449 ], [ 359033.626181404222734, 5722335.311319262720644 ], [ 359024.065356263658032, 5722336.657421174459159 ], [ 359005.494746255397331, 5722347.435953671112657 ], [ 358909.045405542943627, 5722435.450330223888159 ], [ 358859.165042798151262, 5722463.518196661025286 ], [ 358826.433260620571673, 5722494.869099386036396 ], [ 358823.305424760386813, 5722497.182187147438526 ], [ 358819.451478520291857, 5722500.027475292794406 ], [ 358793.416850781068206, 5722519.239389268681407 ], [ 358800.980758315417916, 5722532.938912631012499 ], [ 358773.358804660965689, 5722553.57523635122925 ], [ 358774.706262896303087, 5722561.650380804203451 ], [ 358767.095512442174368, 5722566.103046380914748 ], [ 358760.794227915583178, 5722569.339496369473636 ], [ 358731.378894867608324, 5722583.527039487846196 ], [ 358714.101454899879172, 5722591.71097997482866 ], [ 358705.022164242516737, 5722595.648358852602541 ], [ 358650.89026582823135, 5722620.910416033118963 ], [ 358640.930049357120879, 5722605.230442091822624 ], [ 358637.40530936117284, 5722603.993576757609844 ], [ 358599.105884090065956, 5722545.404011538252234 ], [ 358555.364639373729005, 5722546.038002983666956 ], [ 358537.052744384738617, 5722538.782633732073009 ], [ 358460.287144709960558, 5722496.91763911396265 ], [ 358438.227816606522538, 5722495.821554816327989 ], [ 358399.354481823625974, 5722499.425455472432077 ], [ 358397.348410267266445, 5722499.503909726627171 ], [ 358393.273585688206367, 5722497.670540191233158 ], [ 358391.754068804031704, 5722497.813266999088228 ], [ 358391.422549184178934, 5722497.84481181576848 ], [ 358320.520499301492237, 5722504.65034067351371 ], [ 358308.158980538952164, 5722502.170143970288336 ], [ 358298.668670519371517, 5722502.558593915775418 ], [ 358298.689617890398949, 5722503.058798405341804 ], [ 358287.373830104363151, 5722526.022944794036448 ], [ 358275.058042904536705, 5722555.058048627339303 ], [ 358268.348310699569993, 5722574.343046894297004 ], [ 358257.820443062344566, 5722573.781346253119409 ], [ 358252.216520406422205, 5722571.501306107267737 ], [ 358242.128576350223739, 5722563.415420705452561 ], [ 358230.367159974470269, 5722557.390786821953952 ], [ 358215.871368655585684, 5722545.477886781096458 ], [ 358195.197016930149402, 5722529.320254120975733 ], [ 358184.417536147637293, 5722522.756253336556256 ], [ 358171.001179959974252, 5722512.794100502505898 ], [ 358145.165050612180494, 5722492.853055926039815 ], [ 358125.660701653687283, 5722480.646937023848295 ], [ 358115.779239390103612, 5722471.542778197675943 ], [ 358098.820872556068935, 5722460.734285418875515 ], [ 358079.807273259793874, 5722448.503428036347032 ], [ 358064.033300767303444, 5722442.14666941575706 ], [ 358060.726287512225099, 5722440.781664825975895 ], [ 358041.936296779313125, 5722434.05338448099792 ], [ 358036.090237529599108, 5722431.791501392610371 ], [ 358022.300968598865438, 5722424.844950278289616 ], [ 357993.629056317266077, 5722409.012885657139122 ], [ 357987.213194421376102, 5722417.283717680722475 ], [ 357974.587781908747274, 5722414.299810666590929 ], [ 357961.714193391380832, 5722429.841125824488699 ], [ 357921.813634897000156, 5722475.510805402882397 ], [ 357894.309998044162057, 5722506.16461646836251 ], [ 357884.741162331542, 5722517.061588152311742 ], [ 357878.383147712564096, 5722514.324616834521294 ], [ 357860.838058915454894, 5722507.539749721065164 ], [ 357824.758535668021068, 5722494.009147472679615 ], [ 357784.028751193429343, 5722476.670045989565551 ], [ 357779.977464626310393, 5722481.836484516970813 ], [ 357775.007216834113933, 5722488.553422706201673 ], [ 357761.525752996094525, 5722519.625878601334989 ], [ 357750.20838526415173, 5722548.600913971662521 ], [ 357772.196400847169571, 5722560.201551393605769 ], [ 357792.08774515602272, 5722569.401811925694346 ], [ 357827.921833463129587, 5722576.929539220407605 ], [ 357830.959045587689616, 5722577.812314262613654 ], [ 357850.209174546587747, 5722577.515748336911201 ], [ 357846.399861176905688, 5722582.174536535516381 ], [ 357831.840085744042881, 5722599.288284850306809 ], [ 357800.335440217866562, 5722636.109249013476074 ], [ 357786.003458509454504, 5722652.693684779107571 ], [ 357763.369888544548303, 5722680.150866138748825 ], [ 357723.171205716440454, 5722730.838637836277485 ], [ 357722.217144650523551, 5722731.878211595118046 ], [ 357715.370929562253878, 5722735.654394997283816 ], [ 357694.486317831790075, 5722745.022952032275498 ], [ 357692.031399935600348, 5722746.127046026289463 ], [ 357689.327387757657561, 5722747.238154721446335 ], [ 357661.519599476072472, 5722758.382071523927152 ], [ 357619.694382950197905, 5722775.60780166555196 ], [ 357578.132371147046797, 5722792.826474225148559 ], [ 357570.006643222062849, 5722796.160380261018872 ], [ 357535.076969662215561, 5722810.610648310743272 ], [ 357511.74473748379387, 5722821.072830252349377 ], [ 357503.896133017260581, 5722824.899829649366438 ], [ 357503.647041368414648, 5722824.906852356158197 ], [ 357495.279237758019008, 5722828.247708045877516 ], [ 357482.955771047854796, 5722832.757351453416049 ], [ 357486.483129419269972, 5722845.622933695092797 ], [ 357491.009770095814019, 5722864.458761189132929 ], [ 357496.268912540399469, 5722882.750885431654751 ], [ 357501.941774019622244, 5722899.017038035206497 ], [ 357511.69008258957183, 5722917.138093184679747 ], [ 357518.979998625523876, 5722930.342770569957793 ], [ 357525.175955032813363, 5722941.096575376577675 ], [ 357520.771160192263778, 5722943.279575238004327 ], [ 357515.065363321802579, 5722944.508794471621513 ], [ 357513.813642553985119, 5722944.566340867429972 ], [ 357509.303720822965261, 5722944.248336535878479 ], [ 357503.770135771599598, 5722943.4806595062837 ], [ 357485.183872652240098, 5722941.734446982853115 ], [ 357482.788532498641871, 5722950.34890609420836 ], [ 357482.181564282858744, 5722953.871592312119901 ], [ 357463.107311474042945, 5722970.668670777231455 ], [ 357424.710105139878578, 5723004.270078173838556 ], [ 357371.180835479055531, 5723052.988855056464672 ], [ 357348.526897364296019, 5723073.93831560947001 ], [ 357324.642196750734001, 5723095.434558046981692 ], [ 357293.533849144354463, 5723123.734284806996584 ], [ 357268.965546487248503, 5723146.752507554367185 ], [ 357248.247874537482858, 5723166.11199610773474 ], [ 357221.797205315204337, 5723198.220247235149145 ], [ 357212.571396867395379, 5723211.11212648730725 ], [ 357107.252867032948416, 5723345.01973291952163 ], [ 357106.54119997570524, 5723346.052580908872187 ], [ 357040.694344008574262, 5723417.792973414063454 ], [ 357036.697749792481773, 5723422.146131364628673 ], [ 357033.036700661468785, 5723426.122547566890717 ], [ 357032.538575814687647, 5723426.136640462093055 ], [ 356990.098106888704933, 5723464.908556144684553 ], [ 356988.895278997137211, 5723465.955322987399995 ], [ 356977.815468702639919, 5723476.418421397916973 ], [ 356950.852300370461307, 5723502.043510584160686 ], [ 356939.060726693074685, 5723513.528448546305299 ], [ 356937.374286675476469, 5723515.10084805265069 ], [ 356937.132146835676394, 5723515.107703419402242 ], [ 356889.318715788191184, 5723563.113815899938345 ], [ 356746.295488472678699, 5723497.944837204180658 ], [ 356706.060318279778585, 5723480.589427649974823 ], [ 356613.679444130393676, 5723436.346150982193649 ], [ 356611.525872290600091, 5723432.434244086034596 ], [ 356603.531039282097481, 5723432.761266154237092 ], [ 356553.738435830455273, 5723408.288652424700558 ], [ 356537.183022628421895, 5723400.968399978242815 ], [ 356481.025042776716873, 5723373.761414575390518 ], [ 356466.716968044464011, 5723366.344171256758273 ], [ 356387.963581908377819, 5723331.054946826770902 ], [ 356301.436836850596592, 5723289.076871617697179 ], [ 356277.968324072600808, 5723278.036633211188018 ], [ 356215.214235907420516, 5723248.59396443516016 ], [ 356213.671206462895498, 5723247.658521167002618 ], [ 356209.680402368074283, 5723247.816586023196578 ], [ 356207.639544032514095, 5723246.906438257545233 ], [ 356184.13490231015021, 5723234.85491244867444 ], [ 356183.047689804283436, 5723232.904902556911111 ], [ 356181.055741174321156, 5723232.983848134055734 ], [ 356136.428656155010685, 5723212.307807344943285 ], [ 355980.84566632338101, 5723139.648977709934115 ], [ 355950.235039374209009, 5723125.397144506685436 ], [ 355948.442843156284653, 5723124.468880374915898 ], [ 355899.759310605819337, 5723102.452572915703058 ], [ 355899.510231232212391, 5723102.459674936719239 ], [ 355897.511311512091197, 5723102.538928673602641 ], [ 355825.300456102122553, 5723067.995262167416513 ], [ 355819.95184539508773, 5723065.710603863932192 ], [ 355817.95291091199033, 5723065.789888818748295 ], [ 355565.969281525816768, 5722948.56288150511682 ], [ 355431.073877971677575, 5722886.057438998483121 ], [ 355430.305692222551443, 5722885.589735992252827 ], [ 355428.29976619721856, 5722885.669371752999723 ], [ 355412.992640812706668, 5722878.294684476219118 ], [ 355390.814376139838714, 5722868.200831712223589 ], [ 355381.361446381139103, 5722863.585669983178377 ], [ 355379.369349902844988, 5722863.664929047226906 ], [ 355315.018264330923557, 5722831.796888350509107 ], [ 355279.516938253422268, 5722814.238954806700349 ], [ 355278.250538738560863, 5722813.785539201460779 ], [ 355206.179222512291744, 5722782.729723753407598 ], [ 355188.623295300756581, 5722775.442367284558713 ], [ 355178.551500241446774, 5722767.851591599173844 ], [ 355174.17706963152159, 5722765.027740687131882 ], [ 355170.19279781752266, 5722765.186421583406627 ], [ 355169.183209812501445, 5722765.237608733586967 ], [ 355069.154909289325587, 5722717.311937404796481 ], [ 355054.998793567996472, 5722713.889478301629424 ], [ 355038.531565275567118, 5722702.56494829710573 ], [ 355036.532484906027094, 5722702.644539841450751 ], [ 355001.761129844700918, 5722690.565282130613923 ], [ 354994.910836375667714, 5722688.346798180602491 ], [ 354992.8404887735378, 5722686.425223633646965 ], [ 354981.473556993878447, 5722677.881490230560303 ], [ 354974.487439333926886, 5722678.170964578166604 ], [ 354828.862691995222121, 5722616.6120052523911 ], [ 354826.529099076928105, 5722620.718875586055219 ], [ 354710.246661982149817, 5722828.623425239697099 ], [ 354818.802976220962591, 5722986.775328003801405 ], [ 354792.473862482933328, 5723082.418171893805265 ], [ 354804.600410869927146, 5723182.977051149122417 ], [ 354812.359257108997554, 5723201.172754665836692 ], [ 354813.638588908361271, 5723293.184555458836257 ], [ 354816.02519623900298, 5723333.113878297619522 ], [ 354827.305639863945544, 5723418.706253780983388 ], [ 354806.289815851952881, 5723552.658650048077106 ], [ 354792.732022366079036, 5723563.721019485034049 ], [ 354777.011692963482346, 5723576.871070982888341 ], [ 354749.475588182453066, 5723613.019625827670097 ], [ 354793.733740026713349, 5723667.248336798511446 ], [ 354686.17905667721061, 5723746.708133759908378 ], [ 354665.551958803087473, 5723762.069704440422356 ], [ 354656.736085718031973, 5723768.499935418367386 ], [ 354666.29084371170029, 5723780.055331692099571 ], [ 354701.98662598291412, 5723808.609861634671688 ], [ 354717.334179861703888, 5723822.981365841813385 ], [ 354741.5570068070665, 5723852.50041273329407 ], [ 354760.417185662081465, 5723879.246763167902827 ], [ 354770.928312827367336, 5723891.331301550380886 ], [ 354784.291525106120389, 5723906.294224237091839 ], [ 354794.717027161095757, 5723916.366903494112194 ], [ 354658.429519313620403, 5724124.604744853451848 ], [ 354714.433714297483675, 5724568.091317736543715 ], [ 354714.83156426838832, 5724571.574415282346308 ], [ 354712.705152314272709, 5724574.662691212259233 ], [ 354687.474397634796333, 5724575.700043709948659 ], [ 354469.555387272383086, 5724581.161089488305151 ], [ 354305.482512013462838, 5724581.895277965813875 ], [ 354340.363987101241946, 5724846.141503270715475 ], [ 354342.682695778436027, 5724854.054239929653704 ], [ 354472.365680794871878, 5725075.369695675559342 ], [ 354522.487963871913962, 5725162.858689225278795 ], [ 354527.621900483383797, 5725172.159450640901923 ], [ 354503.851462983293459, 5725184.140262114815414 ], [ 354512.000189934973605, 5725199.820189289748669 ], [ 354523.365458034561016, 5725227.204364381730556 ], [ 354534.097349689807743, 5725247.261570809409022 ], [ 354536.982051077997312, 5725251.529977313242853 ], [ 354543.892311740783043, 5725259.544254233129323 ], [ 354546.639891351456754, 5725263.137737382203341 ], [ 354552.699956625234336, 5725327.912867086008191 ], [ 354559.160188019392081, 5725379.187960834242404 ], [ 354569.701938807789702, 5725373.909650845453143 ], [ 354671.689424436422996, 5725370.261462454684079 ], [ 354677.660419544263277, 5725371.625458482652903 ], [ 354675.646912214811891, 5725413.74037860520184 ], [ 354670.93928834865801, 5725469.744086408987641 ], [ 354675.232523862156086, 5725476.787697553634644 ], [ 354670.552973117562942, 5725539.534861536696553 ], [ 354671.775337510043755, 5725550.984948474913836 ], [ 354670.758377941208892, 5725570.000516385771334 ], [ 354671.444914169318508, 5725586.641071289777756 ], [ 354674.148474512796383, 5725602.422281302511692 ], [ 354665.171656002174132, 5725604.105159251019359 ], [ 354643.165242919581942, 5725617.91545978281647 ], [ 354616.577406056749169, 5725631.735340046696365 ], [ 354625.493827555561438, 5725659.691009832546115 ], [ 354628.022030667751096, 5725665.049246591515839 ], [ 354629.694082510715816, 5725665.190306600183249 ], [ 354639.834783917525783, 5725693.845275615341961 ], [ 354652.453600091976114, 5725726.123804180882871 ], [ 354657.194424936547875, 5725743.192993408069015 ], [ 354663.585828230076004, 5725756.052381009794772 ], [ 354668.343784104916267, 5725763.138249114155769 ], [ 354672.077164468239062, 5725765.646146199665964 ], [ 354679.381969014066271, 5725766.237212826497853 ], [ 354798.681827229098417, 5725723.018659728579223 ], [ 354800.141812548739836, 5725747.316070663742721 ], [ 354799.984047307632864, 5725803.444780439138412 ], [ 354799.719768573180772, 5725819.044283959083259 ], [ 354800.399933939159382, 5725853.046461508609354 ], [ 354801.884933855209965, 5725889.284709547646344 ], [ 354801.409781868918799, 5725913.916001013480127 ], [ 354801.962502748821862, 5725941.800828291103244 ], [ 354828.704805756104179, 5725933.39730491861701 ], [ 354871.512755336007103, 5725922.673570738174021 ], [ 354899.786418953852262, 5726003.915977793745697 ], [ 354900.347859212197363, 5726005.3911452004686 ], [ 354913.063295339990873, 5726046.893490556627512 ], [ 354915.949034553719684, 5726056.281447590328753 ], [ 354920.9527097416576, 5726074.589746525511146 ], [ 354925.252792876854073, 5726087.921292097307742 ], [ 354928.827670830243733, 5726101.785617157816887 ], [ 354931.400210007966962, 5726115.689872873947024 ], [ 354933.617665220168419, 5726127.111409570090473 ], [ 354933.943534049089067, 5726141.102476679719985 ], [ 354932.065345777198672, 5726156.180751013569534 ], [ 354927.16585346282227, 5726176.899270162917674 ], [ 354916.777382733649574, 5726216.361157587729394 ], [ 354906.225648108986206, 5726251.821284461766481 ], [ 354898.759176949621178, 5726283.141768226400018 ], [ 354893.852747758268379, 5726303.849406718276441 ], [ 354891.612501998548396, 5726322.454918806441128 ], [ 354890.296600254368968, 5726339.030622323043644 ], [ 354888.624984564026818, 5726353.101368774659932 ], [ 354887.771528869867325, 5726362.652432452887297 ], [ 354887.984156554332003, 5726374.142709073610604 ], [ 354890.307808891870081, 5726388.054103404283524 ], [ 354891.472956184181385, 5726398.014569781720638 ], [ 354894.273129980196245, 5726411.411458155140281 ], [ 354897.016315404616762, 5726423.307553499005735 ], [ 354902.133467235486023, 5726438.106895620934665 ], [ 354905.225381997646764, 5726446.487296538427472 ], [ 354910.442336447071284, 5726457.778102188371122 ], [ 354915.90818352100905, 5726469.061759481206536 ], [ 354923.975572188501246, 5726482.741325663402677 ], [ 354931.730125642963685, 5726494.927460731938481 ], [ 354939.96776997554116, 5726506.587785139679909 ], [ 354948.454609048203565, 5726518.252090494148433 ], [ 354956.955467908701394, 5726530.405687131918967 ], [ 354964.354831341246609, 5726540.109147795476019 ], [ 354972.009991685859859, 5726549.805269478820264 ], [ 354979.352346456318628, 5726558.007956130430102 ], [ 354989.274880512093659, 5726568.106390031054616 ], [ 354996.098395896551665, 5726575.834321276284754 ], [ 355007.726924168411642, 5726584.859906847588718 ], [ 355018.751807001128327, 5726591.421060447581112 ], [ 355030.238183376379311, 5726596.945105156861246 ], [ 355045.236478758277372, 5726602.835753699764609 ], [ 355067.46378354053013, 5726607.929051430895925 ], [ 355084.374414671037812, 5726611.739411221817136 ], [ 355099.25844138325192, 5726614.617506555281579 ], [ 355115.344431369390804, 5726616.459527809172869 ], [ 355126.639483889332041, 5726617.493115836754441 ], [ 355140.145334029104561, 5726617.439410027116537 ], [ 355155.157813185069244, 5726617.320252452045679 ], [ 355170.554838554759044, 5726614.686058728024364 ], [ 355181.978083519497886, 5726612.711234699934721 ], [ 355195.612153978727292, 5726609.649142227135599 ], [ 355209.872595490887761, 5726603.575394170358777 ], [ 355222.383802284486592, 5726597.551854536868632 ], [ 355232.940345274924766, 5726592.619407104328275 ], [ 355243.20929482288193, 5726611.199878851883113 ], [ 355247.537011055042967, 5726619.021956062875688 ], [ 355251.417180196498521, 5726628.370426269248128 ], [ 355253.101339286949951, 5726632.807160495780408 ], [ 355239.231118238181807, 5726648.384975889697671 ], [ 355225.865707225631922, 5726663.948356145061553 ], [ 355217.513206186587922, 5726667.793734607286751 ], [ 355204.952211273193825, 5726672.316294893622398 ], [ 355191.851419712824281, 5726676.353562496602535 ], [ 355180.513395892339759, 5726680.329164697788656 ], [ 355158.15747872350039, 5726684.242526169866323 ], [ 355156.913599708117545, 5726684.30047494918108 ], [ 355133.28564740793081, 5726687.771895240992308 ], [ 355110.65992988506332, 5726691.203531813807786 ], [ 355101.170552301686257, 5726691.598327972926199 ], [ 355090.506206186604686, 5726712.048145210370421 ], [ 355084.91825186542701, 5726722.2804069314152 ], [ 355083.531877336499747, 5726724.84651564899832 ], [ 355061.777509932057001, 5726761.752007450908422 ], [ 355051.967018691357225, 5726778.671733986586332 ], [ 355049.862719881930389, 5726782.26008945889771 ], [ 355049.130712209094781, 5726782.793048717081547 ], [ 355014.242462338414043, 5726804.239195585250854 ], [ 354992.924694236018695, 5726815.123721580021083 ], [ 354937.942525034537539, 5726840.898212444968522 ], [ 354909.928981372970156, 5726853.055057604797184 ], [ 354892.48584244097583, 5726854.769541436806321 ], [ 354867.266495676129125, 5726855.806201555766165 ], [ 354860.392724298406392, 5726865.096348303370178 ], [ 354859.375978807220235, 5726870.645636823959649 ], [ 354858.252603141998406, 5726886.203088980168104 ], [ 354861.017186831333674, 5726892.589627146720886 ], [ 354866.489663994929288, 5726903.873032483272254 ], [ 354866.781159674341325, 5726904.866273825056851 ], [ 354871.514409375493415, 5726916.671749749220908 ], [ 354873.198830747976899, 5726921.108363239094615 ], [ 354876.794936787104234, 5726929.463117168284953 ], [ 354880.042670759721659, 5726941.344697034917772 ], [ 354880.326928800437599, 5726942.32701794616878 ], [ 354883.048973797238432, 5726953.734030888415873 ], [ 354873.466754122346174, 5726970.135651526972651 ], [ 354866.00965630391147, 5726983.437932908535004 ], [ 354865.405508390336763, 5726986.972113084979355 ], [ 354867.068614812393207, 5726990.908525760285556 ], [ 354871.773529940168373, 5726995.71458475664258 ], [ 354925.264052177488338, 5727049.555468467064202 ], [ 354945.924657345283777, 5727071.219946773722768 ], [ 355063.468843206181191, 5727100.90790558885783 ], [ 355090.455937503138557, 5727106.298564628697932 ], [ 355092.140112851629965, 5727110.735247762873769 ], [ 355092.431554763112217, 5727111.728501409292221 ], [ 355093.881210921448655, 5727116.672728464007378 ], [ 355094.982498572557233, 5727119.122905062511563 ], [ 355101.591480656410567, 5727133.868449294008315 ], [ 355115.497638464788906, 5727167.813710492104292 ], [ 355124.764232868212275, 5727186.444958587177098 ], [ 355131.585972962144297, 5727200.171678829006851 ], [ 355138.343851892277598, 5727212.397808831185102 ], [ 355145.059469352301676, 5727223.634668044745922 ], [ 355157.140190955833532, 5727243.654244682751596 ], [ 355173.193256629689131, 5727269.013124435208738 ], [ 355182.822150596126448, 5727284.128396197222173 ], [ 355221.849800011026673, 5727272.013145828619599 ], [ 355285.910821914905682, 5727254.372592552565038 ], [ 355346.296925201080739, 5727238.374012134037912 ], [ 355417.06793691101484, 5727219.452203720808029 ], [ 355477.633364548441023, 5727201.958797495812178 ], [ 355543.429818919976242, 5727183.737704145722091 ], [ 355551.340693869569805, 5727181.407896784134209 ], [ 355586.951371592178475, 5727171.452216127887368 ], [ 355632.206923717167228, 5727158.5833191704005 ], [ 355675.024363258504309, 5727147.309236395172775 ], [ 355670.407539347652346, 5727169.020508460700512 ], [ 355668.322784342803061, 5727179.107410444878042 ], [ 355668.088215376716107, 5727179.614926129579544 ], [ 355670.02732907643076, 5727184.033358315005898 ], [ 355672.457282582297921, 5727188.437755222432315 ], [ 355674.887232090346515, 5727192.842153251171112 ], [ 355680.507260026992299, 5727201.618087962269783 ], [ 355708.288153660658281, 5727244.505355222150683 ], [ 355727.002810629433952, 5727273.762847152538598 ], [ 355665.719857746793423, 5727292.286532736383379 ], [ 355668.803780769463629, 5727294.15705547388643 ], [ 355671.979989726445638, 5727298.528980671428144 ], [ 355680.752333405660465, 5727323.184975233860314 ], [ 355689.66064577997895, 5727348.727419488132 ], [ 355696.456951081985608, 5727370.57976898830384 ], [ 355715.625454637920484, 5727435.325942956842482 ], [ 355738.112495180102997, 5727501.457476681098342 ], [ 355759.739124116837047, 5727565.098515128716826 ], [ 355784.944228500826284, 5727642.615463809110224 ], [ 355794.744611623347737, 5727674.23128939140588 ], [ 355794.203257189132273, 5727679.254836427979171 ], [ 355793.790715671377257, 5727681.280985257588327 ], [ 355793.143302728596609, 5727683.803524573333561 ], [ 355791.579048955347389, 5727688.377753280103207 ], [ 355791.344495358061977, 5727688.885263795033097 ], [ 355788.583018054952845, 5727693.204350896179676 ], [ 355781.564198271196801, 5727694.284130465239286 ], [ 355776.989973759453278, 5727694.481632203795016 ], [ 355805.139685870555695, 5727811.400412333197892 ], [ 355825.409194782027043, 5727896.615182107314467 ], [ 355825.809537833614741, 5727918.617028476670384 ], [ 355824.468900202424265, 5727971.206768888048828 ], [ 355821.852111014828552, 5728042.56319665722549 ], [ 355821.216385862557217, 5728069.70289465598762 ], [ 355820.921666836482473, 5728098.123821962624788 ], [ 355820.896470140549354, 5728121.451065718196332 ], [ 355820.358286098460667, 5728144.982163270004094 ], [ 355818.625936972908676, 5728169.571260337717831 ], [ 355819.579232445743401, 5728199.058308496139944 ], [ 355822.154048091848381, 5728222.834325725212693 ], [ 355832.60267816396663, 5728249.334557503461838 ], [ 355865.626166480593383, 5728328.498078220523894 ], [ 355870.932851521472912, 5728328.535674494691193 ], [ 355874.989852349157445, 5728329.86655907984823 ], [ 355879.475529866467696, 5728331.674880467355251 ], [ 355885.980666966876015, 5728335.406495190225542 ], [ 355895.672072705347091, 5728340.015339180827141 ], [ 355904.368494302965701, 5728344.663747020065784 ], [ 355911.068057882250287, 5728349.391455218195915 ], [ 355918.242421436822042, 5728359.603369046002626 ], [ 355924.813428808585741, 5728367.339611891657114 ], [ 355928.7617387889768, 5728378.188988613896072 ], [ 355931.54383140290156, 5728391.074900451116264 ], [ 355931.228769240784459, 5728401.600860005244613 ], [ 355930.80606955854455, 5728415.624418840743601 ], [ 355927.332765551109333, 5728440.786250964738429 ], [ 355925.872740985476412, 5728453.848948039114475 ], [ 355923.196246111532673, 5728473.968824736773968 ], [ 355918.285879928385839, 5728506.694956888444722 ], [ 355912.751069732708856, 5728536.445214324630797 ], [ 355906.332752946706023, 5728574.734453469514847 ], [ 355903.688031961675733, 5728590.39068766310811 ], [ 355899.288919247104786, 5728616.54723169002682 ], [ 355892.665245610522106, 5728656.355922556482255 ], [ 355891.44149161723908, 5728662.912515199743211 ], [ 355885.883996836724691, 5728698.150106055662036 ], [ 355879.494771206169389, 5728737.440194878727198 ], [ 355867.599337976891547, 5728806.96950862929225 ], [ 355866.404262415831909, 5728814.526909759268165 ], [ 355862.626187916030176, 5728838.195114573463798 ], [ 355858.257942905882373, 5728865.897785649634898 ], [ 355854.131162722012959, 5728893.092755595222116 ], [ 355855.641811400768347, 5728905.536415128037333 ], [ 355857.755771292839199, 5728920.455749217420816 ], [ 355863.6373478131718, 5728960.241080885753036 ], [ 355864.595176342641935, 5728965.199539454653859 ], [ 355871.961698331637308, 5729004.430510418489575 ], [ 355875.467351436556783, 5729022.79348767362535 ], [ 355886.401426199474372, 5729087.886684889905155 ], [ 355886.422633670445066, 5729088.38688755966723 ], [ 355889.196462917665485, 5729107.282718577422202 ], [ 355892.072371605725493, 5729146.697657929733396 ], [ 355899.544614779239055, 5729218.934492285363376 ], [ 355905.449535678722896, 5729277.226857949048281 ], [ 355908.490480530832428, 5729308.624154501594603 ], [ 355911.921386379108299, 5729343.504844270646572 ], [ 355918.826260855188593, 5729407.756104639731348 ], [ 355924.821889295068104, 5729474.559649729169905 ], [ 355930.236618121503852, 5729533.377985204569995 ], [ 355935.679386360163335, 5729592.696334732696414 ], [ 355935.785089837154374, 5729595.186230228282511 ], [ 355939.881052333861589, 5729640.041859795339406 ], [ 355942.156118392711505, 5729664.972798019647598 ], [ 355946.187183070462197, 5729714.337566780857742 ], [ 355947.451835265848786, 5729714.791122375056148 ], [ 355993.567396290251054, 5729722.900401865132153 ], [ 356088.582309374702163, 5729739.997863030992448 ], [ 356177.736862044897862, 5729754.348396675661206 ], [ 356261.441975452064071, 5729770.413869133219123 ], [ 356368.281892635102849, 5729789.038028294220567 ], [ 356371.549346684245393, 5729789.401257639750838 ], [ 356412.542625583242625, 5729794.722124433144927 ], [ 356441.260876398999244, 5729799.546935114078224 ], [ 356491.664838184369728, 5729808.484581021592021 ], [ 356494.42817771009868, 5729808.873363715596497 ], [ 356587.698450218827929, 5729826.040839615277946 ], [ 356593.25282332370989, 5729827.3073994750157 ], [ 356609.3559645608766, 5729829.654006712138653 ], [ 356620.429638497007545, 5729831.197693603113294 ], [ 356641.838354399660602, 5729834.818071777001023 ], [ 356643.872481988801155, 5729847.747809989377856 ], [ 356694.793822417035699, 5729857.162413718178868 ], [ 356768.89024475205224, 5729869.346961816772819 ], [ 356775.1429769101087, 5729870.371301967650652 ], [ 356800.343946191831492, 5729874.830599351786077 ], [ 356830.070143705932423, 5729880.118636874482036 ], [ 356836.356096113391686, 5729880.852754507213831 ], [ 356869.654340465785936, 5729887.497511847876012 ], [ 356914.011767800431699, 5729895.67608704417944 ], [ 356918.308683053823188, 5729896.50013046618551 ], [ 356954.887893789331429, 5729903.998312152922153 ], [ 356967.495614013867453, 5729906.489712361246347 ], [ 356975.819931811711285, 5729908.1455361796543 ], [ 356994.741521514137276, 5729911.871312225237489 ], [ 357042.891275686852168, 5729920.900548743084073 ], [ 357057.245743413106538, 5729923.298134689219296 ], [ 357103.108434321009554, 5729931.424545150250196 ], [ 357119.238617833936587, 5729934.261660674586892 ], [ 357136.654344599810429, 5729938.052884700708091 ], [ 357175.186903250694741, 5729944.47342933062464 ], [ 357219.010491459397599, 5729951.668151694349945 ], [ 357275.718058063532226, 5729961.848388529382646 ], [ 357318.427485125896055, 5729966.092935772612691 ], [ 357390.718294671154581, 5729978.137235117144883 ], [ 357424.946162327658385, 5729983.234636147506535 ], [ 357451.665619774255902, 5729988.132742841728032 ], [ 357454.341068516194355, 5730047.062748393043876 ], [ 357454.605107899114955, 5730126.604952400550246 ], [ 357456.749533225200139, 5730209.065436862409115 ], [ 357457.294352287019137, 5730240.56720208376646 ], [ 357458.162279157200828, 5730292.058547344990075 ], [ 357458.321929549681954, 5730381.107854334637523 ], [ 357461.78806831582915, 5730477.542349002324045 ], [ 357461.786353252246045, 5730562.589822855778039 ], [ 357462.116025762283243, 5730570.582217086106539 ], [ 357464.252024370012805, 5730628.52591588255018 ], [ 357465.660626911907457, 5730748.044418930076063 ], [ 357465.801836911472492, 5730763.554186901077628 ], [ 357466.835569825023413, 5730880.078497005626559 ], [ 357468.740768966963515, 5730987.07405957672745 ], [ 357470.317937700892799, 5731110.583161583170295 ], [ 357470.967274987138808, 5731175.112770246341825 ], [ 357478.540379027079325, 5731182.800202761776745 ], [ 357480.59199049056042, 5731281.278015587478876 ], [ 357505.803349314839579, 5731292.250640992075205 ], [ 357589.033217388438061, 5731326.846551047638059 ], [ 357686.055887988011818, 5731368.388301515951753 ], [ 357688.590627137338743, 5731369.28495230525732 ], [ 357736.406352937920019, 5731388.334478777833283 ], [ 357732.944072244165, 5731395.476821054704487 ], [ 357721.612223001138773, 5731417.954403634183109 ], [ 357677.448851503781043, 5731511.838594623841345 ], [ 357626.926491997670382, 5731615.473792139440775 ], [ 357605.833535750745796, 5731662.36614550743252 ], [ 357563.300803212332539, 5731748.726836983114481 ], [ 357538.349296518368647, 5731775.963547937572002 ], [ 357528.510614292114042, 5731783.464375199750066 ], [ 357504.504288614320103, 5731791.554981022141874 ], [ 357493.325073053536471, 5731791.003022320568562 ], [ 357346.438812204520218, 5731841.188137140125036 ], [ 357339.462730495957658, 5731843.578020767308772 ], [ 357310.346343990415335, 5731853.539229307323694 ], [ 357305.1977344659972, 5731855.28758308198303 ], [ 356906.166395542793907, 5731991.647696106694639 ], [ 357039.823112889484037, 5732084.543202207423747 ], [ 356858.680599994258955, 5732193.419187600724399 ], [ 356848.886602169484831, 5732201.944031528197229 ], [ 356760.252385989064351, 5732345.568058083765209 ], [ 356671.666826131986454, 5732485.130416341125965 ], [ 356581.661568826762959, 5732624.657098367810249 ], [ 356556.30188846483361, 5732673.389897990971804 ], [ 356548.752690966241062, 5732687.883450691588223 ], [ 356473.057834819715936, 5732869.518136468715966 ], [ 356426.380217403639108, 5732893.762977262958884 ], [ 356439.191313832183369, 5732909.457185631617904 ], [ 356426.963815085531678, 5732907.935949304141104 ], [ 356468.583449375641067, 5732957.954994711093605 ], [ 356505.688074378587771, 5732997.007245449349284 ], [ 356556.624184628832154, 5733051.714035930112004 ], [ 356570.335190370620694, 5733064.333549709059298 ], [ 356623.759579785401002, 5733105.748761703260243 ], [ 356663.569061835238244, 5733136.478444572538137 ], [ 356715.353031486971304, 5733187.089339974336326 ], [ 356753.681011090811808, 5733329.553222998976707 ], [ 356750.133595861843787, 5733341.862701877951622 ], [ 356740.809448392828926, 5733337.175435696728528 ], [ 356624.670928178355098, 5733546.85766969807446 ], [ 356580.332095195073634, 5733627.793203512206674 ], [ 356580.453060758882202, 5733630.82800333108753 ], [ 356577.459002413321286, 5733631.970524066127837 ], [ 356568.633212673244998, 5733639.433507684618235 ], [ 356531.893971620011143, 5733707.888868517242372 ], [ 356504.916794377844781, 5733758.549189483746886 ], [ 356472.437540714046918, 5733819.549618870019913 ], [ 356411.980208129738458, 5733933.087184748612344 ], [ 356395.367481622612104, 5733964.277243920601904 ], [ 356354.703344474022742, 5734035.939971968531609 ], [ 356280.780148715944961, 5734169.395162758417428 ], [ 356207.46508343424648, 5734301.743627360090613 ], [ 356200.598624578793533, 5734314.126125679351389 ], [ 356145.670670157298446, 5734384.250593577511609 ], [ 356157.8856229558005, 5734410.12194786965847 ], [ 355875.677363246912137, 5734725.023175174370408 ], [ 355886.343007602263242, 5734737.772427525371313 ], [ 355889.714593917946331, 5734745.744589012116194 ], [ 355755.317169228103012, 5734860.117296459153295 ], [ 355809.199052998214029, 5734881.9340696092695 ], [ 355759.951382587838452, 5734991.487268358469009 ], [ 355757.129296955652535, 5734996.910143961198628 ], [ 355753.303356273565441, 5734996.229587864130735 ], [ 355741.990233294665813, 5734994.149829799309373 ], [ 355733.819593246560544, 5734993.972175708971918 ], [ 355723.778599133831449, 5734997.954814256168902 ], [ 355716.513677013572305, 5735007.444779647514224 ], [ 355701.119554755510762, 5735030.010867822915316 ], [ 355650.379489770508371, 5735098.941932046785951 ], [ 355635.777461961028166, 5735115.865279065445065 ], [ 355632.015439069247805, 5735123.67458516638726 ], [ 355631.878502858628053, 5735132.871253307908773 ], [ 355635.631113386189099, 5735149.546514810062945 ], [ 355646.918793522403575, 5735200.617603581398726 ], [ 355651.541101111681201, 5735208.598268685862422 ], [ 355652.21986909856787, 5735212.997108712792397 ], [ 355660.679925566655584, 5735268.333889428526163 ], [ 355663.410423961526249, 5735314.898189142346382 ], [ 355668.805929351248778, 5735406.949140334501863 ], [ 355674.322784569580108, 5735501.066660843789577 ], [ 355684.868144389358349, 5735584.823386778123677 ], [ 355718.726805954589508, 5735840.670851574279368 ], [ 355723.098857415141538, 5735872.953846512362361 ], [ 355731.355702962609939, 5735901.007672022096813 ], [ 355761.441164753399789, 5735977.115135072730482 ], [ 355765.520778323814739, 5735986.190962953492999 ], [ 355767.203255452099256, 5735990.672342905774713 ], [ 355938.447608933784068, 5736447.229593402706087 ], [ 355974.369192761078011, 5736408.217330239713192 ], [ 355975.433134112448897, 5736409.678194677457213 ], [ 356101.449844824965112, 5736582.03698555752635 ], [ 356107.774134796578437, 5736593.330345974303782 ], [ 356112.522630979539827, 5736610.378056293353438 ], [ 356124.859875176218338, 5736663.623544836416841 ], [ 356140.81416722945869, 5736730.588116771541536 ], [ 356154.296372226323001, 5736787.184204690158367 ], [ 356154.838377047795802, 5736800.345690296031535 ], [ 356149.339471785817295, 5736814.770542747341096 ], [ 356139.756025969807524, 5736828.355073614045978 ], [ 356127.052100226050243, 5736840.036724048666656 ], [ 356078.479925384279341, 5736867.40143951959908 ], [ 356059.699259552289732, 5736879.323872136883438 ], [ 356051.087409211439081, 5736891.856906298547983 ], [ 356046.474314802093431, 5736903.196013164706528 ], [ 356046.045710001257248, 5736917.420290033333004 ], [ 356050.85042809357401, 5736935.467968956567347 ], [ 356103.612334665725939, 5737131.88069558236748 ], [ 356115.529114211793058, 5737176.245937372557819 ], [ 356117.220706904015969, 5737192.65767237637192 ], [ 356113.7467831709655, 5737305.384732397273183 ], [ 356114.806797636556439, 5737343.894908298738301 ], [ 356115.779353351914324, 5737379.347051648423076 ], [ 356129.71699571510544, 5737594.821972601115704 ], [ 356132.900471105473116, 5737618.013262675143778 ], [ 356138.425472233735491, 5737658.37675760127604 ], [ 356153.89210695726797, 5737750.863469442352653 ], [ 356162.645248754299246, 5737803.198750277049839 ], [ 356162.638350036810152, 5737803.198947553522885 ], [ 356185.995613714039791, 5737985.261826722882688 ], [ 356198.337498200125992, 5738021.390551839023829 ], [ 356208.110813387436792, 5738044.716219868510962 ], [ 356212.96759402519092, 5738096.751182768493891 ], [ 356215.267464855511207, 5738119.722932046279311 ], [ 356220.13903193268925, 5738139.193360412493348 ], [ 356252.50859131879406, 5738422.898055312223732 ], [ 356255.44486839894671, 5738452.684977008961141 ], [ 356251.379947605310008, 5738459.48983655218035 ], [ 356263.24227780662477, 5738450.147224414162338 ], [ 356274.677177138684783, 5738458.456684014759958 ], [ 356287.988859998062253, 5738452.72309638839215 ], [ 356327.190576568071265, 5738389.791274451650679 ], [ 356753.58714060834609, 5738357.828885917551816 ], [ 356783.82743718958227, 5738259.98800415545702 ], [ 356795.971175059850793, 5738264.116129133850336 ], [ 356804.653920592041686, 5738265.983441639691591 ], [ 356808.921471466426738, 5738253.898077010177076 ], [ 356808.836889011901803, 5738251.897234759293497 ], [ 356837.007947217789479, 5738163.274985552765429 ], [ 356847.110287602699827, 5738130.846404267475009 ], [ 356917.116031698242296, 5738127.96397450286895 ], [ 356981.734238467994146, 5738123.77780175767839 ], [ 356996.181029777333606, 5738123.18894227873534 ], [ 357049.450797601602972, 5738120.99570295214653 ], [ 357155.947907531284727, 5738115.844215483404696 ], [ 357146.638090999564156, 5738093.36069224588573 ], [ 357144.957889774814248, 5738089.624510892666876 ], [ 357180.12935473350808, 5738073.69034825079143 ], [ 357299.629972695605829, 5738014.853123606182635 ], [ 357448.601419083832297, 5737944.388293522410095 ], [ 357568.254705792583991, 5737887.322936207056046 ], [ 357619.109498358797282, 5737863.880917216651142 ], [ 357625.893470151349902, 5737862.075169577263296 ], [ 357635.910281823249534, 5737883.014796118251979 ], [ 357645.317183848994318, 5737889.481642599217594 ], [ 357720.326424979313742, 5737875.684873918071389 ], [ 357863.421905452210922, 5737852.274575230665505 ], [ 357941.484305581019726, 5737841.433105790056288 ], [ 357946.404472805385012, 5737831.322522778064013 ], [ 358059.876963567687199, 5737810.63540855422616 ], [ 358278.530234830803238, 5737771.149685816839337 ], [ 358367.760345590591896, 5737753.75691004935652 ], [ 358368.960174895764794, 5737744.38589364849031 ], [ 358382.16604706668295, 5737741.621336039155722 ], [ 358389.271895794197917, 5737731.616630917415023 ], [ 358438.795786674949341, 5737721.308303913101554 ], [ 358494.00604120711796, 5737710.651308269239962 ], [ 358535.473389985971153, 5737705.511872275732458 ], [ 358536.328527715872042, 5737705.476693710312247 ], [ 358653.749374017177615, 5737687.307468025013804 ], [ 358709.158980832668021, 5737678.316611460410058 ], [ 358754.023831474478357, 5737672.694052034057677 ], [ 358790.132138905581087, 5737668.230283997952938 ], [ 358864.834091760276351, 5737659.044607101008296 ], [ 358912.78042463719612, 5737655.952320767566562 ], [ 358941.869454138737638, 5737653.044266394339502 ], [ 358974.793923870485742, 5737650.262557713314891 ], [ 358979.154083504632581, 5737649.650645269080997 ], [ 358979.169107923167758, 5737653.634384047240019 ], [ 358981.88840073661413, 5737658.03198242560029 ], [ 358986.630464382469654, 5737672.767304172739387 ], [ 358986.368988775531761, 5737676.246863062493503 ], [ 358987.639147855748888, 5737682.888618716970086 ], [ 358995.538396796386223, 5737698.926558052189648 ], [ 358999.450289968226571, 5737712.127109820023179 ], [ 359003.471492474665865, 5737716.666286622174084 ], [ 359006.494301536935382, 5737722.780373730696738 ], [ 359013.212153772357851, 5737727.95622247364372 ], [ 359014.643432226264849, 5737738.377305803820491 ], [ 359015.926617118937429, 5737740.06632502283901 ], [ 359018.780168924131431, 5737749.256748951971531 ], [ 359019.410616774053778, 5737764.852976801805198 ], [ 359015.904974359436892, 5737769.592001235112548 ], [ 359008.462993088236544, 5737774.541524266824126 ], [ 359002.592075075895991, 5737786.769861136563122 ], [ 358999.904139878926799, 5737790.384211688302457 ], [ 358998.966991483990569, 5737793.404166772961617 ], [ 359001.027669768489432, 5737797.953782268799841 ], [ 358996.485102399543393, 5737800.674164668656886 ], [ 358987.544800668139942, 5737800.691087973304093 ], [ 358984.065881602582522, 5737803.426178777590394 ], [ 358979.425698225211818, 5737804.880614598281682 ], [ 358968.308115922904108, 5737809.732932360842824 ], [ 358962.077633777400479, 5737816.273386120796204 ], [ 358955.985425653518178, 5737828.97540617082268 ], [ 358955.133748166554142, 5737833.072482041083276 ], [ 358959.470294261758681, 5737839.995502447709441 ], [ 358961.793064361787401, 5737846.997250443324447 ], [ 358959.011968988983426, 5737853.19615335110575 ], [ 358952.11477490584366, 5737860.578860156238079 ], [ 358952.115710414480418, 5737860.612220759503543 ], [ 358950.03858596883947, 5737862.862870859913528 ], [ 358948.699078090023249, 5737868.520552169531584 ], [ 358949.535478200472426, 5737877.912185243330896 ], [ 358951.57400171563495, 5737883.886908015236259 ], [ 358953.279361040855292, 5737888.813724298030138 ], [ 358953.240617055504117, 5737887.924495102837682 ], [ 358957.968916860059835, 5737901.925665494054556 ], [ 358967.500763239106163, 5737911.685566226020455 ], [ 358977.961688505485654, 5737919.371708446182311 ], [ 358989.309221433941275, 5737923.961426203139126 ], [ 358998.461166259367019, 5737924.606299503706396 ], [ 359006.648093407857232, 5737926.290974318981171 ], [ 359019.939411269966513, 5737928.800804139114916 ], [ 359026.134368051076308, 5737931.5874645691365 ], [ 359032.336216216383036, 5737934.373939177021384 ], [ 359041.70550367468968, 5737940.065336310304701 ], [ 359049.970111799018923, 5737943.784498274326324 ], [ 359100.338454213109799, 5737959.968089437112212 ], [ 359107.427549861138687, 5737959.680470784194767 ], [ 359109.328324602451175, 5737956.555640860460699 ], [ 359116.241647821501829, 5737952.210898824967444 ], [ 359123.415035086043645, 5737953.946407436393201 ], [ 359132.651174599828664, 5737956.614628210663795 ], [ 359138.944101186585613, 5737961.42414428666234 ], [ 359145.181082816328853, 5737965.222501990385354 ], [ 359145.511584426858462, 5737973.326235008426011 ], [ 359147.150790368730668, 5737988.471316587179899 ], [ 359148.417667652480304, 5737994.512233106419444 ], [ 359151.585013944655657, 5737997.417215785942972 ], [ 359169.930386700783856, 5737999.707996566779912 ], [ 359178.201383075444028, 5738003.416052791289985 ], [ 359182.502254159422591, 5738009.327513439580798 ], [ 359188.823710463708267, 5738015.160149456001818 ], [ 359189.963839393400121, 5738018.155297299847007 ], [ 359187.133241360657848, 5738023.331592531874776 ], [ 359184.176886268425733, 5738025.495471763424575 ], [ 359185.815970012103207, 5738040.640564734116197 ], [ 359182.063118036370724, 5738047.890407120808959 ], [ 359182.393564597528894, 5738055.994142371229827 ], [ 359188.672838520724326, 5738060.815224840305746 ], [ 359198.886633007321507, 5738062.410066774114966 ], [ 359208.967461527325213, 5738060.981584003195167 ], [ 359218.083888804307207, 5738060.61510619148612 ], [ 359228.164724650501739, 5738059.186662045307457 ], [ 359245.629337730817497, 5738064.551683003082871 ], [ 359253.612263923918363, 5738061.17879643291235 ], [ 359260.736119714798406, 5738061.892017358914018 ], [ 359263.94609373935964, 5738065.830862750299275 ], [ 359269.388916548574343, 5738085.666100239381194 ], [ 359278.526558713521808, 5738095.682416239753366 ], [ 359281.731236368941609, 5738103.627830000594258 ], [ 359283.581605921499431, 5738106.102323040366173 ], [ 359282.773526441073045, 5738114.972421350888908 ], [ 359294.850276564829983, 5738120.978024017065763 ], [ 359296.177639906760305, 5738139.05876499786973 ], [ 359304.310725354589522, 5738146.732766970992088 ], [ 359321.26866454287665, 5738141.895864591933787 ], [ 359341.047780368244275, 5738158.447790453210473 ], [ 359347.288218636298552, 5738170.036523533985019 ], [ 359354.27040402952116, 5738192.844720891676843 ], [ 359404.344051073538139, 5738360.359214512631297 ], [ 359414.364634409255814, 5738393.343390104360878 ], [ 359457.867199018131942, 5738538.528223955072463 ], [ 359451.954288759734482, 5738542.83343505486846 ], [ 359470.048419627419207, 5738563.383645448833704 ], [ 359554.984242552425712, 5738729.279751827009022 ], [ 359593.783124717185274, 5738795.726397275924683 ], [ 359602.996669507527258, 5738811.494748857803643 ], [ 359657.418125165160745, 5738901.555189509876072 ], [ 359697.134671072009951, 5738966.596934332512319 ], [ 359700.924344146624207, 5738972.790141277015209 ], [ 359724.700441486318596, 5739012.279799373820424 ], [ 359756.727325043873861, 5739065.483906708657742 ], [ 359800.360462188255042, 5739140.377474657259881 ], [ 359832.14747020707, 5739197.906697322614491 ], [ 359839.633326340815984, 5739210.429444335401058 ], [ 359846.742696303408593, 5739222.818020796403289 ], [ 359848.505154621787369, 5739225.629012452438474 ], [ 359866.079263894527685, 5739258.36998063325882 ], [ 359869.54004604939837, 5739268.378543335013092 ], [ 359888.337658640113659, 5739306.149117104709148 ], [ 359948.464320276922081, 5739460.890149987302721 ], [ 359993.62818146252539, 5739589.472728844732046 ], [ 360016.254956293851137, 5739646.356627357192338 ], [ 360057.990209556533955, 5739756.505580911412835 ], [ 360066.880544906714931, 5739775.39974610041827 ], [ 360117.616943609318696, 5739899.087216905318201 ], [ 360160.432252092869021, 5740002.807718981988728 ], [ 360212.814289987785742, 5740141.652237377129495 ], [ 360234.597835814289283, 5740202.622438545338809 ], [ 360248.638087485684082, 5740237.521646102890372 ], [ 360272.566139373695478, 5740296.974472257308662 ], [ 360312.733369059453253, 5740407.179896018467844 ], [ 360313.733648525900207, 5740409.900922173634171 ], [ 360384.644650029600598, 5740506.376330708153546 ], [ 360415.845181732438505, 5740541.322284305468202 ], [ 360433.556932481587864, 5740561.162776147946715 ], [ 360475.264073386322707, 5740613.200549830682576 ], [ 360495.586931639467366, 5740618.000446680001915 ], [ 360533.662643266899977, 5740626.992946047335863 ], [ 360553.304451079457067, 5740631.622781855985522 ], [ 360563.604933409951627, 5740634.063531608320773 ], [ 360575.259440479218028, 5740636.81172904651612 ], [ 360577.690488106920384, 5740637.389753989875317 ], [ 360741.378583906101994, 5740671.212102489545941 ], [ 360758.79359719355125, 5740674.680262992158532 ], [ 360759.931717619532719, 5740674.915819379501045 ], [ 360771.990441054338589, 5740677.319398840889335 ], [ 360884.791947177785914, 5740699.791675696149468 ], [ 360995.193603603576776, 5740720.607856216840446 ], [ 360995.862413445429411, 5740736.804016400128603 ], [ 361057.956118423258886, 5740742.365010060369968 ], [ 361123.311798934708349, 5740752.866824869066477 ], [ 361176.377073027309962, 5740760.815513860434294 ], [ 361249.955387117923237, 5740774.018666830845177 ], [ 361301.126171718351543, 5740785.092503436841071 ], [ 361337.994828261376824, 5740793.71252201218158 ], [ 361374.488304797792807, 5740793.239826848730445 ], [ 361405.964146565413103, 5740793.963016071356833 ], [ 361422.048763114435133, 5740790.258690849877894 ], [ 361430.146726412582211, 5740789.924088613130152 ], [ 361460.619206920731813, 5740792.044125680811703 ], [ 361485.070309827744495, 5740793.740497602149844 ], [ 361545.824377171520609, 5740793.813395873643458 ], [ 361552.958790202683304, 5740793.817144888453186 ], [ 361557.091650716087315, 5740793.814567783847451 ], [ 361552.652007865428459, 5740809.227781512774527 ], [ 361557.758963282336481, 5740810.021893751807511 ], [ 361641.688205133890733, 5740806.564031978137791 ], [ 361729.05879390030168, 5740810.068494023755193 ], [ 361736.943634417722933, 5740627.451715053059161 ], [ 361740.031599261448719, 5740556.109540232457221 ], [ 361832.172632401343435, 5740555.289212945848703 ], [ 361929.505408711498603, 5740554.327931065112352 ], [ 361998.483296888647601, 5740554.525473369285464 ], [ 362068.356570014730096, 5740551.650124081410468 ], [ 362081.517047647095751, 5740551.478116540238261 ], [ 362212.30820227204822, 5740549.782243881374598 ], [ 362331.516551255015656, 5740548.930111602880061 ], [ 362399.481021083658561, 5740549.172042825259268 ], [ 362407.565185407409444, 5740549.329072212800384 ], [ 362426.791864802769851, 5740549.704117763787508 ], [ 362466.480895765824243, 5740550.476254608482122 ], [ 362505.035704397130758, 5740550.901361944153905 ], [ 362517.110918575024698, 5740548.389785254374146 ], [ 362562.882430474390276, 5740551.567000872455537 ], [ 362671.725507391849533, 5740559.263855543918908 ], [ 362763.357986048562452, 5740567.655590565875173 ], [ 362861.110539974062704, 5740576.816767921671271 ], [ 362949.827027435472701, 5740588.374070035293698 ], [ 363020.992706233868375, 5740595.481312995776534 ], [ 363064.919421625440009, 5740599.870720627717674 ], [ 363147.966902677086182, 5740611.819655803963542 ], [ 363245.761399049952161, 5740625.894796491600573 ], [ 363342.507641968608368, 5740638.998748848214746 ], [ 363385.444364835042506, 5740644.820046436972916 ], [ 363446.697972849942744, 5740653.115264909341931 ], [ 363490.530913708731532, 5740658.412310387007892 ], [ 363490.069651109399274, 5740647.27402959484607 ], [ 363525.342693298007362, 5740395.289316713809967 ], [ 363550.787696401413996, 5740200.516654491424561 ], [ 363571.877146940154489, 5740041.451544895768166 ], [ 363573.227692706976086, 5740031.210021647624671 ], [ 363633.933074699132703, 5740002.765177928842604 ], [ 363742.342586788348854, 5739950.625971954315901 ], [ 363732.268696406157687, 5739656.905998067930341 ], [ 363724.833266689616721, 5739500.996826248243451 ], [ 363724.061155721312389, 5739482.18832082208246 ], [ 363844.781188866763841, 5739483.301914678886533 ], [ 363837.323059576097876, 5739305.525890327058733 ], [ 363843.37357157986844, 5739291.941059597767889 ], [ 363907.324068650603294, 5739292.223773171193898 ], [ 363921.577097019704524, 5739269.325039587914944 ], [ 363994.72684019053122, 5739231.31162507366389 ], [ 364079.412363282870501, 5739188.013017457909882 ], [ 364199.462275186437182, 5739125.242814977653325 ], [ 364135.572533013357315, 5739000.082207484170794 ], [ 364088.15092161949724, 5738907.706718699075282 ], [ 364119.384117842419073, 5738811.981333298608661 ], [ 364129.369939693715423, 5738810.89911316242069 ], [ 364195.94760728161782, 5738790.171027491800487 ], [ 364248.668920565280132, 5738766.73533605132252 ], [ 364285.579686704091728, 5738749.769662617705762 ], [ 364295.009472663048655, 5738739.076686246320605 ], [ 364316.795465650851838, 5738738.911652757786214 ], [ 364315.100534154335037, 5738720.862551382742822 ], [ 364335.083616917952895, 5738712.96747496817261 ], [ 364356.97822743904544, 5738707.357886700890958 ], [ 364380.26105639670277, 5738706.640848515555263 ], [ 364423.04878699342953, 5738709.726940970867872 ], [ 364447.210171984275803, 5738717.789107108488679 ], [ 364469.866322802612558, 5738729.67561973631382 ], [ 364530.819435319979675, 5738774.739069506525993 ], [ 364535.469397492415737, 5738772.35472643096 ], [ 364535.339402922429144, 5738778.033720646984875 ], [ 364584.518273572670296, 5738814.456625028513372 ], [ 364592.080570814432576, 5738813.084486272186041 ], [ 364617.002116137475241, 5738788.39831468462944 ], [ 364624.564327565138228, 5738783.175800179131329 ], [ 364630.418679530615918, 5738779.635151744820178 ], [ 364643.62764094339218, 5738773.670844908803701 ], [ 364652.685492132150102, 5738772.469981691800058 ], [ 364678.896246306132525, 5738761.815738087520003 ], [ 364688.246374887879938, 5738757.624662989750504 ], [ 364719.169361397216562, 5738740.734342033043504 ], [ 364730.989354300312698, 5738732.136827209964395 ], [ 364755.778421138296835, 5738713.26397813949734 ], [ 364802.06246094458038, 5738669.787091304548085 ], [ 364838.154047277930658, 5738634.841882259584963 ], [ 364882.182778577902354, 5738595.488278743810952 ], [ 364915.68594416877022, 5738571.808373560197651 ], [ 364948.728826827602461, 5738561.305931352078915 ], [ 364983.183548729168251, 5738554.794274017214775 ], [ 365012.254950602073222, 5738546.502154946327209 ], [ 365045.2096718858229, 5738533.988495199941099 ], [ 365101.038817947206553, 5738510.38959579076618 ], [ 365149.86231570772361, 5738489.104711968451738 ], [ 365227.63538112747483, 5738456.483582620508969 ], [ 365310.259112799889408, 5738418.603617516346276 ], [ 365361.995449089503381, 5738394.16030890122056 ], [ 365416.520519496581983, 5738363.511215792968869 ], [ 365474.080367869348265, 5738332.748176790773869 ], [ 365512.777760359575041, 5738311.871383158490062 ], [ 365552.530594008625485, 5738291.990489459596574 ], [ 365600.385143206804059, 5738271.75986339058727 ], [ 365646.124122058099601, 5738249.583132966421545 ], [ 365678.075435810431372, 5738237.111707594245672 ], [ 365711.108435972593725, 5738226.625829585827887 ], [ 365724.699089946458116, 5738221.934043819084764 ], [ 365741.107666162832174, 5738216.26567623578012 ], [ 365762.314315896015614, 5738208.032197461463511 ], [ 365771.298639361630194, 5738202.740156141109765 ], [ 365804.898230439517647, 5738182.947673641145229 ], [ 365812.462917348137125, 5738176.447222664020956 ], [ 365818.455402864259668, 5738171.301867650821805 ], [ 365823.502949597837869, 5738166.960710138082504 ], [ 365834.435092450818047, 5738161.449897699989378 ], [ 365838.535001680254936, 5738168.162161185406148 ], [ 365845.305807244614698, 5738179.254492351785302 ], [ 365855.129153362417128, 5738196.096627526916564 ], [ 365877.060759020678233, 5738211.413996137678623 ], [ 365914.393466075067408, 5738231.172739247791469 ], [ 365937.168738718493842, 5738242.417171785607934 ], [ 365957.583191167272162, 5738245.634374364279211 ], [ 365988.085682643170003, 5738247.414362265728414 ], [ 366042.730965688708238, 5738244.155736705288291 ], [ 366101.375938464596402, 5738239.711774450726807 ], [ 366157.993893801234663, 5738235.35582958906889 ], [ 366187.272126030991785, 5738232.117380898445845 ], [ 366202.333215413964354, 5738228.45608972478658 ], [ 366201.723230521543883, 5738188.922533415257931 ], [ 366203.06725702912081, 5738122.940800596028566 ], [ 366204.689794780977536, 5738064.051486841402948 ], [ 366171.944123451015912, 5738007.578866486437619 ], [ 366303.783449045440648, 5738007.221825025044382 ], [ 366381.873301381361671, 5738007.049542753957212 ], [ 366532.982654931431171, 5738007.622134282253683 ], [ 366641.657138918992132, 5738011.260556911118329 ], [ 366681.228964738897048, 5738011.658120504580438 ], [ 366736.863504442502744, 5738016.983025650493801 ], [ 366747.99171585770091, 5738018.045819653198123 ], [ 366778.657498342683539, 5738023.876975799910724 ], [ 366841.562628537183627, 5738024.325483565218747 ], [ 366948.134538323676679, 5738026.023090758360922 ], [ 366983.657196333399042, 5738026.541272888891399 ], [ 367021.196155944257043, 5738027.084291049279273 ], [ 367082.161897358018905, 5738029.645788254216313 ], [ 367202.343911970790941, 5738035.451485764235258 ], [ 367228.799167193588801, 5738037.401528565213084 ], [ 367228.981408079154789, 5738017.110109564848244 ], [ 367234.317916085245088, 5737980.78051255363971 ], [ 367241.527233540662564, 5737909.481384105980396 ], [ 367243.421929425210692, 5737905.681190078146756 ], [ 367249.467498742043972, 5737905.098753018304706 ], [ 367280.984269459848292, 5737808.453756077215075 ], [ 367322.233852683799341, 5737750.97925372980535 ], [ 367344.51406390836928, 5737725.709412016905844 ], [ 367373.478825764323119, 5737690.036675771698356 ], [ 367376.101060203625821, 5737679.785302069038153 ], [ 367387.920741286885459, 5737671.183221084997058 ], [ 367451.559040503983852, 5737613.642716833390296 ], [ 367484.666519421851262, 5737583.703784135170281 ], [ 367486.689273164491169, 5737581.869999063201249 ], [ 367517.201469904743135, 5737554.292059200815856 ], [ 367530.873471354134381, 5737541.557538330554962 ], [ 367581.060421972884797, 5737514.463454824872315 ], [ 367582.544464578910265, 5737513.66767771076411 ], [ 367612.242890319554135, 5737497.629360090941191 ], [ 367691.319712790427729, 5737455.465456859208643 ], [ 367719.431070479215123, 5737440.482201009057462 ], [ 367748.046847210032865, 5737421.045742525719106 ], [ 367837.720861951471306, 5737357.506823988631368 ], [ 367838.116944219567813, 5737285.07491391338408 ], [ 367837.666479895473458, 5737249.532555701211095 ], [ 367854.688570407452062, 5737193.956935490481555 ], [ 367858.156421420746483, 5737179.577404876239598 ], [ 367881.452824205276556, 5737103.417104203253984 ], [ 367910.539385193318594, 5737032.390758108347654 ], [ 367925.244335572584532, 5737007.100106881000102 ], [ 367940.780126207275316, 5736890.615529729984701 ], [ 367954.990179043263197, 5736865.64957088790834 ], [ 367964.299420273397118, 5736844.940773703157902 ], [ 368004.376849239110015, 5736756.912378145381808 ], [ 368041.212765178759582, 5736713.726371038705111 ], [ 368037.22701872990001, 5736691.808506070636213 ], [ 368053.38463415770093, 5736664.710856469348073 ], [ 368074.063720264239237, 5736648.622755561023951 ], [ 368074.619109802879393, 5736637.41338721755892 ], [ 368034.020502083760221, 5736589.292055157013237 ], [ 368008.225856447592378, 5736530.400210293009877 ], [ 367954.13408755994169, 5736401.521095738746226 ], [ 367949.925977215461899, 5736373.255006716586649 ], [ 367932.996391696622595, 5736332.280703676864505 ], [ 367899.885486406681594, 5736268.607109451666474 ], [ 367892.013327470282093, 5736226.516053727827966 ], [ 367890.041437342530116, 5736203.221176284365356 ], [ 367884.298430512892082, 5736175.952435407787561 ], [ 367880.097406566957943, 5736171.121872493065894 ], [ 367885.717573801754043, 5736161.882712240330875 ], [ 367837.873091826215386, 5736117.836674821563065 ], [ 367804.362447158782743, 5736057.178693125024438 ], [ 367804.28226475440897, 5736055.177749930880964 ], [ 367791.678652753937058, 5736040.686265585944057 ], [ 367796.710830752854235, 5736034.300107320770621 ], [ 367790.272600142750889, 5735976.64787605125457 ], [ 367776.695349051500671, 5735918.270703159272671 ], [ 367703.910722297849134, 5735828.777553679421544 ], [ 367695.605130758951418, 5735821.506695292890072 ], [ 367616.330400407139678, 5735751.347837061621249 ], [ 367607.467988383607008, 5735733.419946023263037 ], [ 367584.24010682181688, 5735687.638077898882329 ], [ 367561.709084072499536, 5735609.299500105902553 ], [ 367541.454182462650351, 5735562.62722519878298 ], [ 367533.324505819531623, 5735503.806772041134536 ], [ 367530.789008684514556, 5735468.608655427582562 ], [ 367533.022218504687771, 5735410.439126301556826 ], [ 367534.562905015656725, 5735381.065003632567823 ], [ 367537.386300321784802, 5735365.789770236238837 ], [ 367540.127037242171355, 5735359.708494872786105 ], [ 367547.373448053258471, 5735341.913221892900765 ], [ 367549.665368985151872, 5735336.622726880013943 ], [ 367550.662916349596344, 5735318.624659765511751 ], [ 367552.422947882325388, 5735285.505753162316978 ], [ 367547.662037221714854, 5735166.772211375646293 ], [ 367538.540006665862165, 5735092.821460673585534 ], [ 367530.162196976365522, 5735051.623272311873734 ], [ 367514.225898232252803, 5735005.360429473221302 ], [ 367488.550397640326992, 5734921.051182377152145 ], [ 367467.653347757761367, 5734783.713456952944398 ], [ 367454.052341398550197, 5734708.133626741357148 ], [ 367470.052230460918508, 5734705.854057607240975 ], [ 367465.101445239852183, 5734618.017089125700295 ], [ 367461.687304491002578, 5734584.622639987617731 ], [ 367468.367130060214549, 5734579.116471886634827 ], [ 367468.28773105412256, 5734572.163527620956302 ], [ 367462.884834111027885, 5734564.249032444320619 ], [ 367463.39519535243744, 5734489.688763160258532 ], [ 367454.672995240893215, 5734400.81603295635432 ], [ 367450.519556378014386, 5734336.716503792442381 ], [ 367450.926966621598694, 5734236.197225741110742 ], [ 367443.655943034798838, 5734172.023981799371541 ], [ 367424.289399205823429, 5734096.607123190537095 ], [ 367414.335524710942991, 5734052.301343309693038 ], [ 367410.420572880655527, 5734031.127586957067251 ], [ 367412.456533851800486, 5734006.647915584035218 ], [ 367414.547072404238861, 5733983.190590468235314 ], [ 367424.110799088492058, 5733944.179823886603117 ], [ 367433.627880486426875, 5733880.032059548422694 ], [ 367434.916515086020809, 5733763.109174877405167 ], [ 367435.283794504823163, 5733698.056106417439878 ], [ 367444.398692914459389, 5733573.705188480205834 ], [ 367439.796717702760361, 5733568.696280170232058 ], [ 367494.369286504341289, 5733533.431067649275064 ], [ 367577.773297260864638, 5733468.954037575051188 ], [ 367619.68311127735069, 5733440.254888605326414 ], [ 367670.846996578969993, 5733399.539543178863823 ], [ 367709.199967452324927, 5733368.486471011303365 ], [ 367737.58340498956386, 5733341.912994839251041 ], [ 367754.075326443882659, 5733322.940724941901863 ], [ 367787.960033365525305, 5733281.923647335730493 ], [ 367808.180127398460172, 5733254.663514099083841 ], [ 367829.239600571803749, 5733223.308602222241461 ], [ 367846.207638924184721, 5733191.115249142982066 ], [ 367869.401256017328706, 5733137.315027166157961 ], [ 367855.857271838351153, 5733134.899434451945126 ], [ 367883.430706276209094, 5733056.547349374741316 ], [ 367910.139999623177573, 5732948.628816885873675 ], [ 367830.934813174768351, 5732951.618720050901175 ], [ 367786.209746912820265, 5732943.81203780323267 ], [ 367745.483086136053316, 5732936.44604688230902 ], [ 367580.843800134316552, 5732913.674287169240415 ], [ 367463.276940345822368, 5732893.664173517376184 ], [ 367410.795749617915135, 5732891.039060170762241 ], [ 367379.950836075120606, 5732895.022448033094406 ], [ 367318.717774208984338, 5732899.338898098096251 ], [ 367275.578641828207765, 5732900.119152314029634 ], [ 367254.277115733246319, 5732899.667751939035952 ], [ 367225.569006802514195, 5732896.629630763083696 ], [ 367197.200155269703828, 5732892.570075913332403 ], [ 367174.60029839805793, 5732891.363144693896174 ], [ 367152.006633763434365, 5732892.225968530401587 ], [ 367147.611438535619527, 5732891.685317938216031 ], [ 367143.478080077213235, 5732890.592491419054568 ], [ 367140.885618714848533, 5732889.236469668336213 ], [ 367131.439348881714977, 5732897.609078943729401 ], [ 367062.865061966702342, 5732913.339355707168579 ], [ 367032.408411158248782, 5732860.027374232187867 ], [ 366977.391739552665967, 5732763.241201467812061 ], [ 366922.467071831924841, 5732668.445049144327641 ], [ 366925.630483258981258, 5732672.311956292018294 ], [ 366925.462886640336365, 5732668.321406519040465 ], [ 366945.702916932990775, 5732649.470043429173529 ], [ 366976.543377607653383, 5732632.442079493775964 ], [ 367031.633464683429338, 5732597.904128831811249 ], [ 367076.947809189092368, 5732636.513457569293678 ], [ 367085.291763016430195, 5732636.371222278103232 ], [ 367130.393287987797521, 5732523.344709530472755 ], [ 367156.362519838905428, 5732456.492586015723646 ], [ 367170.854214138467796, 5732431.072430985048413 ], [ 367240.915180072537623, 5732366.330282708629966 ], [ 367365.229812090808991, 5732226.059303373098373 ], [ 367413.94701820879709, 5732170.205412335693836 ], [ 367315.53556755988393, 5732165.506939734332263 ], [ 367314.31277142080944, 5732158.962477210909128 ], [ 367308.753737767692655, 5732127.894758127629757 ], [ 367246.40366788348183, 5731780.85147906281054 ], [ 367233.466155713947956, 5731711.096890836022794 ], [ 367223.4243187449174, 5731712.173789489082992 ], [ 367198.12584291328676, 5731711.048757144249976 ], [ 367183.938276510336436, 5731708.763037082739174 ], [ 367065.81483124603983, 5731695.252149350009859 ], [ 367069.290152066212613, 5731744.991827569901943 ], [ 367023.928640650061425, 5731747.579535148106515 ], [ 366971.518426130583975, 5731750.732061363756657 ], [ 366968.737696920987219, 5731687.019505494274199 ], [ 367011.82480369892437, 5731690.155513115227222 ], [ 367019.266081004752778, 5731620.642599926330149 ], [ 367036.039396327571012, 5731504.524113201536238 ], [ 367039.415365696884692, 5731463.239067777059972 ], [ 367046.032523217436392, 5731421.668225643225014 ], [ 367046.168713493621908, 5731380.71347473654896 ], [ 367043.419021353940479, 5731221.966757227666676 ], [ 367020.153745286399499, 5731100.973382895812392 ], [ 367188.046057024155743, 5731082.447785495780408 ], [ 367264.635460620746017, 5731014.430212518200278 ], [ 367253.588807210559025, 5731012.840472208335996 ], [ 367250.471783908433281, 5731009.973635994829237 ], [ 367247.89347102236934, 5730996.064761137589812 ], [ 367231.350122242118232, 5730935.641393974423409 ], [ 367228.066055601462722, 5730920.660570708103478 ], [ 367076.853842436685227, 5730789.951998925767839 ], [ 366955.367699505528435, 5730682.065628711134195 ], [ 366821.110690331261139, 5730569.845546888187528 ], [ 366795.87365339056123, 5730548.768087381497025 ], [ 366718.138121224939823, 5730483.798318105749786 ], [ 366711.104676982038654, 5730486.054074662737548 ], [ 366616.045578556135297, 5730516.599645545706153 ], [ 366585.65939709066879, 5730524.091608641669154 ], [ 366585.966965059924405, 5730509.850683228112757 ], [ 366589.310689589125104, 5730469.790219799615443 ], [ 366582.330585722462274, 5730464.655715637840331 ], [ 366434.979068822343834, 5730342.008763758465648 ], [ 366333.334852913045324, 5730373.001130045391619 ], [ 366310.27114638389321, 5730380.033532708883286 ], [ 366305.874965205264743, 5730381.107118143700063 ], [ 366300.543547530891374, 5730381.326389294117689 ], [ 366289.999851408298127, 5730384.432529026642442 ], [ 366228.556301346165128, 5730403.856195994652808 ], [ 366209.153824173088651, 5730407.642683728598058 ], [ 366196.003777583944611, 5730412.309352334588766 ], [ 366158.201458950643428, 5730422.749347564764321 ], [ 366029.176284513727296, 5730464.15638673119247 ], [ 366000.248313607298769, 5730473.438158762641251 ], [ 365954.56413965934189, 5730487.728103013709188 ], [ 365924.767191858263686, 5730380.611040532588959 ], [ 365931.807446450693533, 5730373.936136567033827 ], [ 365944.323041113442741, 5730362.052367630414665 ], [ 365954.457727888948284, 5730348.507073328830302 ], [ 365966.926185524789616, 5730336.146110276691616 ], [ 365980.021481442439836, 5730324.736664696596563 ], [ 366005.302677846746519, 5730295.788207271136343 ], [ 366006.692966447444633, 5730265.894545089453459 ], [ 366017.581478445034008, 5730183.134799058549106 ], [ 366019.104233776801266, 5730137.92535902839154 ], [ 366019.381122251274064, 5730123.106495046056807 ], [ 366019.980679733911529, 5730090.507476576603949 ], [ 366013.918993261177093, 5729998.205137088894844 ], [ 366013.623695821501315, 5729987.351955988444388 ], [ 365988.836185311432928, 5729977.70602900441736 ], [ 365982.560969132580794, 5729973.388177753426135 ], [ 365801.931666134507395, 5729880.965670954436064 ], [ 365691.993575836531818, 5729858.064192578196526 ], [ 365669.681138341024052, 5729852.871881944127381 ], [ 365574.37276054744143, 5729834.134635074064136 ], [ 365517.469091339269653, 5729821.997606649063528 ], [ 365491.350958721130155, 5729816.974331041797996 ], [ 365514.791205078363419, 5729737.139018005691469 ], [ 365518.766159612103365, 5729723.623601984232664 ], [ 365552.331907176412642, 5729599.495596849359572 ], [ 365556.602613176743034, 5729592.137326523661613 ], [ 365558.159979614138138, 5729588.824137312360108 ], [ 365521.198733999044634, 5729579.660728056915104 ], [ 365330.287791249225847, 5729526.198697553947568 ], [ 365271.828375855926424, 5729509.821468418464065 ], [ 365215.082655604579486, 5729493.933252663351595 ], [ 365201.092932713334449, 5729490.790651086717844 ], [ 365157.870946234907024, 5729481.062725178897381 ], [ 365133.654214373556897, 5729471.461206818930805 ], [ 365130.411727593513206, 5729470.190278798341751 ], [ 365070.790927313501015, 5729458.531344062648714 ], [ 365057.26225820730906, 5729450.402500601485372 ], [ 365054.91688374557998, 5729393.500091339461505 ], [ 365054.949445251608267, 5729345.870605872943997 ], [ 365056.6191029434558, 5729338.492462312802672 ], [ 365068.058938652509823, 5729310.922359480522573 ], [ 365073.363944103068206, 5729302.434304373338819 ], [ 365077.402373370714486, 5729295.972081415355206 ], [ 365101.026447545620613, 5729251.061163475736976 ], [ 365131.074190403509419, 5729193.181211892515421 ], [ 365136.463516531279311, 5729195.596586278639734 ], [ 365158.79224105871981, 5729151.599749910645187 ], [ 365170.739224357763305, 5729127.699796109460294 ], [ 365177.580503108794801, 5729117.167733654379845 ], [ 365189.702502786880359, 5729097.480729102157056 ], [ 365194.894272264151368, 5729087.326625529676676 ], [ 365203.929224950494245, 5729065.71909767575562 ], [ 365288.792407350847498, 5729012.273566035553813 ], [ 365291.78657624614425, 5729007.085781389847398 ], [ 365297.780953063629568, 5728996.676672640256584 ], [ 365341.846872031921521, 5728966.121792969293892 ], [ 365347.035628209589049, 5728963.868930577300489 ], [ 365352.125739335198887, 5728962.842802818864584 ], [ 365360.550760033191182, 5728962.395352534018457 ], [ 365362.792678936966695, 5728960.888853155076504 ], [ 365364.743333618505858, 5728958.8337218221277 ], [ 365373.671036949090194, 5728943.795010227710009 ], [ 365387.397251682647038, 5728932.089111773297191 ], [ 365395.728224258404225, 5728925.523755474947393 ], [ 365402.522312361106742, 5728923.561959775164723 ], [ 365413.9034176520654, 5728906.899924533441663 ], [ 365422.870640183566138, 5728908.886306177824736 ], [ 365434.38776514690835, 5728907.688801344484091 ], [ 365434.993241612974089, 5728914.572093289345503 ], [ 365447.914582192432135, 5728922.462229438126087 ], [ 365477.757183473615441, 5728931.347761862911284 ], [ 365487.831844716449268, 5728928.185782084241509 ], [ 365489.475324833882041, 5728919.795858520083129 ], [ 365489.179697252693586, 5728906.116141160018742 ], [ 365496.318661066645291, 5728880.776206034235656 ], [ 365502.112726549152285, 5728867.501650766469538 ], [ 365512.42794007062912, 5728857.534026902168989 ], [ 365521.286791830207221, 5728855.194633278995752 ], [ 365532.262339027132839, 5728823.298171027563512 ], [ 365532.72215432417579, 5728812.269070570357144 ], [ 365524.87722140760161, 5728805.690039214678109 ], [ 365510.644791767583229, 5728803.621280333027244 ], [ 365485.450631890445948, 5728797.39360130392015 ], [ 365453.625754671054892, 5728786.557799213565886 ], [ 365460.650408962392248, 5728777.156350268051028 ], [ 365461.138209982251283, 5728774.183257658965886 ], [ 365461.285599066293798, 5728771.152475251816213 ], [ 365461.225068749627098, 5728768.104981886222959 ], [ 365461.060875153401867, 5728765.060253271833062 ], [ 365460.694133604119997, 5728760.385091548785567 ], [ 365460.127568687545136, 5728755.737515497021377 ], [ 365459.326625312562101, 5728751.118446765467525 ], [ 365458.271163265046198, 5728746.550678850151598 ], [ 365456.827087334240787, 5728741.414613037370145 ], [ 365455.135994929936714, 5728736.351904579438269 ], [ 365453.143487657187507, 5728731.397388976067305 ], [ 365450.788849236560054, 5728726.608326627872884 ], [ 365441.914057128713466, 5728710.208487183786929 ], [ 365417.779352935147472, 5728669.055038729682565 ], [ 365390.701587669318542, 5728622.850150861777365 ], [ 365387.690933866600972, 5728617.065958390943706 ], [ 365386.635586579621304, 5728614.579160593450069 ], [ 365385.929440407722723, 5728611.960635434836149 ], [ 365385.483838430256583, 5728609.257261051796377 ], [ 365385.231450366612989, 5728606.537602839060128 ], [ 365385.250030758383218, 5728604.901271281763911 ], [ 365385.434477898466866, 5728603.260513748042285 ], [ 365385.681421958375722, 5728601.629216705448925 ], [ 365385.907336133415811, 5728599.987352710217237 ], [ 365386.064225644455291, 5728598.091383487917483 ], [ 365386.207293078885414, 5728596.195783107541502 ], [ 365386.39212414692156, 5728594.310196465812624 ], [ 365386.67371118394658, 5728592.422028047032654 ], [ 365387.135457435972057, 5728590.028286349959671 ], [ 365387.972877628984861, 5728585.643712676130235 ], [ 365391.248543073190376, 5728568.441239244304597 ], [ 365391.599542374256998, 5728566.562347368337214 ], [ 365399.965587157290429, 5728528.625889229588211 ], [ 365408.131451765366364, 5728500.031294528394938 ], [ 365416.552677361527458, 5728477.116380119696259 ], [ 365419.319470614136662, 5728474.794690001755953 ], [ 365437.409484113915823, 5728474.69050729367882 ], [ 365454.884507018723525, 5728475.125812469981611 ], [ 365453.725975564157125, 5728460.21163746342063 ], [ 365474.758451634435914, 5728459.18338122498244 ], [ 365492.503244677791372, 5728459.099731688387692 ], [ 365495.40638270531781, 5728458.77751187607646 ], [ 365498.255305025551934, 5728457.978229966945946 ], [ 365501.064038849319331, 5728456.968586832284927 ], [ 365503.887782189645804, 5728456.003057646565139 ], [ 365524.353351877187379, 5728449.793291191570461 ], [ 365524.170008605171461, 5728369.742502085864544 ], [ 365536.460995734843891, 5728369.247985873371363 ], [ 365536.900706864078529, 5728365.764294734224677 ], [ 365537.010981529718265, 5728364.971259525977075 ], [ 365537.135079111612868, 5728364.177855914458632 ], [ 365537.321676053514238, 5728363.393914704211056 ], [ 365537.620337945525534, 5728362.662627356126904 ], [ 365538.307712206791621, 5728361.464727500453591 ], [ 365539.15612455829978, 5728360.340432667173445 ], [ 365540.117787695140578, 5728359.313272756524384 ], [ 365541.171967290807515, 5728358.383800425566733 ], [ 365562.413827648153529, 5728341.058791319839656 ], [ 365586.796426059794612, 5728325.831312440335751 ], [ 365594.245224748621695, 5728323.22919803019613 ], [ 365596.683794001000933, 5728322.34075469430536 ], [ 365599.100444655516185, 5728321.408384030684829 ], [ 365601.53269652207382, 5728320.542367618530989 ], [ 365604.010565273696557, 5728319.830930773168802 ], [ 365605.971158817759715, 5728319.43373313266784 ], [ 365607.96927226067055, 5728319.146817909553647 ], [ 365609.968570734839886, 5728318.904384351335466 ], [ 365611.968757982132956, 5728318.695312241092324 ], [ 365630.530972645035945, 5728316.565080417320132 ], [ 365634.971324371930677, 5728314.488276390358806 ], [ 365631.913911162992008, 5728305.644962073303759 ], [ 365641.999607643345371, 5728302.327263857237995 ], [ 365673.091248459357303, 5728287.86744951736182 ], [ 365679.833218108746223, 5728283.392507591284811 ], [ 365681.9971802032087, 5728279.462318453937769 ], [ 365684.560129193472676, 5728269.734896931797266 ], [ 365676.431274377275258, 5728253.292542647570372 ], [ 365663.425050561199896, 5728236.546064784750342 ], [ 365660.779520799056627, 5728233.300330512225628 ], [ 365657.896522539143916, 5728230.227842023596168 ], [ 365654.75887396390317, 5728227.46259443834424 ], [ 365651.301308345980942, 5728225.150991476140916 ], [ 365629.547628062195145, 5728212.899592312052846 ], [ 365618.903828362061176, 5728203.579517489299178 ], [ 365591.853940572356805, 5728184.135914237238467 ], [ 365574.371471248450689, 5728173.072947870008647 ], [ 365558.143017166759819, 5728163.389894218184054 ], [ 365549.717498631333001, 5728159.196547470055521 ], [ 365547.035640068119392, 5728157.966024321503937 ], [ 365544.288515352527611, 5728156.881907230243087 ], [ 365541.490244458080269, 5728155.954948136582971 ], [ 365538.63332318351604, 5728155.163090898655355 ], [ 365535.657324350380804, 5728154.574714694172144 ], [ 365532.62475014582742, 5728154.199282118119299 ], [ 365529.586745541950222, 5728153.879636630415916 ], [ 365526.553873937926255, 5728153.493087474256754 ], [ 365524.915000828099437, 5728153.247436262667179 ], [ 365523.269512194907293, 5728153.013090008869767 ], [ 365521.636364899924956, 5728152.722774788737297 ], [ 365520.021581444772892, 5728152.342945726588368 ], [ 365517.766863834403921, 5728151.568433661013842 ], [ 365515.569905045209453, 5728150.625461356714368 ], [ 365513.365737270389218, 5728149.671554012224078 ], [ 365511.129677669377998, 5728148.81865070015192 ], [ 365494.50911133387126, 5728143.374928696081042 ], [ 365492.839264320675284, 5728144.821586891077459 ], [ 365470.28821364371106, 5728136.676119456067681 ], [ 365455.395933598570991, 5728129.127739566378295 ], [ 365454.407438284833916, 5728128.631077319383621 ], [ 365419.889475932810456, 5728111.635382633656263 ], [ 365417.404413232696243, 5728109.487170858308673 ], [ 365414.643262947909534, 5728107.101505865342915 ], [ 365411.611160553933587, 5728101.818629929795861 ], [ 365402.211053063394502, 5728084.954328638501465 ], [ 365392.60750683140941, 5728068.763157336041331 ], [ 365384.814345720689744, 5728055.617320254445076 ], [ 365384.148192837019451, 5728054.50002421438694 ], [ 365340.343233290943317, 5728070.792034165933728 ], [ 365287.482145079527982, 5728086.736426167190075 ], [ 365275.770019938237965, 5728089.508458537049592 ], [ 365273.215830737201031, 5728089.955015835352242 ], [ 365266.965139906154945, 5728091.067815721966326 ], [ 365258.013876754790545, 5728091.807615522295237 ], [ 365249.00570155098103, 5728091.97028808388859 ], [ 365240.022878234449308, 5728091.787327339872718 ], [ 365228.449173634464387, 5728091.195076012052596 ], [ 365227.395012992492411, 5728091.089695765636861 ], [ 365216.909589352901094, 5728090.067788890562952 ], [ 365205.437789658084512, 5728088.371181815862656 ], [ 365194.094788818387315, 5728086.05911145079881 ], [ 365181.232454679906368, 5728082.541310297325253 ], [ 365168.591511699487455, 5728078.249783040955663 ], [ 365156.109968859353103, 5728073.453260010108352 ], [ 365143.745978736493271, 5728068.397677587345243 ], [ 365138.29625768342521, 5728066.095144091174006 ], [ 365132.891942127957009, 5728063.680121129378676 ], [ 365127.585354209062643, 5728061.039928471669555 ], [ 365122.464861367247067, 5728058.116562865674496 ], [ 365084.999238389544189, 5728034.936734899878502 ], [ 365034.367546092136763, 5727997.943182558752596 ], [ 364960.812131640559528, 5727936.64759864192456 ], [ 364949.395287528866902, 5727926.425911182537675 ], [ 364915.946395427105017, 5727898.844290080480278 ], [ 364902.831847378518432, 5727889.291327397339046 ], [ 364880.512186730047688, 5727869.980657541193068 ], [ 364804.473714822204784, 5727812.448245212435722 ], [ 364778.379078871337697, 5727792.716114648617804 ], [ 364771.18769860942848, 5727787.38925321213901 ], [ 364768.989712920505553, 5727785.645392002537847 ], [ 364766.878604806261137, 5727783.787921644747257 ], [ 364764.834531535103451, 5727781.85075834300369 ], [ 364762.81059743091464, 5727779.890799717977643 ], [ 364761.446489231893793, 5727778.547464276663959 ], [ 364760.123257809900679, 5727777.180777289904654 ], [ 364758.820166400866583, 5727775.791294497437775 ], [ 364758.48545507970266, 5727775.433035229332745 ], [ 364746.898439726908691, 5727766.117717871442437 ], [ 364731.982691226876341, 5727747.199010040611029 ], [ 364715.147962332936004, 5727714.243510998785496 ], [ 364702.407161883369554, 5727666.288788677193224 ], [ 364699.114092858391814, 5727645.634151248261333 ], [ 364686.530986649740953, 5727606.666803157888353 ], [ 364679.630226345849223, 5727589.747828188352287 ], [ 364678.231321319181006, 5727586.33560374006629 ], [ 364678.194074988598004, 5727586.236448875628412 ], [ 364676.66174280247651, 5727582.749905413016677 ], [ 364675.013684799079783, 5727579.333234725520015 ], [ 364673.17445930140093, 5727576.010716339573264 ], [ 364671.02207973622717, 5727572.618698985315859 ], [ 364668.6998658690718, 5727569.342518715187907 ], [ 364666.221344387158751, 5727566.170684820972383 ], [ 364663.614463563193567, 5727563.113576191477478 ], [ 364626.687774543126579, 5727521.560956807807088 ], [ 364603.24406282248674, 5727496.550543968565762 ], [ 364557.28795986995101, 5727452.903732320293784 ], [ 364555.399637203780003, 5727451.107131997123361 ], [ 364552.342401714005973, 5727446.481959600932896 ], [ 364546.723157853120938, 5727439.188017672859132 ], [ 364543.521182395284995, 5727433.810017846524715 ], [ 364541.293097070592921, 5727427.860598069615662 ], [ 364541.277480721531902, 5727427.794248078018427 ], [ 364540.948892604908906, 5727426.634607607498765 ], [ 364539.563369638635777, 5727421.664110455662012 ], [ 364537.800268617400434, 5727415.513031888753176 ], [ 364536.128630452498328, 5727410.450061582960188 ], [ 364534.518607251695357, 5727405.363181461580098 ], [ 364533.142421705182642, 5727400.225512212142348 ], [ 364532.213475429220125, 5727394.997940845787525 ], [ 364531.674018051009625, 5727388.302121553570032 ], [ 364531.652423313935287, 5727381.570145163685083 ], [ 364532.011033980408683, 5727374.827963193878531 ], [ 364532.619403384742327, 5727368.112461850978434 ], [ 364532.65341806365177, 5727367.833344034850597 ], [ 364533.859862647135742, 5727359.68850911129266 ], [ 364535.593228556273971, 5727351.329223926179111 ], [ 364537.444716700236313, 5727342.989025559276342 ], [ 364539.053067555825692, 5727334.610841466113925 ], [ 364540.511324479943141, 5727325.279662486165762 ], [ 364541.816907355270814, 5727315.930325705558062 ], [ 364543.011292811133899, 5727306.561717748641968 ], [ 364544.07403994910419, 5727297.185515320859849 ], [ 364545.160217149648815, 5727287.908838300034404 ], [ 364546.21844929154031, 5727278.621783661656082 ], [ 364546.965304904035293, 5727269.331958268769085 ], [ 364547.102629140252247, 5727260.013979351148009 ], [ 364546.637039637716953, 5727252.203359019942582 ], [ 364545.70196289679734, 5727244.427595509216189 ], [ 364544.401091807871126, 5727236.683905995450914 ], [ 364542.825487701687962, 5727229.014359436929226 ], [ 364541.358398816548288, 5727221.264003480784595 ], [ 364541.277031807752792, 5727220.809931619092822 ], [ 364539.657650676905178, 5727212.54063864890486 ], [ 364537.445340324076824, 5727205.377822604030371 ], [ 364537.217951766506303, 5727204.63833711668849 ], [ 364535.459430241491646, 5727200.9798494707793 ], [ 364534.716941838385537, 5727199.864702937193215 ], [ 364534.024336870352272, 5727198.803858543746173 ], [ 364516.76826829300262, 5727179.12502711545676 ], [ 364485.950589201122057, 5727150.095445117913187 ], [ 364443.366266152821481, 5727113.136057143099606 ], [ 364426.073028528713621, 5727096.218301200307906 ], [ 364419.261268397211097, 5727090.136101767420769 ], [ 364409.735112598631531, 5727081.645242006517947 ], [ 364398.317382307373919, 5727071.502603850327432 ], [ 364387.047216248232871, 5727061.189101862721145 ], [ 364378.304582229116932, 5727052.510322151705623 ], [ 364363.799925647792406, 5727035.88506493717432 ], [ 364359.190322489361279, 5727029.888429339043796 ], [ 364352.67349218390882, 5727020.370900981128216 ], [ 364346.844124207855202, 5727010.43428857717663 ], [ 364341.923149218666367, 5727000.061523758806288 ], [ 364332.824354168551508, 5726978.138698406517506 ], [ 364316.166184530011378, 5726933.91786099690944 ], [ 364306.557970132562332, 5726914.156512659043074 ], [ 364297.046436693810392, 5726894.64852945972234 ], [ 364288.140764357289299, 5726879.664579862728715 ], [ 364282.537072347826324, 5726872.470630679279566 ], [ 364273.788039930048399, 5726863.057723042555153 ], [ 364264.171650125645101, 5726854.580666276626289 ], [ 364253.715522249869537, 5726847.294671343639493 ], [ 364197.757597825024277, 5726813.323115340434015 ], [ 364187.580299391760491, 5726807.92154458258301 ], [ 364176.987768380669877, 5726803.287884975783527 ], [ 364166.356129547115415, 5726798.744324862957001 ], [ 364155.993863868759945, 5726793.670510806143284 ], [ 364144.476582376810256, 5726787.069852833636105 ], [ 364140.042849286342971, 5726784.540668984875083 ], [ 364124.382207188522443, 5726774.891160813160241 ], [ 364109.033573816064745, 5726764.754785674624145 ], [ 364094.038728393614292, 5726754.141544004902244 ], [ 364080.91854669112945, 5726744.290226360782981 ], [ 364068.071893634274602, 5726734.064343536272645 ], [ 364055.647875297116116, 5726723.348595568910241 ], [ 364043.78236976620974, 5726712.050293865613639 ], [ 364032.941569057293236, 5726700.524108867160976 ], [ 364022.688138695026282, 5726688.459096278063953 ], [ 364012.894312948919833, 5726675.992233238182962 ], [ 364003.453067429945804, 5726663.259939227253199 ], [ 363996.138928511878476, 5726652.695997204631567 ], [ 363989.191215834231116, 5726641.866242498159409 ], [ 363982.488178274594247, 5726630.874108299612999 ], [ 363975.935419981717132, 5726619.811163116246462 ], [ 363948.254074407159351, 5726572.872666561044753 ], [ 363911.813042456400581, 5726511.058296356350183 ], [ 363882.537179641192779, 5726470.46168253198266 ], [ 363870.885295311221853, 5726455.574696722440422 ], [ 363858.162506704742555, 5726441.517848110757768 ], [ 363844.556091584614478, 5726428.308350118808448 ], [ 363830.244917010306381, 5726415.908000493422151 ], [ 363816.572671999747399, 5726405.39338218793273 ], [ 363802.2792522048112, 5726395.707918561063707 ], [ 363787.453644821012858, 5726386.815829265862703 ], [ 363772.21369493578095, 5726378.725067405961454 ], [ 363758.542836864013225, 5726372.372523630037904 ], [ 363744.539126934774686, 5726366.763463254086673 ], [ 363743.51253299677046, 5726366.412810372188687 ], [ 363730.250068987021223, 5726361.863222251646221 ], [ 363715.759239056380466, 5726357.691803593188524 ], [ 363703.570467796002049, 5726354.982845114544034 ], [ 363700.415194687258918, 5726354.467105561867356 ], [ 363691.255398783716373, 5726352.978405395522714 ], [ 363684.624981509463396, 5726352.144760637544096 ], [ 363678.855530311004259, 5726351.421415181830525 ], [ 363666.426186795230024, 5726350.054431349039078 ], [ 363590.895790221053176, 5726341.878949852660298 ], [ 363585.726043155591469, 5726341.32868614885956 ], [ 363515.614916237071157, 5726333.731225150637329 ], [ 363509.278441778966226, 5726333.02340058516711 ], [ 363502.966615698183887, 5726332.203634762205184 ], [ 363496.684247165569104, 5726331.193899646401405 ], [ 363490.456887792330235, 5726329.915606294758618 ], [ 363483.268437421531416, 5726328.151408817619085 ], [ 363476.149422912509181, 5726326.140521636232734 ], [ 363469.125395339040551, 5726323.804355513304472 ], [ 363462.276618211588357, 5726321.040584796108305 ], [ 363456.255743214394897, 5726318.187661620788276 ], [ 363450.371639739256352, 5726315.019454318098724 ], [ 363444.699461918789893, 5726311.500544743612409 ], [ 363439.293621130869724, 5726307.596075523644686 ], [ 363403.747454443946481, 5726279.924649049527943 ], [ 363323.276948813349009, 5726204.605152536183596 ], [ 363289.176651792717166, 5726176.717282855883241 ], [ 363281.704551129660103, 5726171.388860072009265 ], [ 363271.212497261702083, 5726163.905446004122496 ], [ 363264.206654712092131, 5726158.931654107756913 ], [ 363271.722733981441706, 5726145.952826674096286 ], [ 363272.674458612804301, 5726144.302322659641504 ], [ 363274.505463655223139, 5726141.136816570535302 ], [ 363286.43125599832274, 5726120.560389116406441 ], [ 363294.099263934593182, 5726107.310408038087189 ], [ 363296.386628196109086, 5726103.364702950231731 ], [ 363312.663824464892969, 5726077.885368351824582 ], [ 363317.211285295546986, 5726070.773697004653513 ], [ 363324.985017933591735, 5726058.61148024443537 ], [ 363330.156605588214006, 5726050.525895069353282 ], [ 363351.865764695568942, 5725992.304944166913629 ], [ 363331.055713781737722, 5725983.531566921621561 ], [ 363328.458736245636828, 5725982.433393716812134 ], [ 363349.561947616341058, 5725928.657907962799072 ], [ 363358.152298341039568, 5725906.769801156595349 ], [ 363361.12308975495398, 5725899.177820319309831 ], [ 363371.259063458186574, 5725872.262448416091502 ], [ 363385.242064669087995, 5725835.0940315797925 ], [ 363404.686118322308175, 5725783.377949893474579 ], [ 363410.579306355328299, 5725767.672341463156044 ], [ 363427.489446665160358, 5725722.546082954853773 ], [ 363435.551387304323725, 5725701.050798474811018 ], [ 363436.100979242182802, 5725699.622645257040858 ], [ 363454.098195154801942, 5725652.452886515296996 ], [ 363462.395798010693397, 5725630.706463151611388 ], [ 363476.348681220901199, 5725594.162369563244283 ], [ 363483.6900656305952, 5725574.923445289023221 ], [ 363493.869244603149127, 5725548.274301779456437 ], [ 363499.259400759357959, 5725534.162637504749 ], [ 363503.104420961695723, 5725524.07666046731174 ], [ 363514.905681529897265, 5725493.166118642315269 ], [ 363546.435402976232581, 5725410.955423487350345 ], [ 363572.522682295704726, 5725342.946976247243583 ], [ 363653.523875489248894, 5725131.782292984426022 ], [ 363678.780041275545955, 5725065.944738548249006 ], [ 363733.452099477406591, 5724923.419156365096569 ], [ 363803.492490960285068, 5724740.830105481669307 ], [ 363815.107318642258178, 5724710.55980196967721 ], [ 363820.134785033471417, 5724709.367077738046646 ], [ 363842.986410818935838, 5724637.864380793645978 ], [ 363891.543483085930347, 5724511.296756820753217 ], [ 363899.258871791011188, 5724491.169405716471374 ], [ 363935.373990706342738, 5724397.009023082442582 ], [ 363948.247864089673385, 5724361.764285430312157 ], [ 363987.208878460922278, 5724261.908000061288476 ], [ 364036.923943571164273, 5724132.295259601436555 ], [ 364042.894712478329893, 5724116.744310295209289 ], [ 364128.638304388266988, 5723893.209690301679075 ], [ 364263.11278932983987, 5723944.089717377908528 ], [ 364291.003033732296899, 5723954.635564423166215 ], [ 364294.395143953850493, 5723953.865634569898248 ], [ 364338.847100531216711, 5723941.588225338608027 ], [ 364382.068421676522121, 5723925.493913513608277 ], [ 364412.086743063933682, 5723914.227794965729117 ], [ 364431.628942265408114, 5723906.225287783890963 ], [ 364437.586658380459994, 5723903.806421036832035 ], [ 364443.565729393449146, 5723901.409244876354933 ], [ 364449.567646946350578, 5723899.089360010810196 ], [ 364455.628191987634636, 5723896.890319119207561 ], [ 364461.954407867102418, 5723894.272417969070375 ], [ 364468.317064519273117, 5723891.464369310066104 ], [ 364474.753860514785629, 5723889.355412373319268 ], [ 364478.028083171346225, 5723888.83358982950449 ], [ 364481.364151607616805, 5723888.810876335017383 ], [ 364505.908967177267186, 5723890.778824222274125 ], [ 364513.373133769142441, 5723877.158141175284982 ], [ 364518.711846316640731, 5723867.40028256457299 ], [ 364522.539793601143174, 5723860.420458285138011 ], [ 364537.59925738198217, 5723832.897444847039878 ], [ 364539.750666015199386, 5723828.967178345657885 ], [ 364581.454665407189168, 5723717.458345255814493 ], [ 364584.337656116404105, 5723709.82508915476501 ], [ 364588.629805731121451, 5723698.4595364369452 ], [ 364582.666186669026501, 5723695.503489800728858 ], [ 364640.354983301251195, 5723507.91803222335875 ], [ 364660.01815885596443, 5723345.388438357040286 ], [ 364669.843958715675399, 5723337.435773973353207 ], [ 364688.059795129578561, 5723306.690686085261405 ], [ 364692.304635809210595, 5723279.313191310502589 ], [ 364696.853172077564523, 5723244.916872615925968 ], [ 364692.479788143129554, 5723234.139563322998583 ], [ 364683.757210667885374, 5723233.916865274310112 ], [ 364662.464115651382599, 5723209.226286891847849 ], [ 364655.212569809053093, 5723207.317282698117197 ], [ 364649.696991572680417, 5723203.01376498490572 ], [ 364589.384291916503571, 5723192.855953424237669 ], [ 364552.229288244561758, 5723185.494448460638523 ], [ 364500.802701539359987, 5723182.188123264349997 ], [ 364483.678799046843778, 5723179.531413272023201 ], [ 364350.54292548133526, 5723124.992234707809985 ], [ 364288.164592432323843, 5723100.115235134959221 ], [ 364290.315328752622008, 5723092.8019392285496 ], [ 364276.947835102677345, 5723088.498230529017746 ], [ 364274.875065067200921, 5723087.886209079064429 ], [ 364272.763171533762943, 5723087.364264242351055 ], [ 364270.619670600397512, 5723086.954450470395386 ], [ 364268.479454527725466, 5723086.666958823800087 ], [ 364266.133767982712016, 5723086.462883519940078 ], [ 364263.798285254335497, 5723086.380944695323706 ], [ 364261.445331733964849, 5723086.421885656192899 ], [ 364259.10979974392103, 5723086.595897377468646 ], [ 364254.86251972138416, 5723087.255257004871964 ], [ 364250.678356344404165, 5723088.202256349846721 ], [ 364246.497778880991973, 5723089.282700512558222 ], [ 364242.331040446530096, 5723090.362776454538107 ], [ 364103.926787944277748, 5723124.618228665553033 ], [ 364101.151690011785831, 5723125.438438918441534 ], [ 364098.407556898251642, 5723126.380227687768638 ], [ 364095.640575526980683, 5723127.24473537877202 ], [ 364092.817389282630756, 5723127.821424224413931 ], [ 364090.011411252489779, 5723128.008166629821062 ], [ 364087.171179446217138, 5723127.951012501493096 ], [ 364084.334277337009553, 5723127.760232605040073 ], [ 364081.50459266116377, 5723127.580388328060508 ], [ 364078.081399845890701, 5723127.472149069420993 ], [ 364074.651587228989229, 5723127.375218316912651 ], [ 364071.251881150412373, 5723127.110557832755148 ], [ 364067.906067510659341, 5723126.532861775718629 ], [ 364020.711018242756836, 5723115.083030128851533 ], [ 364022.91611904266756, 5723109.804593114182353 ], [ 364023.931771681644022, 5723102.777655552141368 ], [ 364025.885970472590998, 5723085.342896963469684 ], [ 364026.509137814049609, 5723077.881394405849278 ], [ 364036.230224625323899, 5723024.872405521571636 ], [ 364037.867970136692747, 5723020.121136852540076 ], [ 364038.505962629395071, 5723018.356853233650327 ], [ 364039.108763317286503, 5723016.571260153315961 ], [ 364039.621620099875145, 5723014.788086853921413 ], [ 364039.925417507416569, 5723012.954896997660398 ], [ 364040.066270259674639, 5723010.469529707916081 ], [ 364039.978204293758608, 5723007.96806450933218 ], [ 364039.641659455024637, 5723005.495540218427777 ], [ 364039.023237930843607, 5723003.09736795257777 ], [ 364038.338803795399144, 5723001.591223855502903 ], [ 364037.414903075317852, 5723000.191675449721515 ], [ 364036.415493167471141, 5722998.816414898261428 ], [ 364035.532506054150872, 5722997.393509807065129 ], [ 364022.604901348240674, 5722972.658456664532423 ], [ 364021.061249138670973, 5722969.584106079302728 ], [ 364019.653878095152322, 5722966.428192080929875 ], [ 364018.439036961412057, 5722963.222585604526103 ], [ 364017.450123653979972, 5722959.921875299885869 ], [ 364016.473774607642554, 5722955.029501089826226 ], [ 364015.855710116564296, 5722950.071846128441393 ], [ 364015.485827329219319, 5722945.07412910554558 ], [ 364015.268459177226759, 5722940.083436659537256 ], [ 364015.089463265496306, 5722936.004220391623676 ], [ 364014.986575328919571, 5722931.922956360504031 ], [ 364015.147204724140465, 5722927.856858387589455 ], [ 364015.697089489549398, 5722923.847056014463305 ], [ 364020.021209095139056, 5722902.620606915093958 ], [ 364021.430408591986634, 5722891.432283933274448 ], [ 364030.571413422061596, 5722847.986874655820429 ], [ 364049.155092906032223, 5722786.449069223366678 ], [ 364045.958083401201293, 5722763.611080536618829 ], [ 364064.821709244395606, 5722702.677881371229887 ], [ 364096.732206157990731, 5722709.509311459027231 ], [ 364127.531578555412125, 5722630.706404539756477 ], [ 364130.982950736652128, 5722589.862393400631845 ], [ 364133.843804001808167, 5722556.156269020400941 ], [ 364185.993267258396372, 5722560.341104604303837 ], [ 364187.110878786072135, 5722560.444612860679626 ], [ 364188.23481210519094, 5722560.525695242919028 ], [ 364189.349136924720369, 5722560.506882876157761 ], [ 364190.452060634503141, 5722560.321455140598118 ], [ 364191.282139383489266, 5722560.03207721374929 ], [ 364192.073737050930504, 5722559.599067660048604 ], [ 364192.815106279682368, 5722559.100638994947076 ], [ 364193.534821079112589, 5722558.569407863542438 ], [ 364194.554508941364475, 5722557.863195350393653 ], [ 364195.594357813009992, 5722557.134185123257339 ], [ 364196.457935012993403, 5722556.287501628510654 ], [ 364196.977083010249771, 5722555.249765771441162 ], [ 364204.571643151924945, 5722524.521273721940815 ], [ 364181.534998072311282, 5722519.921119932085276 ], [ 364164.422571555303875, 5722518.555943209677935 ], [ 364146.372183122613933, 5722515.012662924826145 ], [ 364121.631111021735705, 5722508.833879576064646 ], [ 364134.28437822900014, 5722488.307321428321302 ], [ 364140.916717971500475, 5722460.175187099725008 ], [ 364137.251390336896293, 5722457.25797875225544 ], [ 364138.250115393602755, 5722452.679728957824409 ], [ 364164.570397574454546, 5722423.562251772731543 ], [ 364169.804214893141761, 5722405.994960292242467 ], [ 364183.678066092426889, 5722392.735802035778761 ], [ 364189.234009014617186, 5722387.411947710439563 ], [ 364181.887594063184224, 5722383.569820251315832 ], [ 364139.112664272892289, 5722361.105409298092127 ], [ 364180.143519980367273, 5722319.173701973631978 ], [ 364196.72102891857503, 5722303.438276510685682 ], [ 364182.953445089748129, 5722276.332820448093116 ], [ 364153.410125036607496, 5722245.589547802694142 ], [ 364127.32525212795008, 5722229.654041094705462 ], [ 364130.759391936706379, 5722207.2164575336501 ], [ 364107.603478207136504, 5722196.432542115449905 ], [ 363987.458981935400516, 5722133.996491410769522 ], [ 363988.136227895040065, 5722110.264203552156687 ], [ 363990.341118071926758, 5722107.534128997474909 ], [ 364011.616275677457452, 5722068.970325158908963 ], [ 364045.521667373948731, 5722006.141468306072056 ], [ 364046.567166667431593, 5722004.588798445649445 ], [ 364051.955375176272355, 5721996.62082480173558 ], [ 364056.377122702659108, 5721987.221060597337782 ], [ 364064.842925546341576, 5721965.705310025252402 ], [ 364067.097441195510328, 5721960.180779325775802 ], [ 364068.110465175064746, 5721953.298614024184644 ], [ 364068.269929925911129, 5721953.305454572662711 ], [ 364069.031500001787208, 5721953.040159217081964 ], [ 364069.457652802113444, 5721952.405525971204042 ], [ 364069.574748669750988, 5721950.321417485363781 ], [ 364069.31973286322318, 5721947.791060701943934 ], [ 364069.390224586124532, 5721945.519027087837458 ], [ 364070.11848415620625, 5721942.984489297494292 ], [ 364070.999887383542955, 5721940.479218517430127 ], [ 364071.937550674541853, 5721938.005819692276418 ], [ 364072.846935905516148, 5721935.510925124399364 ], [ 364083.129498308524489, 5721906.08991114795208 ], [ 364088.73960816883482, 5721884.472937102429569 ], [ 364089.232417185674421, 5721882.968520250171423 ], [ 364091.887038799701259, 5721874.807010738179088 ], [ 364093.083396531292237, 5721871.135953495278955 ], [ 364097.36353180592414, 5721869.084604312665761 ], [ 364100.500063536106609, 5721831.186927223578095 ], [ 364094.40467086515855, 5721831.406414963304996 ], [ 364081.459859703551047, 5721831.876811565831304 ], [ 364078.667299981112592, 5721832.074295931495726 ], [ 364075.882258747471496, 5721832.293835964053869 ], [ 364073.098756697785575, 5721832.313029884360731 ], [ 364070.393261093064211, 5721831.885003004223108 ], [ 364067.911100025987253, 5721831.005847827531397 ], [ 364065.551456517539918, 5721829.789555917493999 ], [ 364063.370889536221512, 5721828.279118882492185 ], [ 364061.391356132691726, 5721826.518458623439074 ], [ 364054.007663824013434, 5721819.005200932733715 ], [ 364051.536901993385982, 5721816.489912061952055 ], [ 364048.992738881730475, 5721821.031831415370107 ], [ 364046.134812033909839, 5721825.237217572517693 ], [ 364042.7121922186343, 5721829.046050096862018 ], [ 364039.013700587092899, 5721832.639741342514753 ], [ 364035.307396703807171, 5721836.200261247344315 ], [ 364028.404264773940668, 5721842.951507764868438 ], [ 364021.316435925196856, 5721849.52968202251941 ], [ 364014.043012771580834, 5721855.901424527168274 ], [ 364006.582499453332275, 5721862.011135634966195 ], [ 364000.261673805536702, 5721866.72144035436213 ], [ 363993.754050068673678, 5721871.18083153385669 ], [ 363987.174541676125955, 5721875.542012282647192 ], [ 363980.616703090840019, 5721879.936003514565527 ], [ 363968.704079713206738, 5721888.135236138477921 ], [ 363955.248783287941478, 5721896.910161072388291 ], [ 363923.486159383377526, 5721917.639828751794994 ], [ 363912.944112118100747, 5721924.52257468085736 ], [ 363855.438466442981735, 5721957.518976252526045 ], [ 363867.708004110725597, 5721904.719361851923168 ], [ 363869.325968996214215, 5721860.385771473869681 ], [ 363870.332387791189831, 5721844.779268283396959 ], [ 363861.825681180809624, 5721845.208629523403943 ], [ 363705.36402413866017, 5721853.341239737346768 ], [ 363670.159215124556795, 5721852.721349609084427 ], [ 363661.428719018294942, 5721852.556162414140999 ], [ 363658.679406028590165, 5721853.843273722566664 ], [ 363651.169580616406165, 5721857.339737595058978 ], [ 363592.58347492077155, 5721884.659548158757389 ], [ 363581.291792083065957, 5721889.927385051734746 ], [ 363575.673388142837211, 5721889.856426390819252 ], [ 363567.817010307335295, 5721889.745713219046593 ], [ 363564.228368310024962, 5721889.697890290990472 ], [ 363561.26443057868164, 5721888.676187777891755 ], [ 363560.907891512615606, 5721888.552271594293416 ], [ 363556.759125235839747, 5721886.73906175326556 ], [ 363550.482522831996903, 5721884.604925102554262 ], [ 363509.41924561857013, 5721870.656923707574606 ], [ 363500.032408832106739, 5721867.47174156177789 ], [ 363494.811242602998391, 5721865.698662772774696 ], [ 363480.594354631204624, 5721860.863419796340168 ], [ 363480.371100494230632, 5721860.802679167129099 ], [ 363438.532354988157749, 5721846.364279479719698 ], [ 363080.908447564928792, 5721916.974833286367357 ], [ 363076.386189771350473, 5721917.998694298788905 ], [ 363075.144499314657878, 5721908.462050799280405 ], [ 363072.367689665232319, 5721887.248964542523026 ], [ 363033.033214817754924, 5721786.602449852973223 ], [ 363032.148830629186705, 5721784.634456033818424 ], [ 363031.182303461071569, 5721782.702072350308299 ], [ 363030.23623587784823, 5721780.758006326854229 ], [ 363029.454753657220863, 5721778.753840507939458 ], [ 363029.090326158329844, 5721777.317043967545033 ], [ 363028.843246020958759, 5721775.865940129384398 ], [ 363028.630467111303005, 5721774.402778808027506 ], [ 363028.355403414811008, 5721772.941304872743785 ], [ 363022.238878293836024, 5721746.822143942117691 ], [ 362998.097819271148182, 5721658.706371706910431 ], [ 362961.141358583699912, 5721513.538612025789917 ], [ 362942.405589509406127, 5721433.778522422537208 ], [ 362918.339438948722091, 5721372.023794669657946 ], [ 362915.257963134790771, 5721364.128393401391804 ], [ 362910.366328775475267, 5721365.596396264620125 ], [ 362908.539807942113839, 5721360.56031497195363 ], [ 362902.00475484400522, 5721342.542838823981583 ], [ 362901.959308744233567, 5721342.399404004216194 ], [ 362901.240914192341734, 5721340.426928547210991 ], [ 362883.640828498348128, 5721291.873161673545837 ], [ 362873.131685579894111, 5721290.778235618025064 ], [ 362826.764044381910935, 5721307.003316381014884 ], [ 362825.309427266125567, 5721307.510162141174078 ], [ 362801.645309232699219, 5721315.786136394366622 ], [ 362801.178483711788431, 5721314.407772607170045 ], [ 362799.778307489701547, 5721310.283801547251642 ], [ 362788.155441577429883, 5721276.057117695920169 ], [ 362788.125946323736571, 5721275.991148601286113 ], [ 362784.143570708227344, 5721264.258763471618295 ], [ 362767.219176521350164, 5721258.263659263029695 ], [ 362753.661828492884524, 5721256.639648341573775 ], [ 362732.044743616017513, 5721254.088242843747139 ], [ 362718.022136460291222, 5721252.421314803883433 ], [ 362720.223064390185755, 5721269.454548832029104 ], [ 362723.063868056517094, 5721291.433610141277313 ], [ 362722.523095545708202, 5721294.731123285368085 ], [ 362715.900322576519102, 5721334.7389155915007 ], [ 362713.229296195553616, 5721350.902878844179213 ], [ 362713.067484823288396, 5721351.830916588194668 ], [ 362646.644391160341911, 5721362.003189595416188 ], [ 362621.042586748604663, 5721378.734501149505377 ], [ 362556.36934326949995, 5721387.525050145573914 ], [ 362533.159058959281538, 5721312.851019401103258 ], [ 362503.830926212540362, 5721230.998762466013432 ], [ 362446.600992097752169, 5721241.034930706955492 ], [ 362445.911588146933354, 5721241.153838185593486 ], [ 362407.777549153310247, 5721250.415095034986734 ], [ 362407.398998331977054, 5721250.503293153829873 ], [ 362360.271997003932483, 5721261.95706660207361 ], [ 362356.460030595539138, 5721262.884318684227765 ], [ 362337.4736616081791, 5721232.30873847194016 ], [ 362331.722052917233668, 5721223.050792376510799 ], [ 362324.623722745571285, 5721211.648373781703413 ], [ 362324.449134390568361, 5721211.341535145416856 ], [ 362322.561509828083217, 5721213.752123228274286 ], [ 362321.871927784581203, 5721214.627775639295578 ], [ 362293.773910435382277, 5721252.87292259093374 ], [ 362293.521198865259066, 5721253.258166193030775 ], [ 362281.876174636126962, 5721269.978394384495914 ], [ 362271.637818746559788, 5721263.068367282859981 ], [ 362212.825740214553662, 5721294.07150109577924 ], [ 362175.376414997852407, 5721312.418836389668286 ], [ 362173.429896979476325, 5721313.172973892651498 ], [ 362163.539947070763446, 5721317.014732195995748 ], [ 362160.848219363368116, 5721315.585784438066185 ], [ 362127.800378975225613, 5721297.969242660328746 ], [ 362126.015108496183529, 5721297.016371527686715 ], [ 362124.222612936515361, 5721296.052569689229131 ], [ 362122.410262696328573, 5721295.122694732621312 ], [ 362120.578967417473905, 5721294.260106789879501 ], [ 362118.580653082346544, 5721293.368688683025539 ], [ 362116.55616929277312, 5721292.533626432530582 ], [ 362114.525976485223509, 5721291.743233853019774 ], [ 362112.475929080101196, 5721290.986768376082182 ], [ 362110.015104178106412, 5721290.15247861854732 ], [ 362107.528413008782081, 5721289.38566520716995 ], [ 362105.042327520553954, 5721288.641093079000711 ], [ 362102.568870688672177, 5721287.851664530113339 ], [ 362101.422269291942939, 5721287.4600570499897 ], [ 362100.275364458444528, 5721287.057329789735377 ], [ 362099.141998598584905, 5721286.643105259165168 ], [ 362097.995093380566686, 5721286.240378510206938 ], [ 362096.826817825436592, 5721285.815978199243546 ], [ 362095.671474706032313, 5721285.357840541750193 ], [ 362094.503501996747218, 5721284.944560796953738 ], [ 362093.32380951999221, 5721284.609499078243971 ], [ 362067.416527393856086, 5721278.416556420736015 ], [ 361949.354367947787978, 5721250.178560157306492 ], [ 361871.428934058872983, 5721231.552204813808203 ], [ 361855.651226053480059, 5721227.776695121079683 ], [ 361855.602473204606213, 5721227.766898645088077 ], [ 361814.509350850014016, 5721217.939387520775199 ], [ 361808.493716787081212, 5721216.545810711570084 ], [ 361802.460050261579454, 5721215.252888712100685 ], [ 361796.407439878559671, 5721214.027261506766081 ], [ 361790.342807176173665, 5721212.868740003556013 ], [ 361784.683559066615999, 5721211.843813869170845 ], [ 361779.018602875410579, 5721210.863563324324787 ], [ 361773.328998548502568, 5721209.995276127941906 ], [ 361767.622579686110839, 5721209.272123252041638 ], [ 361741.191338996752165, 5721205.988506494089961 ], [ 361545.731330246315338, 5721184.962128811515868 ], [ 361522.59045492997393, 5721184.482927752658725 ], [ 361242.694240159762558, 5721122.614044655114412 ], [ 361226.110062879568432, 5721121.288578064180911 ], [ 361055.299359108321369, 5721072.673791225999594 ], [ 360938.293763916939497, 5721025.611732931807637 ], [ 360864.181096929416526, 5720995.81181497592479 ], [ 360689.14032682380639, 5721005.927775501273572 ], [ 360682.069389308686368, 5721087.193247072398663 ], [ 360680.184768191189505, 5721093.710791298188269 ], [ 360656.579477225197479, 5721093.248319433070719 ], [ 360641.310431719874032, 5721092.65638196375221 ], [ 360636.725011917937081, 5721088.387010145932436 ], [ 360640.221498103870545, 5721066.211820919066668 ], [ 360629.08346149767749, 5721063.959224983118474 ], [ 360608.033900708833244, 5721074.29903210606426 ], [ 360593.192981686966959, 5721080.194450369104743 ], [ 360565.717203820764553, 5721088.586060055531561 ], [ 360533.951967554516159, 5721094.147077715024352 ], [ 360505.047757469234057, 5721090.926923353224993 ], [ 360426.694919214700349, 5721091.786803756840527 ], [ 360400.503874802670907, 5721085.231719339266419 ], [ 360378.1559358597151, 5721075.120835088193417 ], [ 360363.994893903727643, 5721085.060058324597776 ] ] ] ] } },
{ "type": "Feature", "properties": { "full_id": "r63504", "osm_id": "63504", "osm_type": "relation", "boundary": "administrative", "note:de": null, "name:es": null, "name:de": null, "ref:nuts:2": null, "ref:nuts": null, "population": null, "name:sr": null, "name:ru": null, "name:la": null, "name:ksh": null, "name:ja": null, "name:ar": null, "de:place": null, "ref:nuts:3": null, "license_plate_code": null, "admin_centre:postal_code": null, "wikipedia": "de:Gladbeck", "wikidata": "Q3905", "website": "https://www.gladbeck.de", "opendata_portal": "no", "name:prefix": "Stadt", "de:regionalschluessel": "055620014014", "de:amtlicher_gemeindeschluessel": "05562014", "admin_title:de": "Stadt", "admin_title": "town", "TMC:cid_58:tabcd_1:LocationCode": "1342", "TMC:cid_58:tabcd_1:LCLversion": "9.00", "TMC:cid_58:tabcd_1:Class": "Area", "type": "boundary", "name": "Gladbeck", "admin_level": "8" }, "geometry": { "type": "MultiPolygon", "coordinates": [ [ [ [ 362860.87256255367538, 5712082.662779714912176 ], [ 362860.859701414243318, 5712072.692394441924989 ], [ 362860.802338442474138, 5712035.670923824422061 ], [ 362813.707552014268003, 5712033.606151676736772 ], [ 362814.379920924431644, 5712017.674848081544042 ], [ 362807.556020793737844, 5712013.975738814100623 ], [ 362775.843826272874139, 5712013.932277987711132 ], [ 362742.200256733223796, 5712016.623145760968328 ], [ 362717.271189269784372, 5712023.640854164026678 ], [ 362701.731304387620185, 5712028.635143153369427 ], [ 362701.301869901712053, 5712024.56276863720268 ], [ 362692.416056096320972, 5712014.676784500479698 ], [ 362678.510160826379433, 5712002.367276947014034 ], [ 362675.530755679646973, 5712000.734223740175366 ], [ 362662.229854802950285, 5711997.188422387465835 ], [ 362652.650739932316355, 5711990.147805751301348 ], [ 362649.218065739667509, 5711993.045037976466119 ], [ 362605.352382268989459, 5711978.286623714491725 ], [ 362605.482102308189496, 5711974.366028017364442 ], [ 362588.612549308454618, 5711968.702601455152035 ], [ 362588.939975060638972, 5711967.469642447307706 ], [ 362606.920340980519541, 5711899.123556918464601 ], [ 362530.608450593077578, 5711909.53736315947026 ], [ 362488.037827356194612, 5711774.939892280846834 ], [ 362187.985864317510277, 5711689.284604297019541 ], [ 362255.064392464235425, 5711453.472046320326626 ], [ 362227.076848805707414, 5711416.952964650467038 ], [ 362219.194431885553058, 5711402.689393557608128 ], [ 362200.743816561647691, 5711372.376846275292337 ], [ 362170.306787839974277, 5711306.780084052123129 ], [ 362149.050939900334924, 5711257.281171599403024 ], [ 362123.676068607019261, 5711219.923758742399514 ], [ 362106.364227707847022, 5711233.848166225478053 ], [ 362074.385549831320532, 5711196.114078942686319 ], [ 362059.618645467911847, 5711206.642152877524495 ], [ 362020.043229720380623, 5711162.649513359181583 ], [ 361960.771886501810513, 5711169.714682591147721 ], [ 361952.36470850254409, 5710995.921929464675486 ], [ 361948.592474405071698, 5710989.15852362010628 ], [ 361945.871564328786917, 5710984.302805162966251 ], [ 361944.407663189282175, 5710939.941453481093049 ], [ 361853.644483315467369, 5710947.508673002943397 ], [ 361838.640703236334957, 5710946.292520720511675 ], [ 361836.621272454562131, 5710946.047053929418325 ], [ 361829.014451747003477, 5710946.810614556074142 ], [ 361822.825595141272061, 5710948.670637756586075 ], [ 361794.346686879987828, 5710962.354964080266654 ], [ 361759.553279683867004, 5710979.39415346737951 ], [ 361765.92943401588127, 5711029.497337026521564 ], [ 361757.942754081683233, 5711032.107502527534962 ], [ 361754.568624123523477, 5711034.614248260855675 ], [ 361737.953317315841559, 5711039.707457819953561 ], [ 361729.144320431631058, 5711039.647070346400142 ], [ 361720.931008137064055, 5711029.866724445484579 ], [ 361717.137711216462776, 5711027.688845264725387 ], [ 361704.684034125122707, 5711029.630752893164754 ], [ 361694.330901725566946, 5711034.030388829298317 ], [ 361672.793788412353024, 5711045.701184595003724 ], [ 361661.082534872111864, 5711045.597637097351253 ], [ 361652.181387169635855, 5711048.266292130574584 ], [ 361642.930533595441375, 5711057.198519071564078 ], [ 361641.23639375588391, 5711066.080469983629882 ], [ 361633.789411951438524, 5711073.461221903562546 ], [ 361628.795787237235345, 5711083.256649535149336 ], [ 361631.81022826989647, 5711106.499035985209048 ], [ 361624.215498973266222, 5711111.51353922393173 ], [ 361617.763597111799754, 5711112.880232771858573 ], [ 361609.114364367444068, 5711117.400499874725938 ], [ 361599.884277334494982, 5711115.638093430548906 ], [ 361597.405790880788118, 5711106.95897881872952 ], [ 361586.8558300115983, 5711106.679262073710561 ], [ 361578.279828170081601, 5711105.488840848207474 ], [ 361545.619542909844313, 5711084.157125804573298 ], [ 361534.348022474790923, 5711085.922532565891743 ], [ 361518.200463933346327, 5711091.103865726850927 ], [ 361513.946742949658073, 5711095.960573547519743 ], [ 361499.502642391482368, 5711098.202147455886006 ], [ 361488.395900782314129, 5711098.883727999404073 ], [ 361478.462211311154533, 5711104.908207518979907 ], [ 361469.476131791714579, 5711116.660094026476145 ], [ 361459.573150145122781, 5711126.856837330386043 ], [ 361439.378632201463915, 5711125.650095283985138 ], [ 361428.643919056281447, 5711122.671608976088464 ], [ 361425.304474547447171, 5711118.055607267655432 ], [ 361420.975565090076998, 5711103.640460476279259 ], [ 361409.686377601930872, 5711113.140709488652647 ], [ 361400.334986422327347, 5711106.941835059784353 ], [ 361373.098838333098684, 5711094.666016754694283 ], [ 361349.614899139734916, 5711092.714894785545766 ], [ 361327.496235875063576, 5711097.548136436380446 ], [ 361320.998702706943732, 5711107.908026296645403 ], [ 361310.142531320161652, 5711107.091972895897925 ], [ 361296.922454903949983, 5711105.361290378496051 ], [ 361280.621186227712315, 5711089.682249770499766 ], [ 361259.118698045262136, 5711085.83008670154959 ], [ 361235.038297855178826, 5711079.077296580187976 ], [ 361226.99535616429057, 5711082.157235218212008 ], [ 361212.178140404168516, 5711082.429017808288336 ], [ 361207.884443665388972, 5711074.144694906659424 ], [ 361207.230398108193185, 5711071.547462869435549 ], [ 361180.60693305102177, 5711093.86456772685051 ], [ 361167.81754852773156, 5711120.810919693671167 ], [ 361164.946545172831975, 5711148.031156015582383 ], [ 361166.593866402981803, 5711172.468107271939516 ], [ 361175.582338857639115, 5711196.592885919846594 ], [ 361188.783131297910586, 5711212.590117873623967 ], [ 361179.636097789974883, 5711230.856956334784627 ], [ 361162.695661639852915, 5711238.23115214612335 ], [ 361180.601949489326216, 5711271.225880830548704 ], [ 361184.298176532669459, 5711297.498565155081451 ], [ 361176.032397729402874, 5711337.563703502528369 ], [ 361171.976952281664126, 5711349.392678537406027 ], [ 361151.629536585067399, 5711408.750975590199232 ], [ 361148.846546111511998, 5711416.861712099052966 ], [ 361129.943110031890683, 5711489.144962789490819 ], [ 361116.745766233070754, 5711602.780306775122881 ], [ 361106.506435644463636, 5711644.223919104784727 ], [ 361086.934416214295197, 5711682.15067602135241 ], [ 361068.186740283854306, 5711709.371856792829931 ], [ 361047.153739340719767, 5711729.411251053214073 ], [ 360997.017780506866984, 5711765.950133010745049 ], [ 360870.274075036635622, 5711855.212666855193675 ], [ 360689.414102188777179, 5711979.79459535703063 ], [ 360356.573087531782221, 5712208.586851003579795 ], [ 360172.596992047678214, 5712339.305739051662385 ], [ 360158.458106737816706, 5712344.925908251665533 ], [ 360148.79683042812394, 5712348.608721344731748 ], [ 359906.80640449677594, 5712442.767772263847291 ], [ 359690.502780408249237, 5712525.856340060941875 ], [ 359646.102235144760925, 5712540.873101164586842 ], [ 359578.579959817463532, 5712557.5431610904634 ], [ 359143.693557548278477, 5712653.50154672935605 ], [ 359051.048622801026795, 5712669.87512506917119 ], [ 359038.694641418522224, 5712671.743129733018577 ], [ 358966.835989384097047, 5712682.566069320775568 ], [ 358891.021389251109213, 5712690.350772745907307 ], [ 358789.384880487574264, 5712694.994067124091089 ], [ 358612.409105242229998, 5712707.782290602102876 ], [ 358564.277644704445265, 5712713.019539493136108 ], [ 358522.44205019203946, 5712725.315101887099445 ], [ 358494.0724213248468, 5712743.022025872021914 ], [ 358464.188757161726244, 5712773.346576848998666 ], [ 358447.062305875238962, 5712808.545562230050564 ], [ 358404.497929293080233, 5712931.357390660792589 ], [ 358388.603156092925929, 5712963.172549786046147 ], [ 358368.413638322497718, 5712987.77404903806746 ], [ 358340.832196462550201, 5713008.787336084060371 ], [ 358268.474515856476501, 5713053.431701695546508 ], [ 358065.5668957712478, 5713189.523205935023725 ], [ 357988.262471221736632, 5713240.430998229421675 ], [ 357955.864775583439041, 5713257.575150698423386 ], [ 357903.699828482232988, 5713277.621641932055354 ], [ 357850.119770757853985, 5713293.702082402072847 ], [ 357741.04873255151324, 5713329.924615929834545 ], [ 357704.886165419360623, 5713351.304786111228168 ], [ 357687.347213678644039, 5713376.491422262974083 ], [ 357624.292425030376762, 5713484.973914016038179 ], [ 357606.664104752824642, 5713506.947220333851874 ], [ 357586.189474645187147, 5713523.658829142339528 ], [ 357551.913327611167915, 5713542.972917483188212 ], [ 357495.765907922293991, 5713573.463071671314538 ], [ 357331.821130796684884, 5713663.887198657728732 ], [ 357299.46614275930915, 5713682.38113874103874 ], [ 357271.482799859542865, 5713693.518594146706164 ], [ 357226.399118738248944, 5713708.587694495916367 ], [ 357197.117529345443472, 5713720.418729835189879 ], [ 357181.712242686422542, 5713732.315239718183875 ], [ 357126.210420496528968, 5713733.879273064434528 ], [ 357125.509345882630441, 5713734.110477430745959 ], [ 357126.894304538960569, 5713783.493765366263688 ], [ 357115.433443016721867, 5713795.279318898916245 ], [ 357101.087857629172504, 5713800.457904053851962 ], [ 357087.265470405051019, 5713802.294313170947134 ], [ 357029.126918464899063, 5713804.056199349462986 ], [ 357005.424444908509031, 5713807.061804620549083 ], [ 356976.541201719664969, 5713813.552296525798738 ], [ 356973.419621036620811, 5713823.144253810867667 ], [ 356955.717170004034415, 5713822.931547406129539 ], [ 356924.863480374915525, 5713845.380815085023642 ], [ 356899.400986913009547, 5713869.581083441153169 ], [ 356875.286146675527561, 5713895.06775117944926 ], [ 356859.429753756616265, 5713923.125750165432692 ], [ 356844.568433688138612, 5713952.023741350509226 ], [ 356829.543650160776451, 5713989.617903053760529 ], [ 356803.790354548254982, 5714040.313196387141943 ], [ 356790.335020969738252, 5714067.391070993617177 ], [ 356775.782603977480903, 5714114.309057747945189 ], [ 356764.09879656881094, 5714137.786908996291459 ], [ 356745.427591221116018, 5714166.581481507979333 ], [ 356732.114866357296705, 5714196.226244186982512 ], [ 356710.687821722123772, 5714255.35779963247478 ], [ 356679.022104697476607, 5714322.791668522171676 ], [ 356657.255442495807074, 5714362.023863340727985 ], [ 356636.999717574683018, 5714394.091054181568325 ], [ 356620.4317312897183, 5714425.820303947664797 ], [ 356609.886315981624648, 5714460.061234386637807 ], [ 356601.126849198946729, 5714479.216766361147165 ], [ 356587.811031387769617, 5714493.738162249326706 ], [ 356557.629992155299988, 5714507.156652679666877 ], [ 356550.142958405194804, 5714510.484616753645241 ], [ 356547.396041070926003, 5714492.099824275821447 ], [ 356525.310416152933612, 5714502.852174455299973 ], [ 356504.517555367841851, 5714506.100645850412548 ], [ 356474.827395884203725, 5714507.94299453496933 ], [ 356437.651247687987052, 5714505.557212929241359 ], [ 356385.142902584164403, 5714500.367707758210599 ], [ 356359.796232601860538, 5714494.186238569207489 ], [ 356337.97101847990416, 5714495.027461498975754 ], [ 356313.159789469093084, 5714488.163318246603012 ], [ 356295.55290992022492, 5714493.447909627109766 ], [ 356271.084893065970391, 5714493.796794560737908 ], [ 356249.461455317330547, 5714499.306751331314445 ], [ 356190.927736291079782, 5714526.229689775034785 ], [ 356177.099026315729134, 5714527.523555621504784 ], [ 356162.966216297703795, 5714520.791125954128802 ], [ 356136.617507382819895, 5714508.640800688415766 ], [ 356108.930347435874864, 5714510.428436392918229 ], [ 356090.534348168061115, 5714497.930131101049483 ], [ 356064.258702490362339, 5714503.016557314433157 ], [ 356024.091297656297684, 5714524.512070005759597 ], [ 355983.556306654820219, 5714528.423764682374895 ], [ 355975.873872277035844, 5714704.487952630966902 ], [ 356054.116737698961515, 5714837.012028942815959 ], [ 356144.537392273545265, 5714814.746352109126747 ], [ 356145.248634531686548, 5714824.408188642933965 ], [ 356150.651013429742306, 5714897.927268042229116 ], [ 356145.680736013804562, 5714906.081082307733595 ], [ 355954.25609015696682, 5715080.765779729001224 ], [ 355908.405839770333841, 5715221.724742500111461 ], [ 355989.662089339573868, 5715265.254032647237182 ], [ 356012.351724071893841, 5715253.702951170504093 ], [ 356137.971799259190448, 5715347.834067714400589 ], [ 356166.947791323531419, 5715328.092459466308355 ], [ 356183.394797755754553, 5715308.929231114685535 ], [ 356196.395710239477921, 5715278.301077650859952 ], [ 356210.816625350795221, 5715251.516607570461929 ], [ 356246.379316157195717, 5715221.906545571982861 ], [ 356295.408624411153141, 5715207.383765294216573 ], [ 356318.03040902200155, 5715193.165118254721165 ], [ 356368.420745829003863, 5715155.690370261669159 ], [ 356419.278436720313039, 5715186.0771410362795 ], [ 356521.688411117182113, 5715205.322271045297384 ], [ 356620.392387607833371, 5715441.873727384954691 ], [ 356647.454257050878368, 5715551.004144478589296 ], [ 356660.856487425393425, 5715605.077808146364987 ], [ 356714.343009324860759, 5715811.983552038669586 ], [ 356753.162512091279496, 5715966.009007334709167 ], [ 356761.32994715240784, 5716004.71746714040637 ], [ 356764.350881110643968, 5716045.585765766911209 ], [ 356764.648961999861058, 5716085.306902833282948 ], [ 356758.540329809766263, 5716129.204432490281761 ], [ 356748.976555620727595, 5716171.307809971272945 ], [ 356737.10647217737278, 5716204.918450823053718 ], [ 356723.665011849603616, 5716231.996494926512241 ], [ 356676.891229315137025, 5716308.995274451561272 ], [ 356629.597178074531257, 5716381.769234811887145 ], [ 356584.68399325851351, 5716448.466760449111462 ], [ 356554.800081890425645, 5716494.718405042774975 ], [ 356539.505071581108496, 5716525.076871369965374 ], [ 356529.864069311530329, 5716563.866625770926476 ], [ 356520.783260560187045, 5716686.295472455210984 ], [ 356517.386599893681705, 5716776.857463692314923 ], [ 356524.01835700799711, 5716793.140147168189287 ], [ 356553.120394620811567, 5716856.183703627437353 ], [ 356577.397407791169826, 5716900.901433398015797 ], [ 356601.473115659726318, 5716938.279979626648128 ], [ 356614.382113961211871, 5716946.361169854179025 ], [ 356663.007411636062898, 5716986.717395751737058 ], [ 356713.839431922941003, 5717014.436119610443711 ], [ 356755.045185182592832, 5717035.182817069813609 ], [ 356781.817245309357531, 5717057.907202555797994 ], [ 356809.367867849592585, 5717068.701944944448769 ], [ 356844.725699355709367, 5717082.236351514235139 ], [ 356846.996482968796045, 5717083.106968358159065 ], [ 356860.979920558398589, 5717085.816582574509084 ], [ 356863.40594783553388, 5717086.293312206864357 ], [ 356889.10008440510137, 5717091.264978522434831 ], [ 356890.699859137530439, 5717092.432797375135124 ], [ 356932.426927064196207, 5717122.84814163018018 ], [ 356951.870464055449702, 5717136.999869991093874 ], [ 356986.297760356334038, 5717170.637742455117404 ], [ 357058.851215289323591, 5717196.844879005104303 ], [ 357147.63103808258893, 5717225.944946619682014 ], [ 357149.173905831237789, 5717280.877270607277751 ], [ 357198.412643310672138, 5717286.721999899484217 ], [ 357204.038207424047869, 5717294.464727700687945 ], [ 357212.332376103673596, 5717286.218149172142148 ], [ 357231.406449840869755, 5717284.122266246937215 ], [ 357251.419474723166786, 5717271.316426984034479 ], [ 357287.355264646117575, 5717259.953734562732279 ], [ 357309.46021154965274, 5717258.151101235300303 ], [ 357337.492697812558617, 5717255.869946083985269 ], [ 357402.36602861888241, 5717243.581549615599215 ], [ 357491.366982084349729, 5717218.829596361145377 ], [ 357533.724935558857396, 5717217.39278359990567 ], [ 357539.978975936130155, 5717217.183434649370611 ], [ 357571.962336917524226, 5717216.105616801418364 ], [ 357739.036450809217058, 5717286.08203914295882 ], [ 357751.394539623928722, 5717296.863489574752748 ], [ 357785.652479585143737, 5717341.740074544213712 ], [ 357833.224568657286, 5717372.23203373234719 ], [ 357846.240309765446, 5717398.797912208363414 ], [ 357853.722029653377831, 5717403.807193323038518 ], [ 357895.612622593645938, 5717424.554715741425753 ], [ 357921.488701683934778, 5717425.4978162124753 ], [ 357933.073654203675687, 5717432.962782614864409 ], [ 357937.628290942404419, 5717447.302215063013136 ], [ 357942.721173148835078, 5717475.637506234459579 ], [ 357982.779123205458745, 5717532.16005274746567 ], [ 357998.516932333237492, 5717544.850410992279649 ], [ 358011.685688233701512, 5717559.61601800378412 ], [ 358014.648911127820611, 5717566.655240715481341 ], [ 358009.882711418205872, 5717579.364267375320196 ], [ 358021.160863492870703, 5717596.174943909049034 ], [ 358030.6041637994349, 5717616.275527633726597 ], [ 358039.920172076963354, 5717624.917203231714666 ], [ 358065.964597423560917, 5717639.321916261687875 ], [ 358105.558374086685944, 5717669.483493384905159 ], [ 358121.176716540358029, 5717680.163269094191492 ], [ 358132.888191467907745, 5717690.195822197012603 ], [ 358147.589456916088238, 5717692.888763852417469 ], [ 358159.44143055472523, 5717707.691617291420698 ], [ 358182.583426137047354, 5717739.761437657289207 ], [ 358199.602503217407502, 5717750.969759800471365 ], [ 358239.361083667725325, 5717799.701356899924576 ], [ 358252.344040587136988, 5717810.35514865629375 ], [ 358267.728603315073997, 5717830.289769169874489 ], [ 358283.372586474113632, 5717856.771922647021711 ], [ 358285.28572920395527, 5717870.640261487103999 ], [ 358304.86541388661135, 5717886.92977536842227 ], [ 358324.271446824772283, 5717901.477027707733214 ], [ 358328.161512122373097, 5717931.749265627935529 ], [ 358336.799498820328154, 5717980.35099973063916 ], [ 358338.344450930482708, 5718050.418015509843826 ], [ 358370.697279505431652, 5718064.970358113758266 ], [ 358453.309220143069979, 5718094.710013804957271 ], [ 358464.020674109982792, 5718096.302364541217685 ], [ 358489.790354116761591, 5718095.804462892003357 ], [ 358497.296305305091664, 5718101.492791198194027 ], [ 358508.128073909203522, 5718109.870314200408757 ], [ 358523.695690691354685, 5718116.334918534383178 ], [ 358534.844631076441146, 5718128.376066707074642 ], [ 358553.214476081775501, 5718140.872041566297412 ], [ 358560.401670629740693, 5718145.82374906912446 ], [ 358564.090777633129619, 5718148.369273581542075 ], [ 358580.817817308416124, 5718151.685644131153822 ], [ 358640.152024184935726, 5718259.077306916005909 ], [ 358643.272802999126725, 5718271.554325999692082 ], [ 358661.530398785253055, 5718280.058633897453547 ], [ 358693.397977673390415, 5718314.557772800326347 ], [ 358701.397914577042684, 5718335.478746062144637 ], [ 358720.546694881282747, 5718363.756117996759713 ], [ 358730.84978758537909, 5718372.593978549353778 ], [ 358740.661581145017408, 5718386.676001940853894 ], [ 358758.677958899876103, 5718389.289221623912454 ], [ 358771.290493648732081, 5718406.631717763841152 ], [ 358787.720010467397515, 5718419.193746293894947 ], [ 358804.768771642120555, 5718448.987838469445705 ], [ 358925.320560801075771, 5718433.384871701709926 ], [ 358933.170788462157361, 5718443.504503743723035 ], [ 358942.701165328733623, 5718450.249882283620536 ], [ 359059.138927007617895, 5718421.299229121766984 ], [ 359089.94361180847045, 5718412.773964791558683 ], [ 359111.415975761134177, 5718404.608811909332871 ], [ 359125.476164174324367, 5718392.08734776545316 ], [ 359155.572677224641666, 5718415.387566663324833 ], [ 359214.009503612294793, 5718432.268530678004026 ], [ 359319.628674652427435, 5718410.246354884468019 ], [ 359407.033034253749065, 5718392.393624677322805 ], [ 359372.347647884278558, 5718511.453029544092715 ], [ 359369.971776621881872, 5718527.711038679815829 ], [ 359369.471385647193529, 5718546.865995412692428 ], [ 359379.551700508338399, 5718662.979100117459893 ], [ 359397.997839066199958, 5718660.908615185879171 ], [ 359411.687174580525607, 5718672.213269133120775 ], [ 359419.110167535836808, 5718675.234343159012496 ], [ 359437.159629663918167, 5718696.311201578006148 ], [ 359451.876299571478739, 5718699.697306762449443 ], [ 359469.16479334817268, 5718706.105766150169075 ], [ 359476.699466199614108, 5718707.910812015645206 ], [ 359493.158881317242049, 5718706.674827481620014 ], [ 359518.767017746751662, 5718718.20529362000525 ], [ 359540.120721064100508, 5718721.273881192319095 ], [ 359553.64774403598858, 5718729.244851478375494 ], [ 359564.814495184109546, 5718742.066607527434826 ], [ 359600.303365162224509, 5718752.55543150473386 ], [ 359659.268213512725197, 5718769.93855890724808 ], [ 359675.491702207829803, 5718777.946351350285113 ], [ 359694.589926138170995, 5718791.661309790797532 ], [ 359714.325939888251014, 5718788.888490631245077 ], [ 359738.444163038162515, 5718796.455072059296072 ], [ 359777.661250973294955, 5718816.723871956579387 ], [ 359797.05070094630355, 5718821.205617034807801 ], [ 359817.637308335979469, 5718838.886037100106478 ], [ 359940.700191324111074, 5718966.883662270382047 ], [ 359961.431121669302229, 5718987.565314248204231 ], [ 359989.554919042973779, 5718994.688335440121591 ], [ 359989.671710922615603, 5719013.937352378852665 ], [ 360005.787609903840348, 5719030.629327246919274 ], [ 360012.169090024952311, 5719043.128112697042525 ], [ 360024.517429376137443, 5719046.12506977468729 ], [ 360029.252653385978192, 5719062.241648770868778 ], [ 360054.100873894116376, 5719086.248460265807807 ], [ 360084.884037496929523, 5719139.704114076681435 ], [ 360095.955421809456311, 5719154.421423717401922 ], [ 360099.347163212485611, 5719166.56895590107888 ], [ 360106.90679235663265, 5719166.805096553638577 ], [ 360106.039549758308567, 5719173.283578492701054 ], [ 360111.341277847299352, 5719194.614934945479035 ], [ 360127.02198182157008, 5719197.853854304179549 ], [ 360135.144234435632825, 5719203.405013663694263 ], [ 360143.740617720643058, 5719211.068615938536823 ], [ 360149.32888526795432, 5719217.702523247338831 ], [ 360148.296639266307466, 5719298.189793813042343 ], [ 360148.703459085314535, 5719302.629932784475386 ], [ 360149.486797980847768, 5719311.166066125035286 ], [ 360143.964368527638726, 5719627.778754375874996 ], [ 360119.38292538782116, 5719738.619012907147408 ], [ 360147.349998124525882, 5719848.006542646326125 ], [ 360139.917427596985362, 5719852.329546830616891 ], [ 360153.351319872308522, 5719904.69599143974483 ], [ 360174.461663837602828, 5719949.29405536595732 ], [ 360177.675707809510641, 5719967.56719365529716 ], [ 360183.908434647019021, 5719977.744406039826572 ], [ 360218.51922845817171, 5719991.922669093124568 ], [ 360271.602819396881387, 5720012.701979867182672 ], [ 360266.625641080958303, 5720035.430230120196939 ], [ 360249.985283464367967, 5720050.023044148460031 ], [ 360250.040025266818702, 5720099.654476094990969 ], [ 360241.104284402274061, 5720107.234999207779765 ], [ 360193.949176679598168, 5720120.445466595701873 ], [ 360145.883738806820475, 5720125.780335097573698 ], [ 360138.13927136932034, 5720131.336117534898221 ], [ 360147.612250027479604, 5720231.6533726695925 ], [ 360147.729404910409357, 5720234.888520191423595 ], [ 360156.652341589448042, 5720307.299652655608952 ], [ 360157.904222334560473, 5720322.511056182906032 ], [ 360155.677258260024246, 5720331.920544158667326 ], [ 360150.938863246003166, 5720345.962143918499351 ], [ 360151.722268105251715, 5720364.525043098255992 ], [ 360140.951854425598867, 5720393.423023447394371 ], [ 360140.280558140715584, 5720409.232898126356304 ], [ 360145.03209035663167, 5720428.242504775524139 ], [ 360173.485695042472798, 5720475.408467792905867 ], [ 360188.688237793336157, 5720506.604230491444468 ], [ 360193.038548668730073, 5720523.388139753602445 ], [ 360188.972720765334088, 5720546.970484454184771 ], [ 360186.062357636692468, 5720556.966407629661262 ], [ 360174.824489313759841, 5720556.164215399883687 ], [ 360166.418595891445875, 5720592.898018905892968 ], [ 360161.405882310005836, 5720632.086450763046741 ], [ 360150.211157012498006, 5720665.659014732576907 ], [ 360139.216243126196787, 5720688.665153457783163 ], [ 360120.558679511363152, 5720717.892624232918024 ], [ 360110.30851510487264, 5720742.770084667019546 ], [ 360109.316667421429884, 5720767.269068388268352 ], [ 360110.297048865060788, 5720804.967535071074963 ], [ 360107.842646680597682, 5720844.207714626565576 ], [ 360112.340248900232837, 5720856.547221236862242 ], [ 360137.152431552181952, 5720842.740493698045611 ], [ 360151.161868210940156, 5720850.354468389414251 ], [ 360246.060554809460882, 5720973.572065869346261 ], [ 360256.78544345672708, 5720993.195681052282453 ], [ 360266.628269521403126, 5721008.726150293834507 ], [ 360279.519239554007072, 5721026.275703150779009 ], [ 360295.230233457288705, 5721041.098802915774286 ], [ 360308.768484533531591, 5721049.738889008760452 ], [ 360322.479772110003978, 5721057.372667301446199 ], [ 360357.34391879546456, 5721079.245463332161307 ], [ 360363.994893903727643, 5721085.060058324597776 ], [ 360378.1559358597151, 5721075.120835088193417 ], [ 360400.503874802670907, 5721085.231719339266419 ], [ 360426.694919214700349, 5721091.786803756840527 ], [ 360505.047757469234057, 5721090.926923353224993 ], [ 360533.951967554516159, 5721094.147077715024352 ], [ 360565.717203820764553, 5721088.586060055531561 ], [ 360593.192981686966959, 5721080.194450369104743 ], [ 360608.033900708833244, 5721074.29903210606426 ], [ 360629.08346149767749, 5721063.959224983118474 ], [ 360640.221498103870545, 5721066.211820919066668 ], [ 360636.725011917937081, 5721088.387010145932436 ], [ 360641.310431719874032, 5721092.65638196375221 ], [ 360656.579477225197479, 5721093.248319433070719 ], [ 360680.184768191189505, 5721093.710791298188269 ], [ 360682.069389308686368, 5721087.193247072398663 ], [ 360689.14032682380639, 5721005.927775501273572 ], [ 360691.675944513408467, 5720940.812211499549448 ], [ 360691.681229951442219, 5720928.682070136070251 ], [ 360744.94117947621271, 5720930.887639608234167 ], [ 360860.12818609556416, 5720921.262749204412103 ], [ 360859.994415447115898, 5720918.918333024717867 ], [ 360957.010374707053415, 5720913.256565880961716 ], [ 361000.86972041655099, 5720898.808114531449974 ], [ 361132.820817059720866, 5720884.388683916069567 ], [ 361138.264504507242236, 5720906.05086057446897 ], [ 361144.214974081260152, 5720905.553627738729119 ], [ 361179.379995640134439, 5720882.220190922729671 ], [ 361200.763003147440031, 5720846.356310951523483 ], [ 361209.227946435043123, 5720811.525856639258564 ], [ 361244.292852114478592, 5720799.657895137555897 ], [ 361309.667942978674546, 5720763.934308774769306 ], [ 361352.763298210804351, 5720747.061719978228211 ], [ 361384.659046515997034, 5720677.414151675999165 ], [ 361398.855386829760391, 5720659.553568398579955 ], [ 361397.137943965033628, 5720644.911195445805788 ], [ 361376.168453273479827, 5720569.824145935475826 ], [ 361366.835134794004261, 5720542.704184181056917 ], [ 361353.383017545565963, 5720516.709818170405924 ], [ 361340.927980535314418, 5720497.020188403315842 ], [ 361306.248109366279095, 5720496.234987623058259 ], [ 361263.570123569457792, 5720497.83943051751703 ], [ 361263.790403085295111, 5720495.262734585441649 ], [ 361263.374454349046573, 5720495.251886911690235 ], [ 361266.368379598832689, 5720417.504867997951806 ], [ 361267.165298089093994, 5720413.977573847398162 ], [ 361266.155849868897349, 5720399.905616213567555 ], [ 361271.657773703918792, 5720394.146016225218773 ], [ 361277.546427502471488, 5720368.133315091021359 ], [ 361291.446064658812247, 5720326.799747365526855 ], [ 361293.351042876485735, 5720315.930738175287843 ], [ 361293.35522108245641, 5720315.830468315631151 ], [ 361252.279833906679414, 5720302.167383796535432 ], [ 361252.418458100873977, 5720300.149346607737243 ], [ 361252.560344856698066, 5720297.997679517604411 ], [ 361246.751765853783581, 5720295.86456495989114 ], [ 361259.255922295909841, 5720199.105409985408187 ], [ 361254.603968509356491, 5720196.206086758524179 ], [ 361252.366302918759175, 5720193.429728749208152 ], [ 361252.39676665852312, 5720192.772319528274238 ], [ 361252.796087194932625, 5720183.335640138015151 ], [ 361254.595883426314685, 5720140.341910414397717 ], [ 361255.128130551544018, 5720118.827310310676694 ], [ 361254.543954882770777, 5720116.472990972921252 ], [ 361253.832911874342244, 5720114.545029225759208 ], [ 361246.680307532660663, 5720095.244316348806024 ], [ 361235.862979852827266, 5720076.711838758550584 ], [ 361232.397934832726605, 5720060.25900817848742 ], [ 361215.233576346072368, 5720026.042757267132401 ], [ 361221.247065754374489, 5720026.289533694274724 ], [ 361226.081821741187014, 5720026.501882269978523 ], [ 361196.202134931168985, 5719935.401318133808672 ], [ 361218.787688829295803, 5719796.467247822321951 ], [ 361145.353515287395567, 5719740.959667175076902 ], [ 361108.979185338597745, 5719713.72543918248266 ], [ 361108.631904408568516, 5719713.189682787284255 ], [ 361106.870432103401981, 5719711.869250632822514 ], [ 361115.827884136466309, 5719645.442932469770312 ], [ 361117.271486660232767, 5719597.573575887829065 ], [ 361117.555089041008614, 5719595.284475522115827 ], [ 361116.774962006369606, 5719595.639741067774594 ], [ 361119.290717616095208, 5719581.526683687232435 ], [ 361122.816290962451603, 5719553.464323196560144 ], [ 361126.186783013283275, 5719542.721962622366846 ], [ 361126.979529660544358, 5719538.282242183573544 ], [ 361124.438654023804702, 5719533.811610211618245 ], [ 361113.917186691309325, 5719517.530276011675596 ], [ 361107.631155553972349, 5719504.348790272139013 ], [ 361105.914346426608972, 5719501.124178804457188 ], [ 361082.205190805019811, 5719459.28696971014142 ], [ 361126.180046437308192, 5719431.905886743217707 ], [ 361137.149738291976973, 5719423.614651239477098 ], [ 361146.385764513106551, 5719419.310457381419837 ], [ 361148.74294515280053, 5719417.843596998602152 ], [ 361149.375756378285587, 5719417.926386557519436 ], [ 361150.682637322053779, 5719417.322976759634912 ], [ 361160.50928124593338, 5719418.633552527986467 ], [ 361180.126525598810986, 5719420.699331521987915 ], [ 361187.839969134598505, 5719399.032237594015896 ], [ 361201.36757462710375, 5719350.864847675897181 ], [ 361208.292154721100815, 5719320.639474832452834 ], [ 361210.264680930413306, 5719317.525072393007576 ], [ 361210.345236592693254, 5719317.177883857861161 ], [ 361258.695381229394116, 5719238.788101346231997 ], [ 361231.785807758802548, 5719140.628366347402334 ], [ 361225.393743940163404, 5719119.793340346775949 ], [ 361224.435601253295317, 5719116.692551082000136 ], [ 361221.893889135157224, 5719108.40486746840179 ], [ 361221.811298441840336, 5719106.404029820114374 ], [ 361223.117305979249068, 5719089.341840240173042 ], [ 361250.633689337526448, 5719004.156540758907795 ], [ 361251.554837986128405, 5719002.117054252885282 ], [ 361252.469063069263939, 5719000.077757782302797 ], [ 361271.743283544201404, 5718938.766336491331458 ], [ 361276.363874150789343, 5718924.050418125465512 ], [ 361295.536457159323618, 5718879.234102046117187 ], [ 361297.054816986666992, 5718876.733124031685293 ], [ 361297.413197777583264, 5718876.155756344087422 ], [ 361298.286493293766398, 5718873.12717030197382 ], [ 361309.160830940352753, 5718854.979290450923145 ], [ 361330.075154690770432, 5718808.457281246781349 ], [ 361331.775061042280868, 5718803.981626407243311 ], [ 361325.101275032153353, 5718792.335079691372812 ], [ 361330.210576320649125, 5718788.867706892080605 ], [ 361319.27712223934941, 5718709.021059131249785 ], [ 361318.485286150535103, 5718707.18432601634413 ], [ 361316.651456530322321, 5718689.829868044704199 ], [ 361315.04858859651722, 5718678.122273695655167 ], [ 361301.790578880347311, 5718664.686466408893466 ], [ 361269.124096588348038, 5718673.59420860093087 ], [ 361248.218879659310915, 5718613.528996584005654 ], [ 361244.992971165163908, 5718612.393320362083614 ], [ 361243.136713512940332, 5718580.327833959832788 ], [ 361241.088766695815139, 5718553.909670482389629 ], [ 361239.260709036141634, 5718530.456745029427111 ], [ 361237.933199947874527, 5718524.250144757330418 ], [ 361228.587088718428276, 5718491.744572300463915 ], [ 361228.268056430621073, 5718491.230287849903107 ], [ 361215.533072211779654, 5718472.883870256133378 ], [ 361205.122826661274303, 5718477.398105068132281 ], [ 361182.997233941801824, 5718462.592148143798113 ], [ 361182.360430120141245, 5718462.62074214220047 ], [ 361182.347620584070683, 5718462.153703215532005 ], [ 361160.603170793154277, 5718447.604465113952756 ], [ 361136.181467051501386, 5718434.497553737834096 ], [ 361107.737662906991318, 5718424.082901836372912 ], [ 361106.722225527395494, 5718423.699018286541104 ], [ 361104.721772418066394, 5718423.787299603223801 ], [ 361102.686624632449821, 5718422.863854297436774 ], [ 361067.858650077017955, 5718410.387823308818042 ], [ 361065.10806038917508, 5718409.406132536940277 ], [ 361049.784232843259815, 5718426.040800125338137 ], [ 361036.338127805152908, 5718432.307980899699032 ], [ 361026.217365868506022, 5718437.014948587864637 ], [ 361016.558410770725459, 5718445.414998562075198 ], [ 361009.696313218795694, 5718424.682125721126795 ], [ 361010.700732552097179, 5718419.869350747205317 ], [ 361001.447248325741384, 5718368.588050503283739 ], [ 360995.601568272104487, 5718341.717812514863908 ], [ 361003.812490399810486, 5718341.40329622849822 ], [ 361003.630152953031939, 5718337.034860164858401 ], [ 361007.793099069269374, 5718255.683563676662743 ], [ 361010.904570661426987, 5718176.920680707320571 ], [ 361010.987203825148754, 5718174.881923591718078 ], [ 361011.44639365375042, 5718165.354575456120074 ], [ 361017.211688565323129, 5718122.908546675927937 ], [ 361012.801562483538873, 5718121.315870520658791 ], [ 361014.133205821271986, 5718116.048982916399837 ], [ 361009.9131749055814, 5718105.982415688224137 ], [ 361009.594709051772952, 5718105.490384430624545 ], [ 361009.636484976857901, 5718104.487685915082693 ], [ 361014.299934028415009, 5717976.216717639937997 ], [ 361014.778809308772907, 5717972.453317011706531 ], [ 361014.829236108402256, 5717967.221609871834517 ], [ 361014.883951821364462, 5717966.185171430930495 ], [ 361014.801293314318173, 5717964.184338621795177 ], [ 361015.774264177889563, 5717941.055179573595524 ], [ 361015.818487457581796, 5717940.141441085375845 ], [ 361015.735829639947042, 5717938.140608333051205 ], [ 361015.636436067870818, 5717928.461676887236536 ], [ 361015.68754613614874, 5717920.225298319011927 ], [ 361015.681830669520423, 5717916.23037941660732 ], [ 361015.666136562416796, 5717912.124451057985425 ], [ 361017.067387791932561, 5717873.036619604565203 ], [ 361036.062262778868899, 5717775.197816791012883 ], [ 361035.979920231329743, 5717773.208104217424989 ], [ 361035.897272433387116, 5717771.207271690480411 ], [ 361046.210551132506225, 5717764.625543414615095 ], [ 361036.702685726224445, 5717758.632395887747407 ], [ 361265.175342336297035, 5717687.710536225698888 ], [ 361317.065442507853732, 5717673.613663570024073 ], [ 361404.979579646023922, 5717614.752272927202284 ], [ 361407.630894065485336, 5717612.854650775901973 ], [ 361412.499150819145143, 5717609.649973067454994 ], [ 361415.407580700935796, 5717607.522750941105187 ], [ 361416.753181805368513, 5717606.795962651260197 ], [ 361417.374339924252126, 5717606.445110563188791 ], [ 361423.615085321478546, 5717601.722811239771545 ], [ 361425.051873815886211, 5717600.782091634348035 ], [ 361431.478416669240687, 5717597.022879020310938 ], [ 361433.06849903985858, 5717596.111351018771529 ], [ 361442.425951729412191, 5717590.791871393099427 ], [ 361500.158906717435457, 5717554.080146895721555 ], [ 361521.467630278260913, 5717540.187830086797476 ], [ 361535.799198402557522, 5717530.959993437863886 ], [ 361557.861096142965835, 5717517.481243373826146 ], [ 361559.786665242747404, 5717516.415915916673839 ], [ 361561.876406945404597, 5717515.524152655154467 ], [ 361566.783570613828488, 5717512.9751369478181 ], [ 361574.216952634858899, 5717508.765711009502411 ], [ 361579.699561473797075, 5717505.967281089164317 ], [ 361591.937908020918258, 5717499.779221212491393 ], [ 361675.335443915973883, 5717450.950446479953825 ], [ 361729.070812635705806, 5717416.988099562004209 ], [ 361733.852809354488272, 5717414.1644656220451 ], [ 361744.89480281091528, 5717406.796484614722431 ], [ 361756.658896034758072, 5717398.963682159781456 ], [ 361776.900414499337785, 5717383.510300815105438 ], [ 361815.582618168671615, 5717349.848626333288848 ], [ 361817.537116477789823, 5717348.315226024016738 ], [ 361818.751075919368304, 5717346.824293489567935 ], [ 361827.626429302094039, 5717340.57282109092921 ], [ 361832.581611847504973, 5717337.232660390436649 ], [ 361833.496414488123264, 5717335.19348268955946 ], [ 361833.414390684454702, 5717333.203763609752059 ], [ 361835.415275228442624, 5717333.115777882747352 ], [ 361838.181613778811879, 5717331.103974155150354 ], [ 361873.30108209856553, 5717305.552337029948831 ], [ 361875.295354267698713, 5717305.475676197558641 ], [ 361910.607958703709301, 5717288.009280224330723 ], [ 361912.032332703354768, 5717287.369508278556168 ], [ 361919.626994258607738, 5717283.968581045977771 ], [ 361944.992389046703465, 5717272.593788970261812 ], [ 361948.500007641210686, 5717270.817786864936352 ], [ 361991.712750705657527, 5717248.930112644098699 ], [ 361985.655326179112308, 5717234.472717775963247 ], [ 361993.123191394959576, 5717233.790652404539287 ], [ 361996.407642975333147, 5717233.489695300348103 ], [ 362028.4712690646993, 5717230.568290174938738 ], [ 362036.40104786871234, 5717234.881406643427908 ], [ 362036.738986007636413, 5717235.072506801225245 ], [ 362036.718727571889758, 5717234.583416592329741 ], [ 362043.382695108361077, 5717235.180820006877184 ], [ 362056.406597750203218, 5717244.808006052859128 ], [ 362058.682277230196632, 5717241.574462859891355 ], [ 362063.400755385751836, 5717234.880262672901154 ], [ 362069.396093300892971, 5717225.691945769824088 ], [ 362070.061325530405156, 5717225.429003145545721 ], [ 362071.149192082462832, 5717223.885929697193205 ], [ 362112.304743286920711, 5717204.570344027131796 ], [ 362115.289131617872044, 5717203.431891545653343 ], [ 362158.92247750388924, 5717186.764511330984533 ], [ 362186.638624007347971, 5717171.309695306234062 ], [ 362203.101615211053286, 5717154.736858864314854 ], [ 362206.840085954987444, 5717127.304228856228292 ], [ 362208.281008476158604, 5717090.842376754619181 ], [ 362208.479416771966498, 5717085.651230632327497 ], [ 362218.983064057305455, 5717073.224533848464489 ], [ 362317.668041114287917, 5716991.118289926089346 ], [ 362318.590034386492334, 5716989.079016858711839 ], [ 362320.584430269780569, 5716989.00253361929208 ], [ 362325.888089091400616, 5716985.197155584581196 ], [ 362360.435089062899351, 5716960.343506552278996 ], [ 362365.967745187168475, 5716960.115227472037077 ], [ 362371.474410306662321, 5716946.177726016379893 ], [ 362378.018522260827012, 5716927.304503813385963 ], [ 362378.983857980521861, 5716924.562989465892315 ], [ 362379.898962248989847, 5716922.52391663286835 ], [ 362381.514642413007095, 5716920.755137556232512 ], [ 362381.79407655633986, 5716920.068723716773093 ], [ 362381.729173147294205, 5716918.445771518163383 ], [ 362383.94149577524513, 5716910.061760788783431 ], [ 362385.191573751624674, 5716905.29830711055547 ], [ 362389.022851404268295, 5716901.132400271482766 ], [ 362389.417658203979954, 5716897.293573632836342 ], [ 362389.67915080365492, 5716894.671342694200575 ], [ 362389.739938727929257, 5716894.102153047919273 ], [ 362393.571531254448928, 5716889.947369898669422 ], [ 362393.489430726971477, 5716887.946526626124978 ], [ 362395.509292422269937, 5716879.111496997997165 ], [ 362398.457484480401035, 5716877.907437526620924 ], [ 362400.007942028110847, 5716873.992697105742991 ], [ 362401.383542236231733, 5716871.551629580557346 ], [ 362426.054852050030604, 5716827.88199748005718 ], [ 362419.807131970708724, 5716814.809192233718932 ], [ 362438.86449851479847, 5716737.740695236250758 ], [ 362455.856671510613523, 5716641.020389541983604 ], [ 362434.946339494432323, 5716626.67658721562475 ], [ 362404.097129863628652, 5716619.068367055617273 ], [ 362354.850969088613056, 5716610.279957731254399 ], [ 362319.331388425664045, 5716611.690608580596745 ], [ 362328.200560714816675, 5716565.612477769143879 ], [ 362356.802655266248621, 5716533.887544590048492 ], [ 362407.967473423457704, 5716544.626950110308826 ], [ 362418.381578414060641, 5716532.670565572567284 ], [ 362483.848719315719791, 5716549.031426315195858 ], [ 362499.933346380246803, 5716554.158787391148508 ], [ 362542.116391789983027, 5716560.692121955566108 ], [ 362549.905695600667968, 5716564.153006917797029 ], [ 362553.681598108494654, 5716547.458429662510753 ], [ 362603.006831526290625, 5716247.373410091735423 ], [ 362578.815606288786512, 5716245.025104427710176 ], [ 362547.796429132926278, 5716246.300808059982955 ], [ 362509.771870772005059, 5716255.133708679117262 ], [ 362402.912977171537932, 5716264.156088276766241 ], [ 362342.331268677371554, 5716256.777306761592627 ], [ 362344.813917930645403, 5716192.511349950917065 ], [ 362345.430908429436386, 5716176.43661617487669 ], [ 362345.609727081842721, 5716171.79130488820374 ], [ 362346.014694803976454, 5716156.078435960225761 ], [ 362346.518245674378704, 5716148.074717372655869 ], [ 362561.656653315585572, 5716056.990793293341994 ], [ 362592.357331655046437, 5716046.487497720867395 ], [ 362617.678630889684428, 5716034.227378782816231 ], [ 362672.203952591749839, 5716025.292955597862601 ], [ 362685.746386455546599, 5716016.134582322090864 ], [ 362693.267981641110964, 5716002.020506154745817 ], [ 362699.291850252717268, 5715986.622791329398751 ], [ 362701.705411509727128, 5715970.532844703644514 ], [ 362651.47650593961589, 5715951.530053243972361 ], [ 362621.549577292404138, 5715931.531971342861652 ], [ 362552.096987346652895, 5715868.216191371902823 ], [ 362462.735683218052145, 5715786.512791505083442 ], [ 362481.974143575178459, 5715578.483724614605308 ], [ 362404.532516561099328, 5715563.11527075432241 ], [ 362352.441171350888908, 5715552.066810695454478 ], [ 362307.010840690985788, 5715537.610658849589527 ], [ 362293.483066498884, 5715533.304520764388144 ], [ 362284.593662606086582, 5715530.252220991067588 ], [ 362230.382397270645015, 5715511.650941462256014 ], [ 362243.339732330758125, 5715473.807762957178056 ], [ 362247.731563836801797, 5715467.011438912712038 ], [ 362317.520867779618129, 5715348.201777648180723 ], [ 362339.908140783722047, 5715310.280701632611454 ], [ 362352.465427054557949, 5715310.49593246076256 ], [ 362374.002094305295032, 5715286.430441227741539 ], [ 362388.546988424146548, 5715237.527720887213945 ], [ 362390.148433374939486, 5715212.234434560872614 ], [ 362384.855480681057088, 5715180.763098241761327 ], [ 362397.140769053134136, 5715125.244908983819187 ], [ 362405.752903910237364, 5715092.527946173213422 ], [ 362422.445765311305877, 5715048.118462854996324 ], [ 362444.758661015192047, 5715042.627407398074865 ], [ 362488.938046470750123, 5715017.491584594361484 ], [ 362486.39318370615365, 5715014.68958886153996 ], [ 362481.775302405934781, 5715009.606945834122598 ], [ 362472.781765906140208, 5714999.679916 ], [ 362450.010380032705143, 5714993.398576200008392 ], [ 362432.423494140733965, 5714984.205666093155742 ], [ 362411.804480884457007, 5714962.954334683716297 ], [ 362412.875499634421431, 5714961.278286414220929 ], [ 362417.724465929379221, 5714953.668505750596523 ], [ 362357.078714703151491, 5714888.335183611139655 ], [ 362367.038737152004614, 5714876.891975045204163 ], [ 362484.715033082524315, 5714741.772940715774894 ], [ 362532.292457610368729, 5714675.616145290434361 ], [ 362565.124869083811063, 5714620.654011933133006 ], [ 362448.517997026327066, 5714570.513996021822095 ], [ 362367.337188670411706, 5714528.094270439818501 ], [ 362342.215609439997934, 5714511.973096843808889 ], [ 362330.087234687292948, 5714507.194739538244903 ], [ 362286.225201603898313, 5714469.883067164570093 ], [ 362376.202410074882209, 5714307.994783817790449 ], [ 362380.848186609044205, 5714292.623077442869544 ], [ 362425.135863377363421, 5714324.638173368759453 ], [ 362435.450639212212991, 5714332.092238679528236 ], [ 362502.648370327777229, 5714147.889820115640759 ], [ 362529.163279649917968, 5714148.850922453217208 ], [ 362534.89440876012668, 5714127.440764022059739 ], [ 362564.525555458501913, 5714122.842502798885107 ], [ 362631.454026827239431, 5714125.479342652484775 ], [ 362672.541185932932422, 5714142.293305739760399 ], [ 362709.72610102512408, 5714145.392184609547257 ], [ 362741.512087535229512, 5714146.089206827804446 ], [ 362741.769591097836383, 5714089.006197889335454 ], [ 362733.130236122873612, 5714069.654707652516663 ], [ 362728.830349078052677, 5714046.624708799645305 ], [ 362728.768249625631142, 5713995.670814392156899 ], [ 362746.539201512932777, 5713993.631625940091908 ], [ 362747.1153758422588, 5713994.417246766388416 ], [ 362729.81273300095927, 5713822.934429366141558 ], [ 362734.124466224224307, 5713804.133590633049607 ], [ 362730.386336346680764, 5713732.180397436954081 ], [ 362728.334249856474344, 5713692.775742528028786 ], [ 362721.527233578148298, 5713561.804362749680877 ], [ 362714.467140238033608, 5713516.782114734873176 ], [ 362705.342725491034798, 5713458.551095306873322 ], [ 362744.622838015435264, 5713446.35934903845191 ], [ 362733.859812495182268, 5713330.929776025936007 ], [ 362706.742143621435389, 5713330.662556509487331 ], [ 362707.640253322955687, 5713242.915509711019695 ], [ 362706.966410306515172, 5713239.294872845523059 ], [ 362712.870129805465695, 5713172.945140637457371 ], [ 362728.357990241318475, 5713114.65973611548543 ], [ 362770.47834401903674, 5713125.537823263555765 ], [ 362819.784193298895843, 5713132.772123697213829 ], [ 362820.579479080624878, 5713129.089468849822879 ], [ 362830.508227029349655, 5713072.724217776209116 ], [ 362835.839566857903264, 5713072.591111285611987 ], [ 362843.223676411085762, 5713029.859862071461976 ], [ 362844.484435407037381, 5713025.174222992733121 ], [ 362885.128213144023903, 5713032.74367690179497 ], [ 362909.050506926956587, 5713035.112496277317405 ], [ 362921.591982371930499, 5713034.539715958759189 ], [ 362942.62182189244777, 5713029.742526708170772 ], [ 362958.386976004694588, 5713028.31486002728343 ], [ 362975.671130909700878, 5713028.41524672601372 ], [ 363003.523566846211907, 5713029.888205247931182 ], [ 363004.382313945447095, 5712987.467112929560244 ], [ 363025.695030913571827, 5712990.563554084859788 ], [ 363041.012697945581749, 5712992.597935262136161 ], [ 363059.791808880341705, 5712991.278353312052786 ], [ 363144.966386855230667, 5712976.437312546186149 ], [ 363154.111653056635987, 5712973.408463847823441 ], [ 363161.090128673589788, 5712967.210978880524635 ], [ 363169.526223359396681, 5712966.438034323044121 ], [ 363173.614368466776796, 5712965.993868679739535 ], [ 363191.312775197206065, 5712973.98472514282912 ], [ 363193.841200046881568, 5712975.129458163864911 ], [ 363227.192892351304181, 5712964.425871441140771 ], [ 363258.378572235407773, 5712950.576052909716964 ], [ 363293.251194624812342, 5712929.371551610529423 ], [ 363324.59881709550973, 5712903.499527792446315 ], [ 363351.365833345276769, 5712877.294910211116076 ], [ 363382.773917181533761, 5712835.619863918982446 ], [ 363431.398860370391048, 5712763.42454120516777 ], [ 363452.979098267445806, 5712724.907982512377203 ], [ 363471.132119126385078, 5712683.034127878025174 ], [ 363479.384186525829136, 5712651.442109308205545 ], [ 363491.910602921503596, 5712625.276786115951836 ], [ 363549.457837725407444, 5712448.250598039478064 ], [ 363541.496410171152093, 5712446.584195351228118 ], [ 363543.834943115245551, 5712431.899087064899504 ], [ 363545.874024511431344, 5712423.876577189192176 ], [ 363530.525951460527722, 5712420.506068060174584 ], [ 363504.740953749802429, 5712405.732119218446314 ], [ 363516.128630922117736, 5712375.380040006712079 ], [ 363480.983776833745651, 5712358.298674962483346 ], [ 363473.620776086929254, 5712373.19697770755738 ], [ 363277.6007631176617, 5712277.858458892442286 ], [ 363272.181164146459196, 5712276.034913240931928 ], [ 363218.426890319387894, 5712266.467707408592105 ], [ 363125.976201543118805, 5712203.952111699618399 ], [ 363085.64810644602403, 5712176.686456999741495 ], [ 363095.540357092046179, 5712160.406175820156932 ], [ 363049.902713337331079, 5712160.85938142798841 ], [ 363039.946147903508972, 5712159.336639103479683 ], [ 363035.624344128591474, 5712150.89589402358979 ], [ 363035.528447006188799, 5712116.512857034802437 ], [ 362913.047721433104016, 5712115.593380053527653 ], [ 362907.886291118804365, 5712119.738992990925908 ], [ 362860.933821967220865, 5712120.340703026391566 ], [ 362860.829897035728209, 5712110.595340504311025 ], [ 362860.682638401573058, 5712099.760600914247334 ], [ 362860.87256255367538, 5712082.662779714912176 ] ] ] ] } },
{ "type": "Feature", "properties": { "full_id": "r63460", "osm_id": "63460", "osm_type": "relation", "boundary": "administrative", "note:de": null, "name:es": null, "name:de": null, "ref:nuts:2": null, "ref:nuts": null, "population": null, "name:sr": null, "name:ru": null, "name:la": null, "name:ksh": null, "name:ja": null, "name:ar": null, "de:place": null, "ref:nuts:3": null, "license_plate_code": null, "admin_centre:postal_code": null, "wikipedia": "de:Marl", "wikidata": "Q3813", "website": "https://www.marl.de", "opendata_portal": "no", "name:prefix": "Stadt", "de:regionalschluessel": "055620024024", "de:amtlicher_gemeindeschluessel": "05562024", "admin_title:de": "Stadt", "admin_title": "town", "TMC:cid_58:tabcd_1:LocationCode": "1880", "TMC:cid_58:tabcd_1:LCLversion": "9.00", "TMC:cid_58:tabcd_1:Class": "Area", "type": "boundary", "name": "Marl", "admin_level": "8" }, "geometry": { "type": "MultiPolygon", "coordinates": [ [ [ [ 375181.315452639537398, 5723735.395062542520463 ], [ 375052.522832248418126, 5723897.218238296918571 ], [ 375036.5123532768921, 5723917.331538347527385 ], [ 374996.499037590809166, 5723971.609368397854269 ], [ 374888.611451581353322, 5724117.965113628655672 ], [ 374954.521048464055639, 5724113.417982570827007 ], [ 374958.78230913693551, 5724116.962222029455006 ], [ 374971.861307971994393, 5724112.677249098196626 ], [ 374976.915916054218542, 5724123.668198911473155 ], [ 374974.703105333843268, 5724125.147238314151764 ], [ 375025.090496678021736, 5724206.864645428955555 ], [ 375057.417656172474381, 5724258.852281470783055 ], [ 375054.065021083515603, 5724260.136935608461499 ], [ 375033.102929926651996, 5724226.917875276878476 ], [ 375015.650833984138444, 5724234.871585065498948 ], [ 375016.881534686079249, 5724238.457465961575508 ], [ 375018.910389368887991, 5724244.371432768180966 ], [ 375019.41041037713876, 5724245.838975357823074 ], [ 375021.21524698799476, 5724251.090855170041323 ], [ 375022.63980945548974, 5724255.239426651969552 ], [ 375026.324412633199245, 5724265.97500556986779 ], [ 375044.500341545091942, 5724264.624087269417942 ], [ 375055.496823989087716, 5724278.850793476216495 ], [ 375059.74756749602966, 5724284.776583719998598 ], [ 375063.230975565384142, 5724289.619765468873084 ], [ 375067.232270831533242, 5724294.694939116947353 ], [ 375156.648161036428064, 5724413.28080234117806 ], [ 375212.66390849405434, 5724486.893743149004877 ], [ 375180.719039904535748, 5724513.275461478158832 ], [ 375153.580752187292092, 5724535.310274487361312 ], [ 375114.20737189927604, 5724565.759428415447474 ], [ 375118.129902240354568, 5724570.458257758058608 ], [ 375094.414095095067751, 5724590.940014028921723 ], [ 375144.744516804930754, 5724628.885564571246505 ], [ 375154.520351184008177, 5724635.487137090414762 ], [ 375174.729406808037311, 5724646.170479164458811 ], [ 375228.442539549083449, 5724668.978182706050575 ], [ 375274.70643695036415, 5724693.09421936608851 ], [ 375296.504435211827513, 5724706.209021536633372 ], [ 375321.523891674703918, 5724730.683103221468627 ], [ 375341.360926182591356, 5724756.887510634027421 ], [ 375353.561924809415359, 5724779.897773513570428 ], [ 375345.415369463036768, 5724873.778288607485592 ], [ 375343.000310095085297, 5724930.419454769231379 ], [ 375329.208106384321582, 5724985.071517877280712 ], [ 375328.583827984519303, 5724987.534901728853583 ], [ 375360.703653028816916, 5724990.213806101121008 ], [ 375358.865575813280884, 5725006.304519023746252 ], [ 375339.190691000665538, 5725190.721978912129998 ], [ 375330.888740294787567, 5725214.060273389331996 ], [ 375321.058709402917884, 5725242.488041019998491 ], [ 375366.998216224485077, 5725283.125426230952144 ], [ 375333.528963933349587, 5725302.511641608551145 ], [ 375411.578726706793532, 5725442.879530200734735 ], [ 375419.132243249332532, 5725450.070479554124177 ], [ 375422.456407010788098, 5725453.27098245639354 ], [ 375429.533189982641488, 5725459.650297848507762 ], [ 375543.320663183287252, 5725415.206845819950104 ], [ 375515.699930822418537, 5725523.342503501102328 ], [ 375508.124143707682379, 5725555.653344346210361 ], [ 375504.312726722622756, 5725566.362611542455852 ], [ 375498.948762842686847, 5725575.841666223481297 ], [ 375491.910929620848037, 5725586.185409250669181 ], [ 375481.103623529372271, 5725596.588733354583383 ], [ 375444.007608640356921, 5725623.151727018877864 ], [ 375365.821934099367354, 5725680.382933035492897 ], [ 375395.382157419458963, 5725724.195416075177491 ], [ 375417.295468158496078, 5725764.324472117237747 ], [ 375411.57348517497303, 5725767.970711531117558 ], [ 375409.741124268155545, 5725769.139767744578421 ], [ 375446.641142208769452, 5725833.134117100387812 ], [ 375422.181786226574332, 5725849.916434627957642 ], [ 375338.974312939215451, 5725906.760286489501595 ], [ 375334.799183046387043, 5725901.31091389618814 ], [ 375277.299259550112765, 5725939.216968268156052 ], [ 375231.527229009079747, 5725960.877505079843104 ], [ 375208.700362344214227, 5726013.984206748194993 ], [ 375202.029412628617138, 5726051.436290849000216 ], [ 375177.141887760604732, 5726045.508741865865886 ], [ 375155.621620441728737, 5726054.886951369233429 ], [ 375121.207576836517546, 5726161.702303409576416 ], [ 375117.721707767457701, 5726186.35737454239279 ], [ 375222.575070479128044, 5726236.08484120760113 ], [ 375238.989044443471357, 5726221.11370041128248 ], [ 375265.14471837686142, 5726191.881669979542494 ], [ 375287.183806577813812, 5726160.392513654194772 ], [ 375306.016323843970895, 5726129.038297726772726 ], [ 375340.705093441356439, 5726061.485384716652334 ], [ 375566.465473896532785, 5726177.424744156189263 ], [ 375611.072094056988135, 5726076.481595853343606 ], [ 375637.127597740560304, 5726025.934468334540725 ], [ 375640.548037553438917, 5725991.211412786506116 ], [ 375736.790415461582597, 5726070.359202891588211 ], [ 375925.744374157162383, 5726230.616082342341542 ], [ 375878.65368372714147, 5726240.274746184237301 ], [ 375583.416554277762771, 5726378.742316442541778 ], [ 375541.603850115207024, 5726398.967331194318831 ], [ 375399.237679393903818, 5726462.944271066226065 ], [ 375140.249817537027411, 5726430.064366854727268 ], [ 375076.911259120272007, 5726422.662821987643838 ], [ 375068.191839426697697, 5726417.526414869353175 ], [ 375064.3737535396358, 5726440.198003162629902 ], [ 375043.111276257433929, 5726549.626246873289347 ], [ 375076.263547732436564, 5726650.319223330356181 ], [ 375106.479200062341988, 5726722.12092163413763 ], [ 375109.539274713315535, 5726729.489309709519148 ], [ 375097.261461051995866, 5726838.56156559381634 ], [ 375076.703947845846415, 5727020.009922207333148 ], [ 375076.309614275349304, 5727022.523305661045015 ], [ 375037.178072540147696, 5727372.831127959303558 ], [ 375026.708007654116955, 5727452.794719086028636 ], [ 375025.858482554554939, 5727462.340663974173367 ], [ 374996.799148180056363, 5727741.185578755103052 ], [ 374987.399860421777703, 5727829.123316838406026 ], [ 374925.632172765035648, 5728419.485780528746545 ], [ 374924.947739282040857, 5728427.024773647077382 ], [ 374920.301305110799149, 5728472.23874057084322 ], [ 375338.748983073048294, 5728830.225857831537724 ], [ 375430.015103867568541, 5728908.532268160954118 ], [ 375539.150274582207203, 5729001.599050376564264 ], [ 375552.730349930701777, 5729017.008985510095954 ], [ 375599.934884850285016, 5729336.274839555844665 ], [ 375593.594825021747965, 5729334.038873467594385 ], [ 375463.662553586880676, 5729288.853256130591035 ], [ 375347.672698252717964, 5729248.099872720427811 ], [ 375326.117826447472908, 5729240.977105631493032 ], [ 375118.252016123791691, 5729167.984063811600208 ], [ 375107.854296628036536, 5729164.41374341212213 ], [ 375097.200886757578701, 5729160.849775712005794 ], [ 374960.676257140585221, 5729113.425394754856825 ], [ 374945.177461822517216, 5729150.095659842714667 ], [ 374926.257114636187907, 5729194.884718985296786 ], [ 374922.406294482760131, 5729204.104574824683368 ], [ 374913.504128591506742, 5729225.433780059218407 ], [ 374900.724799584306311, 5729255.47167996224016 ], [ 374877.932814776548184, 5729309.43685076199472 ], [ 374881.692056457861327, 5729206.227130168117583 ], [ 374870.382200924505014, 5729083.117361209355295 ], [ 374869.574612737051211, 5729075.648741279728711 ], [ 374865.646282342262566, 5729028.789106320589781 ], [ 374859.284015007608104, 5728855.951262815855443 ], [ 374594.082969190436415, 5728945.91429633833468 ], [ 374332.090880518953782, 5729034.721222119405866 ], [ 374336.392083136364818, 5729048.055863949470222 ], [ 374329.799587135901675, 5729051.825363411568105 ], [ 373737.335464061994571, 5729243.279649009928107 ], [ 373507.53884604916675, 5729309.848845861852169 ], [ 373453.454339968040586, 5729325.526548483408988 ], [ 373383.10139308264479, 5729345.908417884260416 ], [ 373367.698642855975777, 5729352.882555956020951 ], [ 373357.012291399296373, 5729335.65858896728605 ], [ 373311.796114399272483, 5729268.349440142512321 ], [ 373238.598239335871767, 5729163.443247513845563 ], [ 373198.198881170712411, 5729101.099188638851047 ], [ 373152.26869437872665, 5729030.582320537418127 ], [ 373118.647146202565636, 5729101.141296516172588 ], [ 373115.831612384179607, 5729105.763242151588202 ], [ 373073.384862440288998, 5729174.541651777923107 ], [ 373072.677851640968584, 5729175.572040366008878 ], [ 373031.024256241100375, 5729245.321244107559323 ], [ 373011.144812893704511, 5729291.166056073270738 ], [ 373013.093928135000169, 5729296.079820386134088 ], [ 373017.019127183244564, 5729306.429661736823618 ], [ 372813.369602054241113, 5729487.909146444872022 ], [ 372732.302377659536432, 5729560.279868463985622 ], [ 372726.031398744089529, 5729566.035244698636234 ], [ 372644.966696566145401, 5729638.407417332753539 ], [ 372623.681017613504082, 5729656.292753538116813 ], [ 372541.405163444112986, 5729760.232628919184208 ], [ 372488.98674179543741, 5729805.42239283118397 ], [ 372485.903907071333379, 5729809.550756393000484 ], [ 372485.752549749566242, 5729818.055993819609284 ], [ 372495.579767472809181, 5729856.175123837776482 ], [ 372502.697590988420416, 5729883.391058045439422 ], [ 372503.286837325314991, 5729885.367982099764049 ], [ 372548.02106137748342, 5730079.146379028446972 ], [ 372576.013258546357974, 5730200.062467343173921 ], [ 372586.499970128235873, 5730236.15099719632417 ], [ 372588.344031199871097, 5730250.581274242140353 ], [ 372591.783699289429933, 5730279.459235953167081 ], [ 372595.118661790736951, 5730305.83615820016712 ], [ 372621.358014102792367, 5730396.307394307106733 ], [ 372628.618069888965692, 5730433.033891142345965 ], [ 372632.026663772179745, 5730442.906891131773591 ], [ 372636.821395140665118, 5730456.205528455786407 ], [ 372657.430830097349826, 5730494.887108608148992 ], [ 372663.40912352653686, 5730518.649103293195367 ], [ 372665.750627120141871, 5730527.05798963829875 ], [ 372671.049789667013101, 5730540.355041653849185 ], [ 372689.511144710704684, 5730587.614649003371596 ], [ 372696.216090705594979, 5730604.848740249872208 ], [ 372692.989560345071368, 5730611.484311476349831 ], [ 372687.807686081971042, 5730621.44074781332165 ], [ 372685.384435744897928, 5730627.310497211292386 ], [ 372700.86131042096531, 5730675.201881033368409 ], [ 372704.268719299754594, 5730691.061545045115054 ], [ 372705.569266515201889, 5730704.51523263566196 ], [ 372747.394669621775392, 5730821.366235011257231 ], [ 372798.284365867380984, 5730963.860216657631099 ], [ 372848.474673466291279, 5731077.362899428233504 ], [ 372850.994323045306373, 5731120.529648771509528 ], [ 372850.658767168701161, 5731123.119691452011466 ], [ 372835.201199249480851, 5731113.428123158402741 ], [ 372807.357449018512852, 5731093.055164784193039 ], [ 372679.411589868948795, 5731047.123968483880162 ], [ 372661.62348079419462, 5731065.043486717157066 ], [ 372606.944106943614315, 5731127.726571504026651 ], [ 372530.733460303337779, 5731188.951815923675895 ], [ 372499.111459076113533, 5731209.703258212655783 ], [ 372478.822442624717951, 5731185.001541398465633 ], [ 372470.666657481808215, 5731178.998722821474075 ], [ 372461.703190921340138, 5731174.129105917178094 ], [ 372449.881253969564568, 5731170.199784046970308 ], [ 372435.239806704805233, 5731166.019145471043885 ], [ 372420.113312567176763, 5731163.976183935068548 ], [ 372404.434728613472544, 5731163.059996088966727 ], [ 372386.495823178440332, 5731162.957754077389836 ], [ 372365.881743127829395, 5731163.390671072527766 ], [ 372351.613754525373224, 5731164.408502950333059 ], [ 372332.579752286430448, 5731166.37052530515939 ], [ 372313.097600294975564, 5731169.46785431355238 ], [ 372296.210519165906589, 5731174.324428863823414 ], [ 372269.706569635309279, 5731184.810482719913125 ], [ 372269.604085510480218, 5731184.857589930295944 ], [ 372260.304540305281989, 5731189.099173148162663 ], [ 372250.089975207229145, 5731195.144372714683414 ], [ 372229.922423798649106, 5731204.190385133959353 ], [ 372215.154120042105205, 5731213.277638517320156 ], [ 372200.609865718637593, 5731222.748721077106893 ], [ 372189.673977258207742, 5731230.325685464777052 ], [ 372181.384217060578521, 5731240.584078074432909 ], [ 372176.288047307753004, 5731246.766703397966921 ], [ 372163.051922121143434, 5731264.205441618338227 ], [ 372146.553176819754299, 5731286.53408292401582 ], [ 372106.744554649281781, 5731340.856182846240699 ], [ 372074.795057486102451, 5731386.45544050168246 ], [ 372050.53148866770789, 5731419.519329069182277 ], [ 372020.73578725499101, 5731461.981961540877819 ], [ 371996.586011803126894, 5731495.143401958979666 ], [ 371982.034586136171129, 5731514.351982646621764 ], [ 371974.375236290798057, 5731521.367746025323868 ], [ 371965.700671145285014, 5731530.045066598802805 ], [ 371953.538286144321319, 5731539.089204580523074 ], [ 371942.79940057604108, 5731546.761894582770765 ], [ 371928.190594289801084, 5731552.819299958646297 ], [ 371914.395197570091113, 5731557.43174587842077 ], [ 371899.509113127540331, 5731560.191390551626682 ], [ 371880.438188594649546, 5731561.455088349990547 ], [ 371863.836795413983054, 5731561.988416367210448 ], [ 371853.875530688383151, 5731561.095542922616005 ], [ 371835.37301945022773, 5731557.804901123978198 ], [ 371817.340226441563573, 5731553.690065196715295 ], [ 371795.73840369284153, 5731548.653468086384237 ], [ 371778.19565009867074, 5731544.515176370739937 ], [ 371762.984917040797882, 5731540.762711579911411 ], [ 371745.424968182400335, 5731534.321555812843144 ], [ 371734.478378586820327, 5731529.748497940599918 ], [ 371724.651551077025943, 5731523.822778456844389 ], [ 371716.64236734516453, 5731517.8953224895522 ], [ 371706.872224505350459, 5731507.138813201338053 ], [ 371697.581227555521764, 5731495.657957116141915 ], [ 371688.406189125496894, 5731482.760958697646856 ], [ 371680.470574525534175, 5731468.597255313768983 ], [ 371675.637455313175451, 5731458.20472143124789 ], [ 371673.074375599506311, 5731449.29000254906714 ], [ 371667.850685938086826, 5731429.259785419330001 ], [ 371664.093587171693798, 5731408.468934743665159 ], [ 371660.387282945681363, 5731376.916398645378649 ], [ 371658.481068786350079, 5731345.484942617826164 ], [ 371658.417422046884894, 5731302.812200680375099 ], [ 371658.741207793471403, 5731265.582122367806733 ], [ 371659.216591435601003, 5731229.961689024232328 ], [ 371659.097659016842954, 5731201.94541506562382 ], [ 371656.747220365796238, 5731171.526761129498482 ], [ 371657.980210547393654, 5731161.858863883651793 ], [ 371657.53122523764614, 5731161.870295920409262 ], [ 371655.918705807125662, 5731134.915793757885695 ], [ 371647.842480068909936, 5731108.737894929014146 ], [ 371637.613130231271498, 5731085.140801773406565 ], [ 371623.726985292742029, 5731063.7065898636356 ], [ 371606.941933712630998, 5731044.88334302790463 ], [ 371590.131201154377777, 5731031.568966045044363 ], [ 371562.799195260682609, 5731017.677010356448591 ], [ 371537.01166932011256, 5731011.234717129729688 ], [ 371504.407173286832403, 5731009.072409103624523 ], [ 371485.223181562847458, 5731010.863397472538054 ], [ 371413.949138154799584, 5731011.301202634349465 ], [ 371219.589106238796376, 5731003.8667046809569 ], [ 371212.654282260860782, 5731062.230302608571947 ], [ 371187.287973042926751, 5731290.282999631948769 ], [ 371179.400618029292673, 5731341.627246514894068 ], [ 371192.921331025369, 5731500.162264318205416 ], [ 371179.903667694481555, 5731488.677406942471862 ], [ 371152.612095119664446, 5731477.134618462994695 ], [ 371079.331437388784252, 5731457.242848744615912 ], [ 371019.246487409924157, 5731440.942478911951184 ], [ 370901.51839892717544, 5731381.485852881334722 ], [ 370894.543990971054882, 5731377.958982616662979 ], [ 370873.107071893522516, 5731378.085285224951804 ], [ 370785.950002907076851, 5731337.36608449369669 ], [ 370775.869790546013974, 5731332.672694114036858 ], [ 370765.740067575301509, 5731327.936081848107278 ], [ 370756.484853971400298, 5731323.611044668592513 ], [ 370749.286596701655071, 5731320.257023231126368 ], [ 370746.630211319774389, 5731317.743519304320216 ], [ 370725.58704650006257, 5731297.930649604648352 ], [ 370601.058635132852942, 5731243.907455091364682 ], [ 370540.256498522008769, 5731216.002585163339972 ], [ 370487.66326430614572, 5731192.060383734293282 ], [ 370372.687211889540777, 5731148.457545722834766 ], [ 370357.491641555796377, 5731137.598224173299968 ], [ 370298.985214015236124, 5731108.223891948349774 ], [ 370223.794364562665578, 5731071.690622692927718 ], [ 370072.678758228430524, 5730996.565343917347491 ], [ 370056.02362616272876, 5730997.239466922357678 ], [ 370043.407847158261575, 5730991.577968396246433 ], [ 370049.343220888578799, 5730933.838876984082162 ], [ 370062.335000303108245, 5730757.507629078812897 ], [ 370066.677760341495741, 5730732.091219001449645 ], [ 370072.131904161768034, 5730675.766702243126929 ], [ 370074.499218452780042, 5730654.162394195795059 ], [ 370075.607906040386297, 5730644.608479680493474 ], [ 370079.969525041524321, 5730594.432397498749197 ], [ 370085.707411459065042, 5730549.640068335458636 ], [ 370090.936744822713081, 5730500.398637098260224 ], [ 370093.655868174682837, 5730475.268923470750451 ], [ 369933.213671867153607, 5730351.291784813627601 ], [ 369904.055064944899641, 5730323.479158100672066 ], [ 369883.462483590352349, 5730297.303953791968524 ], [ 369856.0824509721715, 5730251.908352501690388 ], [ 369829.541782617452554, 5730196.465110682882369 ], [ 369792.921098168124445, 5730108.911649408750236 ], [ 369759.908286682271864, 5730042.241039590910077 ], [ 369729.465838351112325, 5729989.45841654855758 ], [ 369711.941835266188718, 5729964.662294425070286 ], [ 369689.069779903395101, 5729937.58970635291189 ], [ 369668.222171486006118, 5729917.430865517817438 ], [ 369647.010109417024069, 5729900.29714881721884 ], [ 369621.175703592016362, 5729880.345295941457152 ], [ 369587.350490096607246, 5729860.733750346116722 ], [ 369537.207811083644629, 5729839.775236726738513 ], [ 369486.196403734269552, 5729821.866442732512951 ], [ 369440.46252891147742, 5729810.731859451159835 ], [ 369371.647414610197302, 5729804.056866533122957 ], [ 369348.340900986106135, 5729803.013740478083491 ], [ 369322.37200961454073, 5729804.08722625952214 ], [ 369230.945981168188155, 5729813.345357115380466 ], [ 369192.522493295022286, 5729815.922048941254616 ], [ 369151.682507424091455, 5729814.099487205967307 ], [ 369122.463868936931249, 5729809.304952887818217 ], [ 369087.120765028172173, 5729795.244320004247129 ], [ 369060.756232262181584, 5729780.817252077162266 ], [ 369041.408399562467821, 5729766.619822165928781 ], [ 369018.399069856968708, 5729736.037268181331456 ], [ 369008.045552368450444, 5729703.445754665881395 ], [ 369002.091991801862605, 5729662.171544631011784 ], [ 368997.554313830682077, 5729624.833190460689366 ], [ 368992.642525662318803, 5729596.518088575452566 ], [ 368978.880006570077967, 5729566.062699235975742 ], [ 368964.992060953052714, 5729544.624132390134037 ], [ 368949.479624904925004, 5729532.252472543157637 ], [ 368932.163294112076983, 5729524.968640246428549 ], [ 368913.689727990247775, 5729519.717952292412519 ], [ 368882.874493606097531, 5729518.482617540284991 ], [ 368829.825614833971485, 5729518.17065950948745 ], [ 368781.03110679727979, 5729517.670668583363295 ], [ 368746.955532313673757, 5729516.565503519959748 ], [ 368718.809677783865482, 5729513.225301707163453 ], [ 368677.88281099346932, 5729503.396677454002202 ], [ 368613.324549329816364, 5729478.538207690231502 ], [ 368613.329763964051381, 5729478.738373104482889 ], [ 368450.504410319263116, 5729411.864699128083885 ], [ 368125.588138640159741, 5729305.677156809717417 ], [ 368064.417451213288587, 5729287.881026856601238 ], [ 368051.98653150559403, 5729284.255817176774144 ], [ 368050.587659596872982, 5729302.942768657580018 ], [ 368045.395626790763345, 5729308.531273488886654 ], [ 368051.4563942560344, 5729322.404988970607519 ], [ 368053.624870258267038, 5729375.161260441876948 ], [ 368052.765949642867781, 5729403.648895628750324 ], [ 368054.395624242955819, 5729443.21045265160501 ], [ 368056.936283444112632, 5729503.056596352718771 ], [ 368085.753153154975735, 5729612.647011642344296 ], [ 368101.739635380974505, 5729680.075673025101423 ], [ 368110.919980269565713, 5729730.500897102989256 ], [ 368114.513733366504312, 5729761.898865877650678 ], [ 368120.228616808191873, 5729788.745693148113787 ], [ 368135.226970366784371, 5729859.138046109117568 ], [ 368154.922723233641591, 5729940.75807049870491 ], [ 368158.120315384876449, 5729959.925732381641865 ], [ 368185.64933418657165, 5730081.768709553405643 ], [ 368201.880215500015765, 5730085.372735554352403 ], [ 368198.091841264104005, 5730094.908216653391719 ], [ 368183.203513259068131, 5730087.385469581931829 ], [ 368191.400482557888608, 5730119.019239363260567 ], [ 368181.307790357503109, 5730144.721460766158998 ], [ 368127.315466323168948, 5730122.909324458800256 ], [ 368058.598425526928622, 5730092.191218005493283 ], [ 368032.93129697884433, 5730080.17708701826632 ], [ 368036.000359970261343, 5730066.943571551702917 ], [ 367953.110389520064928, 5730033.125873359851539 ], [ 367937.726715803146362, 5730032.582878440618515 ], [ 367923.1244408643106, 5730030.46155368629843 ], [ 367915.111561442550737, 5730020.17781007476151 ], [ 367912.544649053539615, 5730022.481762677431107 ], [ 367870.597586025774945, 5730005.831701244227588 ], [ 367869.711229560431093, 5730008.681420415639877 ], [ 367848.19103358197026, 5729987.679443537257612 ], [ 367838.913745708880015, 5729984.294882238842547 ], [ 367771.900505679892376, 5729959.901055015623569 ], [ 367767.065322026261128, 5729960.33943007234484 ], [ 367765.605910501559265, 5729960.845074413344264 ], [ 367764.275037120329216, 5729961.770209993235767 ], [ 367762.92976258834824, 5729962.673467732034624 ], [ 367761.468602367909625, 5729963.112391554750502 ], [ 367759.595537288463674, 5729962.872185879386961 ], [ 367757.800042968825437, 5729962.162573210895061 ], [ 367756.05369733623229, 5729961.217985520139337 ], [ 367754.35484051151434, 5729960.238769154064357 ], [ 367752.155312466027681, 5729959.150276793166995 ], [ 367749.940506794024259, 5729958.006546346470714 ], [ 367747.975215915066656, 5729956.622586051933467 ], [ 367746.537467430578545, 5729954.790800760500133 ], [ 367746.169971528055612, 5729952.641619260422885 ], [ 367747.04298583389027, 5729947.96724424790591 ], [ 367746.68901663494762, 5729945.806580015458167 ], [ 367745.32407796184998, 5729943.060394428670406 ], [ 367717.082217345596291, 5729932.584225974977016 ], [ 367678.10865951073356, 5729918.116676711477339 ], [ 367660.776813543227036, 5729909.74704603664577 ], [ 367649.049493610393256, 5729902.855051253922284 ], [ 367636.270280614553485, 5729894.610827821306884 ], [ 367625.498409439751413, 5729891.722122989594936 ], [ 367615.200152872712351, 5729888.175585775636137 ], [ 367579.436439702229109, 5729874.325566750019789 ], [ 367579.101762317412067, 5729872.375835771672428 ], [ 367578.138992034830153, 5729866.781502302736044 ], [ 367532.016645625641104, 5729847.628731194883585 ], [ 367503.868733265728224, 5729836.294394749216735 ], [ 367496.030130931350868, 5729833.740622899495065 ], [ 367489.733528466196731, 5729829.087670460343361 ], [ 367476.681157702463679, 5729823.621873058378696 ], [ 367444.594351418083534, 5729810.277058192528784 ], [ 367399.167076962185092, 5729791.830506186001003 ], [ 367386.767668969288934, 5729792.534914256073534 ], [ 367384.474870593170635, 5729791.849635544233024 ], [ 367384.084502685000189, 5729793.306537359952927 ], [ 367314.151405875105411, 5729748.531032798811793 ], [ 367170.747442628722638, 5729689.143781432881951 ], [ 367022.951576382736675, 5729628.273837218992412 ], [ 367018.470868858741596, 5729626.433459172956645 ], [ 366937.311838724883273, 5729593.009085610508919 ], [ 366855.215216044220142, 5729559.210117005743086 ], [ 366850.957765231491067, 5729566.87844080477953 ], [ 366846.942962351546157, 5729565.404261990450323 ], [ 366838.437906410545111, 5729562.257035192102194 ], [ 366813.154512626584619, 5729552.953981406986713 ], [ 366744.306282481644303, 5729527.586908407509327 ], [ 366726.150665199267678, 5729518.774757156148553 ], [ 366704.674750323756598, 5729508.347835590131581 ], [ 366610.771916223224252, 5729469.85715570487082 ], [ 366598.893167025176808, 5729464.918911714106798 ], [ 366590.118281711940654, 5729461.256209267303348 ], [ 366584.650897532119416, 5729458.98605420999229 ], [ 366575.897308956831694, 5729455.345068328082561 ], [ 366540.371630138368346, 5729440.538857149891555 ], [ 366522.206825910136104, 5729432.97399568837136 ], [ 366520.18630563293118, 5729432.13722722325474 ], [ 366511.523333036107942, 5729428.527334984391928 ], [ 366389.681969028548338, 5729377.793746036477387 ], [ 366323.285417587147094, 5729355.883746204897761 ], [ 366183.356885812827386, 5729297.310603508725762 ], [ 366145.940433615993243, 5729279.096407985314727 ], [ 365901.164242876577191, 5729179.581084797158837 ], [ 365869.125230187375564, 5729166.545129323378205 ], [ 365864.662104348826688, 5729165.139269161038101 ], [ 365848.594888733176049, 5729160.080428993329406 ], [ 365828.231819114414975, 5729153.667000848799944 ], [ 365739.999061049195006, 5729118.290548460558057 ], [ 365728.291266236105002, 5729110.489807785488665 ], [ 365620.927099733613431, 5729067.51229074690491 ], [ 365594.679893770255148, 5729057.005597460083663 ], [ 365422.103233198286034, 5728993.914623851887882 ], [ 365398.885009730933234, 5728981.625497248023748 ], [ 365364.655893701128662, 5728966.180630319751799 ], [ 365364.743333618505858, 5728958.8337218221277 ], [ 365373.671036949090194, 5728943.795010227710009 ], [ 365387.397251682647038, 5728932.089111773297191 ], [ 365395.728224258404225, 5728925.523755474947393 ], [ 365402.522312361106742, 5728923.561959775164723 ], [ 365413.9034176520654, 5728906.899924533441663 ], [ 365422.870640183566138, 5728908.886306177824736 ], [ 365434.38776514690835, 5728907.688801344484091 ], [ 365434.993241612974089, 5728914.572093289345503 ], [ 365447.914582192432135, 5728922.462229438126087 ], [ 365477.757183473615441, 5728931.347761862911284 ], [ 365487.831844716449268, 5728928.185782084241509 ], [ 365489.475324833882041, 5728919.795858520083129 ], [ 365489.179697252693586, 5728906.116141160018742 ], [ 365496.318661066645291, 5728880.776206034235656 ], [ 365502.112726549152285, 5728867.501650766469538 ], [ 365512.42794007062912, 5728857.534026902168989 ], [ 365521.286791830207221, 5728855.194633278995752 ], [ 365532.262339027132839, 5728823.298171027563512 ], [ 365532.72215432417579, 5728812.269070570357144 ], [ 365524.87722140760161, 5728805.690039214678109 ], [ 365510.644791767583229, 5728803.621280333027244 ], [ 365485.450631890445948, 5728797.39360130392015 ], [ 365453.625754671054892, 5728786.557799213565886 ], [ 365460.650408962392248, 5728777.156350268051028 ], [ 365461.138209982251283, 5728774.183257658965886 ], [ 365461.285599066293798, 5728771.152475251816213 ], [ 365461.225068749627098, 5728768.104981886222959 ], [ 365461.060875153401867, 5728765.060253271833062 ], [ 365460.694133604119997, 5728760.385091548785567 ], [ 365460.127568687545136, 5728755.737515497021377 ], [ 365459.326625312562101, 5728751.118446765467525 ], [ 365458.271163265046198, 5728746.550678850151598 ], [ 365456.827087334240787, 5728741.414613037370145 ], [ 365455.135994929936714, 5728736.351904579438269 ], [ 365453.143487657187507, 5728731.397388976067305 ], [ 365450.788849236560054, 5728726.608326627872884 ], [ 365441.914057128713466, 5728710.208487183786929 ], [ 365417.779352935147472, 5728669.055038729682565 ], [ 365390.701587669318542, 5728622.850150861777365 ], [ 365387.690933866600972, 5728617.065958390943706 ], [ 365386.635586579621304, 5728614.579160593450069 ], [ 365385.929440407722723, 5728611.960635434836149 ], [ 365385.483838430256583, 5728609.257261051796377 ], [ 365385.231450366612989, 5728606.537602839060128 ], [ 365385.250030758383218, 5728604.901271281763911 ], [ 365385.434477898466866, 5728603.260513748042285 ], [ 365385.681421958375722, 5728601.629216705448925 ], [ 365385.907336133415811, 5728599.987352710217237 ], [ 365386.064225644455291, 5728598.091383487917483 ], [ 365386.207293078885414, 5728596.195783107541502 ], [ 365386.39212414692156, 5728594.310196465812624 ], [ 365386.67371118394658, 5728592.422028047032654 ], [ 365387.135457435972057, 5728590.028286349959671 ], [ 365387.972877628984861, 5728585.643712676130235 ], [ 365391.248543073190376, 5728568.441239244304597 ], [ 365391.599542374256998, 5728566.562347368337214 ], [ 365399.965587157290429, 5728528.625889229588211 ], [ 365408.131451765366364, 5728500.031294528394938 ], [ 365416.552677361527458, 5728477.116380119696259 ], [ 365419.319470614136662, 5728474.794690001755953 ], [ 365437.409484113915823, 5728474.69050729367882 ], [ 365454.884507018723525, 5728475.125812469981611 ], [ 365453.725975564157125, 5728460.21163746342063 ], [ 365474.758451634435914, 5728459.18338122498244 ], [ 365492.503244677791372, 5728459.099731688387692 ], [ 365495.40638270531781, 5728458.77751187607646 ], [ 365498.255305025551934, 5728457.978229966945946 ], [ 365501.064038849319331, 5728456.968586832284927 ], [ 365503.887782189645804, 5728456.003057646565139 ], [ 365524.353351877187379, 5728449.793291191570461 ], [ 365524.170008605171461, 5728369.742502085864544 ], [ 365536.460995734843891, 5728369.247985873371363 ], [ 365536.900706864078529, 5728365.764294734224677 ], [ 365537.010981529718265, 5728364.971259525977075 ], [ 365537.135079111612868, 5728364.177855914458632 ], [ 365537.321676053514238, 5728363.393914704211056 ], [ 365537.620337945525534, 5728362.662627356126904 ], [ 365538.307712206791621, 5728361.464727500453591 ], [ 365539.15612455829978, 5728360.340432667173445 ], [ 365540.117787695140578, 5728359.313272756524384 ], [ 365541.171967290807515, 5728358.383800425566733 ], [ 365562.413827648153529, 5728341.058791319839656 ], [ 365586.796426059794612, 5728325.831312440335751 ], [ 365594.245224748621695, 5728323.22919803019613 ], [ 365596.683794001000933, 5728322.34075469430536 ], [ 365599.100444655516185, 5728321.408384030684829 ], [ 365601.53269652207382, 5728320.542367618530989 ], [ 365604.010565273696557, 5728319.830930773168802 ], [ 365605.971158817759715, 5728319.43373313266784 ], [ 365607.96927226067055, 5728319.146817909553647 ], [ 365609.968570734839886, 5728318.904384351335466 ], [ 365611.968757982132956, 5728318.695312241092324 ], [ 365630.530972645035945, 5728316.565080417320132 ], [ 365634.971324371930677, 5728314.488276390358806 ], [ 365631.913911162992008, 5728305.644962073303759 ], [ 365641.999607643345371, 5728302.327263857237995 ], [ 365673.091248459357303, 5728287.86744951736182 ], [ 365679.833218108746223, 5728283.392507591284811 ], [ 365681.9971802032087, 5728279.462318453937769 ], [ 365684.560129193472676, 5728269.734896931797266 ], [ 365676.431274377275258, 5728253.292542647570372 ], [ 365663.425050561199896, 5728236.546064784750342 ], [ 365660.779520799056627, 5728233.300330512225628 ], [ 365657.896522539143916, 5728230.227842023596168 ], [ 365654.75887396390317, 5728227.46259443834424 ], [ 365651.301308345980942, 5728225.150991476140916 ], [ 365629.547628062195145, 5728212.899592312052846 ], [ 365618.903828362061176, 5728203.579517489299178 ], [ 365591.853940572356805, 5728184.135914237238467 ], [ 365574.371471248450689, 5728173.072947870008647 ], [ 365558.143017166759819, 5728163.389894218184054 ], [ 365549.717498631333001, 5728159.196547470055521 ], [ 365547.035640068119392, 5728157.966024321503937 ], [ 365544.288515352527611, 5728156.881907230243087 ], [ 365541.490244458080269, 5728155.954948136582971 ], [ 365538.63332318351604, 5728155.163090898655355 ], [ 365535.657324350380804, 5728154.574714694172144 ], [ 365532.62475014582742, 5728154.199282118119299 ], [ 365529.586745541950222, 5728153.879636630415916 ], [ 365526.553873937926255, 5728153.493087474256754 ], [ 365524.915000828099437, 5728153.247436262667179 ], [ 365523.269512194907293, 5728153.013090008869767 ], [ 365521.636364899924956, 5728152.722774788737297 ], [ 365520.021581444772892, 5728152.342945726588368 ], [ 365517.766863834403921, 5728151.568433661013842 ], [ 365515.569905045209453, 5728150.625461356714368 ], [ 365513.365737270389218, 5728149.671554012224078 ], [ 365511.129677669377998, 5728148.81865070015192 ], [ 365494.50911133387126, 5728143.374928696081042 ], [ 365492.839264320675284, 5728144.821586891077459 ], [ 365470.28821364371106, 5728136.676119456067681 ], [ 365455.395933598570991, 5728129.127739566378295 ], [ 365454.407438284833916, 5728128.631077319383621 ], [ 365419.889475932810456, 5728111.635382633656263 ], [ 365417.404413232696243, 5728109.487170858308673 ], [ 365414.643262947909534, 5728107.101505865342915 ], [ 365411.611160553933587, 5728101.818629929795861 ], [ 365402.211053063394502, 5728084.954328638501465 ], [ 365392.60750683140941, 5728068.763157336041331 ], [ 365384.814345720689744, 5728055.617320254445076 ], [ 365384.148192837019451, 5728054.50002421438694 ], [ 365340.343233290943317, 5728070.792034165933728 ], [ 365287.482145079527982, 5728086.736426167190075 ], [ 365275.770019938237965, 5728089.508458537049592 ], [ 365273.215830737201031, 5728089.955015835352242 ], [ 365266.965139906154945, 5728091.067815721966326 ], [ 365258.013876754790545, 5728091.807615522295237 ], [ 365249.00570155098103, 5728091.97028808388859 ], [ 365240.022878234449308, 5728091.787327339872718 ], [ 365228.449173634464387, 5728091.195076012052596 ], [ 365227.395012992492411, 5728091.089695765636861 ], [ 365216.909589352901094, 5728090.067788890562952 ], [ 365205.437789658084512, 5728088.371181815862656 ], [ 365194.094788818387315, 5728086.05911145079881 ], [ 365181.232454679906368, 5728082.541310297325253 ], [ 365168.591511699487455, 5728078.249783040955663 ], [ 365156.109968859353103, 5728073.453260010108352 ], [ 365143.745978736493271, 5728068.397677587345243 ], [ 365138.29625768342521, 5728066.095144091174006 ], [ 365132.891942127957009, 5728063.680121129378676 ], [ 365127.585354209062643, 5728061.039928471669555 ], [ 365122.464861367247067, 5728058.116562865674496 ], [ 365084.999238389544189, 5728034.936734899878502 ], [ 365034.367546092136763, 5727997.943182558752596 ], [ 364960.812131640559528, 5727936.64759864192456 ], [ 364949.395287528866902, 5727926.425911182537675 ], [ 364915.946395427105017, 5727898.844290080480278 ], [ 364902.831847378518432, 5727889.291327397339046 ], [ 364880.512186730047688, 5727869.980657541193068 ], [ 364804.473714822204784, 5727812.448245212435722 ], [ 364778.379078871337697, 5727792.716114648617804 ], [ 364771.18769860942848, 5727787.38925321213901 ], [ 364768.989712920505553, 5727785.645392002537847 ], [ 364766.878604806261137, 5727783.787921644747257 ], [ 364764.834531535103451, 5727781.85075834300369 ], [ 364762.81059743091464, 5727779.890799717977643 ], [ 364761.446489231893793, 5727778.547464276663959 ], [ 364760.123257809900679, 5727777.180777289904654 ], [ 364758.820166400866583, 5727775.791294497437775 ], [ 364758.48545507970266, 5727775.433035229332745 ], [ 364746.898439726908691, 5727766.117717871442437 ], [ 364731.982691226876341, 5727747.199010040611029 ], [ 364715.147962332936004, 5727714.243510998785496 ], [ 364702.407161883369554, 5727666.288788677193224 ], [ 364699.114092858391814, 5727645.634151248261333 ], [ 364686.530986649740953, 5727606.666803157888353 ], [ 364679.630226345849223, 5727589.747828188352287 ], [ 364678.231321319181006, 5727586.33560374006629 ], [ 364678.194074988598004, 5727586.236448875628412 ], [ 364676.66174280247651, 5727582.749905413016677 ], [ 364675.013684799079783, 5727579.333234725520015 ], [ 364673.17445930140093, 5727576.010716339573264 ], [ 364671.02207973622717, 5727572.618698985315859 ], [ 364668.6998658690718, 5727569.342518715187907 ], [ 364666.221344387158751, 5727566.170684820972383 ], [ 364663.614463563193567, 5727563.113576191477478 ], [ 364626.687774543126579, 5727521.560956807807088 ], [ 364603.24406282248674, 5727496.550543968565762 ], [ 364557.28795986995101, 5727452.903732320293784 ], [ 364555.399637203780003, 5727451.107131997123361 ], [ 364552.342401714005973, 5727446.481959600932896 ], [ 364546.723157853120938, 5727439.188017672859132 ], [ 364543.521182395284995, 5727433.810017846524715 ], [ 364541.293097070592921, 5727427.860598069615662 ], [ 364541.277480721531902, 5727427.794248078018427 ], [ 364540.948892604908906, 5727426.634607607498765 ], [ 364539.563369638635777, 5727421.664110455662012 ], [ 364537.800268617400434, 5727415.513031888753176 ], [ 364536.128630452498328, 5727410.450061582960188 ], [ 364534.518607251695357, 5727405.363181461580098 ], [ 364533.142421705182642, 5727400.225512212142348 ], [ 364532.213475429220125, 5727394.997940845787525 ], [ 364531.674018051009625, 5727388.302121553570032 ], [ 364531.652423313935287, 5727381.570145163685083 ], [ 364532.011033980408683, 5727374.827963193878531 ], [ 364532.619403384742327, 5727368.112461850978434 ], [ 364532.65341806365177, 5727367.833344034850597 ], [ 364533.859862647135742, 5727359.68850911129266 ], [ 364535.593228556273971, 5727351.329223926179111 ], [ 364537.444716700236313, 5727342.989025559276342 ], [ 364539.053067555825692, 5727334.610841466113925 ], [ 364540.511324479943141, 5727325.279662486165762 ], [ 364541.816907355270814, 5727315.930325705558062 ], [ 364543.011292811133899, 5727306.561717748641968 ], [ 364544.07403994910419, 5727297.185515320859849 ], [ 364545.160217149648815, 5727287.908838300034404 ], [ 364546.21844929154031, 5727278.621783661656082 ], [ 364546.965304904035293, 5727269.331958268769085 ], [ 364547.102629140252247, 5727260.013979351148009 ], [ 364546.637039637716953, 5727252.203359019942582 ], [ 364545.70196289679734, 5727244.427595509216189 ], [ 364544.401091807871126, 5727236.683905995450914 ], [ 364542.825487701687962, 5727229.014359436929226 ], [ 364541.358398816548288, 5727221.264003480784595 ], [ 364541.277031807752792, 5727220.809931619092822 ], [ 364539.657650676905178, 5727212.54063864890486 ], [ 364537.445340324076824, 5727205.377822604030371 ], [ 364537.217951766506303, 5727204.63833711668849 ], [ 364535.459430241491646, 5727200.9798494707793 ], [ 364534.716941838385537, 5727199.864702937193215 ], [ 364534.024336870352272, 5727198.803858543746173 ], [ 364516.76826829300262, 5727179.12502711545676 ], [ 364485.950589201122057, 5727150.095445117913187 ], [ 364443.366266152821481, 5727113.136057143099606 ], [ 364426.073028528713621, 5727096.218301200307906 ], [ 364419.261268397211097, 5727090.136101767420769 ], [ 364409.735112598631531, 5727081.645242006517947 ], [ 364398.317382307373919, 5727071.502603850327432 ], [ 364387.047216248232871, 5727061.189101862721145 ], [ 364378.304582229116932, 5727052.510322151705623 ], [ 364363.799925647792406, 5727035.88506493717432 ], [ 364359.190322489361279, 5727029.888429339043796 ], [ 364352.67349218390882, 5727020.370900981128216 ], [ 364346.844124207855202, 5727010.43428857717663 ], [ 364341.923149218666367, 5727000.061523758806288 ], [ 364332.824354168551508, 5726978.138698406517506 ], [ 364316.166184530011378, 5726933.91786099690944 ], [ 364306.557970132562332, 5726914.156512659043074 ], [ 364297.046436693810392, 5726894.64852945972234 ], [ 364288.140764357289299, 5726879.664579862728715 ], [ 364282.537072347826324, 5726872.470630679279566 ], [ 364273.788039930048399, 5726863.057723042555153 ], [ 364264.171650125645101, 5726854.580666276626289 ], [ 364253.715522249869537, 5726847.294671343639493 ], [ 364197.757597825024277, 5726813.323115340434015 ], [ 364187.580299391760491, 5726807.92154458258301 ], [ 364176.987768380669877, 5726803.287884975783527 ], [ 364166.356129547115415, 5726798.744324862957001 ], [ 364155.993863868759945, 5726793.670510806143284 ], [ 364144.476582376810256, 5726787.069852833636105 ], [ 364140.042849286342971, 5726784.540668984875083 ], [ 364124.382207188522443, 5726774.891160813160241 ], [ 364109.033573816064745, 5726764.754785674624145 ], [ 364094.038728393614292, 5726754.141544004902244 ], [ 364080.91854669112945, 5726744.290226360782981 ], [ 364068.071893634274602, 5726734.064343536272645 ], [ 364055.647875297116116, 5726723.348595568910241 ], [ 364043.78236976620974, 5726712.050293865613639 ], [ 364032.941569057293236, 5726700.524108867160976 ], [ 364022.688138695026282, 5726688.459096278063953 ], [ 364012.894312948919833, 5726675.992233238182962 ], [ 364003.453067429945804, 5726663.259939227253199 ], [ 363996.138928511878476, 5726652.695997204631567 ], [ 363989.191215834231116, 5726641.866242498159409 ], [ 363982.488178274594247, 5726630.874108299612999 ], [ 363975.935419981717132, 5726619.811163116246462 ], [ 363948.254074407159351, 5726572.872666561044753 ], [ 363911.813042456400581, 5726511.058296356350183 ], [ 363882.537179641192779, 5726470.46168253198266 ], [ 363870.885295311221853, 5726455.574696722440422 ], [ 363858.162506704742555, 5726441.517848110757768 ], [ 363844.556091584614478, 5726428.308350118808448 ], [ 363830.244917010306381, 5726415.908000493422151 ], [ 363816.572671999747399, 5726405.39338218793273 ], [ 363802.2792522048112, 5726395.707918561063707 ], [ 363787.453644821012858, 5726386.815829265862703 ], [ 363772.21369493578095, 5726378.725067405961454 ], [ 363758.542836864013225, 5726372.372523630037904 ], [ 363744.539126934774686, 5726366.763463254086673 ], [ 363743.51253299677046, 5726366.412810372188687 ], [ 363730.250068987021223, 5726361.863222251646221 ], [ 363715.759239056380466, 5726357.691803593188524 ], [ 363703.570467796002049, 5726354.982845114544034 ], [ 363700.415194687258918, 5726354.467105561867356 ], [ 363691.255398783716373, 5726352.978405395522714 ], [ 363684.624981509463396, 5726352.144760637544096 ], [ 363678.855530311004259, 5726351.421415181830525 ], [ 363666.426186795230024, 5726350.054431349039078 ], [ 363590.895790221053176, 5726341.878949852660298 ], [ 363585.726043155591469, 5726341.32868614885956 ], [ 363515.614916237071157, 5726333.731225150637329 ], [ 363509.278441778966226, 5726333.02340058516711 ], [ 363502.966615698183887, 5726332.203634762205184 ], [ 363496.684247165569104, 5726331.193899646401405 ], [ 363490.456887792330235, 5726329.915606294758618 ], [ 363483.268437421531416, 5726328.151408817619085 ], [ 363476.149422912509181, 5726326.140521636232734 ], [ 363469.125395339040551, 5726323.804355513304472 ], [ 363462.276618211588357, 5726321.040584796108305 ], [ 363456.255743214394897, 5726318.187661620788276 ], [ 363450.371639739256352, 5726315.019454318098724 ], [ 363444.699461918789893, 5726311.500544743612409 ], [ 363439.293621130869724, 5726307.596075523644686 ], [ 363403.747454443946481, 5726279.924649049527943 ], [ 363323.276948813349009, 5726204.605152536183596 ], [ 363289.176651792717166, 5726176.717282855883241 ], [ 363281.704551129660103, 5726171.388860072009265 ], [ 363271.212497261702083, 5726163.905446004122496 ], [ 363264.206654712092131, 5726158.931654107756913 ], [ 363271.722733981441706, 5726145.952826674096286 ], [ 363272.674458612804301, 5726144.302322659641504 ], [ 363274.505463655223139, 5726141.136816570535302 ], [ 363286.43125599832274, 5726120.560389116406441 ], [ 363294.099263934593182, 5726107.310408038087189 ], [ 363296.386628196109086, 5726103.364702950231731 ], [ 363312.663824464892969, 5726077.885368351824582 ], [ 363317.211285295546986, 5726070.773697004653513 ], [ 363324.985017933591735, 5726058.61148024443537 ], [ 363330.156605588214006, 5726050.525895069353282 ], [ 363351.865764695568942, 5725992.304944166913629 ], [ 363331.055713781737722, 5725983.531566921621561 ], [ 363328.458736245636828, 5725982.433393716812134 ], [ 363349.561947616341058, 5725928.657907962799072 ], [ 363358.152298341039568, 5725906.769801156595349 ], [ 363361.12308975495398, 5725899.177820319309831 ], [ 363371.259063458186574, 5725872.262448416091502 ], [ 363385.242064669087995, 5725835.0940315797925 ], [ 363404.686118322308175, 5725783.377949893474579 ], [ 363410.579306355328299, 5725767.672341463156044 ], [ 363427.489446665160358, 5725722.546082954853773 ], [ 363435.551387304323725, 5725701.050798474811018 ], [ 363436.100979242182802, 5725699.622645257040858 ], [ 363454.098195154801942, 5725652.452886515296996 ], [ 363462.395798010693397, 5725630.706463151611388 ], [ 363476.348681220901199, 5725594.162369563244283 ], [ 363483.6900656305952, 5725574.923445289023221 ], [ 363493.869244603149127, 5725548.274301779456437 ], [ 363499.259400759357959, 5725534.162637504749 ], [ 363503.104420961695723, 5725524.07666046731174 ], [ 363514.905681529897265, 5725493.166118642315269 ], [ 363546.435402976232581, 5725410.955423487350345 ], [ 363572.522682295704726, 5725342.946976247243583 ], [ 363653.523875489248894, 5725131.782292984426022 ], [ 363678.780041275545955, 5725065.944738548249006 ], [ 363733.452099477406591, 5724923.419156365096569 ], [ 363803.492490960285068, 5724740.830105481669307 ], [ 363815.107318642258178, 5724710.55980196967721 ], [ 363820.134785033471417, 5724709.367077738046646 ], [ 363842.986410818935838, 5724637.864380793645978 ], [ 363891.543483085930347, 5724511.296756820753217 ], [ 363899.258871791011188, 5724491.169405716471374 ], [ 363935.373990706342738, 5724397.009023082442582 ], [ 363948.247864089673385, 5724361.764285430312157 ], [ 363987.208878460922278, 5724261.908000061288476 ], [ 364036.923943571164273, 5724132.295259601436555 ], [ 364042.894712478329893, 5724116.744310295209289 ], [ 364128.638304388266988, 5723893.209690301679075 ], [ 364263.11278932983987, 5723944.089717377908528 ], [ 364291.003033732296899, 5723954.635564423166215 ], [ 364294.395143953850493, 5723953.865634569898248 ], [ 364338.847100531216711, 5723941.588225338608027 ], [ 364382.068421676522121, 5723925.493913513608277 ], [ 364412.086743063933682, 5723914.227794965729117 ], [ 364431.628942265408114, 5723906.225287783890963 ], [ 364437.586658380459994, 5723903.806421036832035 ], [ 364443.565729393449146, 5723901.409244876354933 ], [ 364449.567646946350578, 5723899.089360010810196 ], [ 364455.628191987634636, 5723896.890319119207561 ], [ 364461.954407867102418, 5723894.272417969070375 ], [ 364468.317064519273117, 5723891.464369310066104 ], [ 364474.753860514785629, 5723889.355412373319268 ], [ 364478.028083171346225, 5723888.83358982950449 ], [ 364481.364151607616805, 5723888.810876335017383 ], [ 364505.908967177267186, 5723890.778824222274125 ], [ 364513.373133769142441, 5723877.158141175284982 ], [ 364518.711846316640731, 5723867.40028256457299 ], [ 364522.539793601143174, 5723860.420458285138011 ], [ 364537.59925738198217, 5723832.897444847039878 ], [ 364539.750666015199386, 5723828.967178345657885 ], [ 364581.454665407189168, 5723717.458345255814493 ], [ 364584.337656116404105, 5723709.82508915476501 ], [ 364588.629805731121451, 5723698.4595364369452 ], [ 364582.666186669026501, 5723695.503489800728858 ], [ 364640.354983301251195, 5723507.91803222335875 ], [ 364660.01815885596443, 5723345.388438357040286 ], [ 364669.843958715675399, 5723337.435773973353207 ], [ 364688.059795129578561, 5723306.690686085261405 ], [ 364692.304635809210595, 5723279.313191310502589 ], [ 364696.853172077564523, 5723244.916872615925968 ], [ 364692.479788143129554, 5723234.139563322998583 ], [ 364683.757210667885374, 5723233.916865274310112 ], [ 364662.464115651382599, 5723209.226286891847849 ], [ 364655.212569809053093, 5723207.317282698117197 ], [ 364649.696991572680417, 5723203.01376498490572 ], [ 364589.384291916503571, 5723192.855953424237669 ], [ 364552.229288244561758, 5723185.494448460638523 ], [ 364500.802701539359987, 5723182.188123264349997 ], [ 364483.678799046843778, 5723179.531413272023201 ], [ 364350.54292548133526, 5723124.992234707809985 ], [ 364288.164592432323843, 5723100.115235134959221 ], [ 364290.315328752622008, 5723092.8019392285496 ], [ 364276.947835102677345, 5723088.498230529017746 ], [ 364274.875065067200921, 5723087.886209079064429 ], [ 364272.763171533762943, 5723087.364264242351055 ], [ 364270.619670600397512, 5723086.954450470395386 ], [ 364268.479454527725466, 5723086.666958823800087 ], [ 364266.133767982712016, 5723086.462883519940078 ], [ 364263.798285254335497, 5723086.380944695323706 ], [ 364261.445331733964849, 5723086.421885656192899 ], [ 364259.10979974392103, 5723086.595897377468646 ], [ 364254.86251972138416, 5723087.255257004871964 ], [ 364250.678356344404165, 5723088.202256349846721 ], [ 364246.497778880991973, 5723089.282700512558222 ], [ 364242.331040446530096, 5723090.362776454538107 ], [ 364103.926787944277748, 5723124.618228665553033 ], [ 364101.151690011785831, 5723125.438438918441534 ], [ 364098.407556898251642, 5723126.380227687768638 ], [ 364095.640575526980683, 5723127.24473537877202 ], [ 364092.817389282630756, 5723127.821424224413931 ], [ 364090.011411252489779, 5723128.008166629821062 ], [ 364087.171179446217138, 5723127.951012501493096 ], [ 364084.334277337009553, 5723127.760232605040073 ], [ 364081.50459266116377, 5723127.580388328060508 ], [ 364078.081399845890701, 5723127.472149069420993 ], [ 364074.651587228989229, 5723127.375218316912651 ], [ 364071.251881150412373, 5723127.110557832755148 ], [ 364067.906067510659341, 5723126.532861775718629 ], [ 364020.711018242756836, 5723115.083030128851533 ], [ 364022.91611904266756, 5723109.804593114182353 ], [ 364023.931771681644022, 5723102.777655552141368 ], [ 364025.885970472590998, 5723085.342896963469684 ], [ 364026.509137814049609, 5723077.881394405849278 ], [ 364036.230224625323899, 5723024.872405521571636 ], [ 364037.867970136692747, 5723020.121136852540076 ], [ 364038.505962629395071, 5723018.356853233650327 ], [ 364039.108763317286503, 5723016.571260153315961 ], [ 364039.621620099875145, 5723014.788086853921413 ], [ 364039.925417507416569, 5723012.954896997660398 ], [ 364040.066270259674639, 5723010.469529707916081 ], [ 364039.978204293758608, 5723007.96806450933218 ], [ 364039.641659455024637, 5723005.495540218427777 ], [ 364039.023237930843607, 5723003.09736795257777 ], [ 364038.338803795399144, 5723001.591223855502903 ], [ 364037.414903075317852, 5723000.191675449721515 ], [ 364036.415493167471141, 5722998.816414898261428 ], [ 364035.532506054150872, 5722997.393509807065129 ], [ 364022.604901348240674, 5722972.658456664532423 ], [ 364021.061249138670973, 5722969.584106079302728 ], [ 364019.653878095152322, 5722966.428192080929875 ], [ 364018.439036961412057, 5722963.222585604526103 ], [ 364017.450123653979972, 5722959.921875299885869 ], [ 364016.473774607642554, 5722955.029501089826226 ], [ 364015.855710116564296, 5722950.071846128441393 ], [ 364015.485827329219319, 5722945.07412910554558 ], [ 364015.268459177226759, 5722940.083436659537256 ], [ 364015.089463265496306, 5722936.004220391623676 ], [ 364014.986575328919571, 5722931.922956360504031 ], [ 364015.147204724140465, 5722927.856858387589455 ], [ 364015.697089489549398, 5722923.847056014463305 ], [ 364020.021209095139056, 5722902.620606915093958 ], [ 364021.430408591986634, 5722891.432283933274448 ], [ 364030.571413422061596, 5722847.986874655820429 ], [ 364049.155092906032223, 5722786.449069223366678 ], [ 364045.958083401201293, 5722763.611080536618829 ], [ 364064.821709244395606, 5722702.677881371229887 ], [ 364096.732206157990731, 5722709.509311459027231 ], [ 364127.531578555412125, 5722630.706404539756477 ], [ 364130.982950736652128, 5722589.862393400631845 ], [ 364133.843804001808167, 5722556.156269020400941 ], [ 364185.993267258396372, 5722560.341104604303837 ], [ 364187.110878786072135, 5722560.444612860679626 ], [ 364188.23481210519094, 5722560.525695242919028 ], [ 364189.349136924720369, 5722560.506882876157761 ], [ 364190.452060634503141, 5722560.321455140598118 ], [ 364191.282139383489266, 5722560.03207721374929 ], [ 364192.073737050930504, 5722559.599067660048604 ], [ 364192.815106279682368, 5722559.100638994947076 ], [ 364193.534821079112589, 5722558.569407863542438 ], [ 364194.554508941364475, 5722557.863195350393653 ], [ 364195.594357813009992, 5722557.134185123257339 ], [ 364196.457935012993403, 5722556.287501628510654 ], [ 364196.977083010249771, 5722555.249765771441162 ], [ 364204.571643151924945, 5722524.521273721940815 ], [ 364181.534998072311282, 5722519.921119932085276 ], [ 364164.422571555303875, 5722518.555943209677935 ], [ 364146.372183122613933, 5722515.012662924826145 ], [ 364121.631111021735705, 5722508.833879576064646 ], [ 364134.28437822900014, 5722488.307321428321302 ], [ 364140.916717971500475, 5722460.175187099725008 ], [ 364137.251390336896293, 5722457.25797875225544 ], [ 364138.250115393602755, 5722452.679728957824409 ], [ 364164.570397574454546, 5722423.562251772731543 ], [ 364169.804214893141761, 5722405.994960292242467 ], [ 364183.678066092426889, 5722392.735802035778761 ], [ 364189.234009014617186, 5722387.411947710439563 ], [ 364181.887594063184224, 5722383.569820251315832 ], [ 364139.112664272892289, 5722361.105409298092127 ], [ 364180.143519980367273, 5722319.173701973631978 ], [ 364196.72102891857503, 5722303.438276510685682 ], [ 364182.953445089748129, 5722276.332820448093116 ], [ 364153.410125036607496, 5722245.589547802694142 ], [ 364127.32525212795008, 5722229.654041094705462 ], [ 364130.759391936706379, 5722207.2164575336501 ], [ 364107.603478207136504, 5722196.432542115449905 ], [ 363987.458981935400516, 5722133.996491410769522 ], [ 363988.136227895040065, 5722110.264203552156687 ], [ 363990.341118071926758, 5722107.534128997474909 ], [ 364011.616275677457452, 5722068.970325158908963 ], [ 364045.521667373948731, 5722006.141468306072056 ], [ 364046.567166667431593, 5722004.588798445649445 ], [ 364051.955375176272355, 5721996.62082480173558 ], [ 364056.377122702659108, 5721987.221060597337782 ], [ 364064.842925546341576, 5721965.705310025252402 ], [ 364067.097441195510328, 5721960.180779325775802 ], [ 364068.110465175064746, 5721953.298614024184644 ], [ 364068.269929925911129, 5721953.305454572662711 ], [ 364069.031500001787208, 5721953.040159217081964 ], [ 364069.457652802113444, 5721952.405525971204042 ], [ 364069.574748669750988, 5721950.321417485363781 ], [ 364069.31973286322318, 5721947.791060701943934 ], [ 364069.390224586124532, 5721945.519027087837458 ], [ 364070.11848415620625, 5721942.984489297494292 ], [ 364070.999887383542955, 5721940.479218517430127 ], [ 364071.937550674541853, 5721938.005819692276418 ], [ 364072.846935905516148, 5721935.510925124399364 ], [ 364083.129498308524489, 5721906.08991114795208 ], [ 364088.73960816883482, 5721884.472937102429569 ], [ 364089.232417185674421, 5721882.968520250171423 ], [ 364091.887038799701259, 5721874.807010738179088 ], [ 364093.083396531292237, 5721871.135953495278955 ], [ 364097.36353180592414, 5721869.084604312665761 ], [ 364100.500063536106609, 5721831.186927223578095 ], [ 364094.40467086515855, 5721831.406414963304996 ], [ 364081.459859703551047, 5721831.876811565831304 ], [ 364078.667299981112592, 5721832.074295931495726 ], [ 364075.882258747471496, 5721832.293835964053869 ], [ 364073.098756697785575, 5721832.313029884360731 ], [ 364070.393261093064211, 5721831.885003004223108 ], [ 364067.911100025987253, 5721831.005847827531397 ], [ 364065.551456517539918, 5721829.789555917493999 ], [ 364063.370889536221512, 5721828.279118882492185 ], [ 364061.391356132691726, 5721826.518458623439074 ], [ 364054.007663824013434, 5721819.005200932733715 ], [ 364051.536901993385982, 5721816.489912061952055 ], [ 364048.992738881730475, 5721821.031831415370107 ], [ 364046.134812033909839, 5721825.237217572517693 ], [ 364042.7121922186343, 5721829.046050096862018 ], [ 364039.013700587092899, 5721832.639741342514753 ], [ 364035.307396703807171, 5721836.200261247344315 ], [ 364028.404264773940668, 5721842.951507764868438 ], [ 364021.316435925196856, 5721849.52968202251941 ], [ 364014.043012771580834, 5721855.901424527168274 ], [ 364006.582499453332275, 5721862.011135634966195 ], [ 364000.261673805536702, 5721866.72144035436213 ], [ 363993.754050068673678, 5721871.18083153385669 ], [ 363987.174541676125955, 5721875.542012282647192 ], [ 363980.616703090840019, 5721879.936003514565527 ], [ 363968.704079713206738, 5721888.135236138477921 ], [ 363955.248783287941478, 5721896.910161072388291 ], [ 363923.486159383377526, 5721917.639828751794994 ], [ 363912.944112118100747, 5721924.52257468085736 ], [ 363855.438466442981735, 5721957.518976252526045 ], [ 363867.708004110725597, 5721904.719361851923168 ], [ 363869.325968996214215, 5721860.385771473869681 ], [ 363870.332387791189831, 5721844.779268283396959 ], [ 363867.814074618392624, 5721710.352316331118345 ], [ 363869.430080758582335, 5721690.890195917338133 ], [ 363867.328027079463936, 5721670.693572441115975 ], [ 363868.361226421606261, 5721664.567531873472035 ], [ 363868.908901232178323, 5721662.015569617040455 ], [ 363869.832629645767156, 5721657.7397486474365 ], [ 363870.343572523852345, 5721655.366825887933373 ], [ 363869.120537521550432, 5721650.069374694488943 ], [ 363863.591415805509314, 5721626.314993899315596 ], [ 363863.278059888165444, 5721624.965797634795308 ], [ 363861.986138899228536, 5721619.42538342718035 ], [ 363860.968212636536919, 5721614.801227880641818 ], [ 363859.998430467327125, 5721610.164648046717048 ], [ 363858.966659648809582, 5721605.540865589864552 ], [ 363857.79767015343532, 5721600.965290599502623 ], [ 363856.366323467285838, 5721596.163089086301625 ], [ 363854.811897973762825, 5721591.419842679053545 ], [ 363853.140415841713548, 5721586.702004890888929 ], [ 363851.379859244567342, 5721582.019950492307544 ], [ 363837.584209926077165, 5721546.547693946398795 ], [ 363836.222805697470903, 5721542.800787191838026 ], [ 363835.005239608057309, 5721538.994366480968893 ], [ 363833.856281233835034, 5721535.163842114619911 ], [ 363832.694078581640497, 5721531.355930915102363 ], [ 363831.50658676715102, 5721527.637726128101349 ], [ 363830.305551174213178, 5721523.93101445492357 ], [ 363829.208027264219709, 5721520.210387213155627 ], [ 363828.268184195272624, 5721516.429872944019735 ], [ 363827.401540423976257, 5721512.024211433716118 ], [ 363826.672713780659251, 5721507.592582168988883 ], [ 363826.192438581143506, 5721503.132002885453403 ], [ 363826.00916163175134, 5721498.641168808564544 ], [ 363825.989113097428344, 5721486.066906807944179 ], [ 363825.978919146989938, 5721476.430209430865943 ], [ 363826.465103241382167, 5721407.300224394537508 ], [ 363826.373332817689516, 5721402.606620077975094 ], [ 363826.253279531840235, 5721397.891521179117262 ], [ 363826.217177010606974, 5721393.207545914687216 ], [ 363826.43685334676411, 5721388.50555435474962 ], [ 363827.213774277479388, 5721381.86338781286031 ], [ 363827.482697227504104, 5721380.275949700735509 ], [ 363828.331326487648766, 5721375.267689135856926 ], [ 363829.615586474654265, 5721368.689757842570543 ], [ 363830.906771454843692, 5721362.111640610732138 ], [ 363832.532803684938699, 5721353.821901491843164 ], [ 363833.704407173907384, 5721348.204025668092072 ], [ 363834.263556831458118, 5721345.562727709300816 ], [ 363836.008458191005047, 5721337.314302043989301 ], [ 363837.718161737429909, 5721329.04456885997206 ], [ 363839.435956441331655, 5721321.07507848739624 ], [ 363840.261281382641755, 5721317.258159728720784 ], [ 363842.874524446204305, 5721305.503248889930546 ], [ 363845.264807364204898, 5721293.698702839203179 ], [ 363847.105635828338563, 5721281.808799571357667 ], [ 363848.501931313541718, 5721268.328414870426059 ], [ 363849.405034313211218, 5721254.794541338458657 ], [ 363849.787854824622627, 5721241.230164193548262 ], [ 363849.637743798724841, 5721227.680136250331998 ], [ 363848.705601437599398, 5721213.639269964769483 ], [ 363847.275512573774904, 5721201.169749870896339 ], [ 363847.102391192107461, 5721199.627600241452456 ], [ 363845.188314822677057, 5721185.646557247266173 ], [ 363840.373971907072701, 5721164.532573621720076 ], [ 363835.099515727022663, 5721138.67926892451942 ], [ 363832.076084733242169, 5721109.738502529449761 ], [ 363831.181257734016981, 5721084.223527505993843 ], [ 363835.700299743621144, 5721042.660676131956279 ], [ 363909.005903230863623, 5721032.964505110867321 ], [ 363978.080092243035324, 5721028.179438032209873 ], [ 364009.426376991788857, 5721026.001036057248712 ], [ 364011.143072967999615, 5721028.536595816724002 ], [ 364041.470428661443293, 5721027.876959592103958 ], [ 364059.171141790458933, 5721027.49013889208436 ], [ 364071.22992092196364, 5721027.221640611998737 ], [ 364109.439440928108525, 5721026.038968911394477 ], [ 364115.543623060570098, 5721025.852690003812313 ], [ 364114.755047194368672, 5721017.127187468111515 ], [ 364195.645962794194929, 5721016.979608351364732 ], [ 364195.699479094182607, 5721014.329683784395456 ], [ 364195.859623617725447, 5721006.880685461685061 ], [ 364196.040257093496621, 5720997.873203321360052 ], [ 364262.301496561965905, 5721005.686687837354839 ], [ 364292.547069509804714, 5721011.785507681779563 ], [ 364360.210682126285974, 5721025.415998236276209 ], [ 364428.200992588535883, 5721039.105387535877526 ], [ 364558.215919661335647, 5721075.248626037500799 ], [ 364676.374024543969426, 5721110.733127664774656 ], [ 364684.534696660295594, 5721094.479231169447303 ], [ 364691.274408331373706, 5721065.499494475312531 ], [ 364704.581441992719192, 5721053.125167962163687 ], [ 364707.62220107507892, 5720988.400976596400142 ], [ 364711.605541745899245, 5720946.219263103790581 ], [ 364720.817014973901678, 5720916.149686425924301 ], [ 364734.759965466568246, 5720881.435594961978495 ], [ 364743.039125827956013, 5720849.387961237691343 ], [ 364717.903286798507906, 5720739.892627893015742 ], [ 364721.779250538966153, 5720698.860013589262962 ], [ 364721.285028324753512, 5720684.785131656564772 ], [ 364718.12613122689072, 5720662.246315401047468 ], [ 364713.800411069474649, 5720655.907755922526121 ], [ 364718.112226718803868, 5720650.072609902359545 ], [ 364727.454602352168877, 5720648.698800451122224 ], [ 364724.476819269708358, 5720636.815800616517663 ], [ 364712.521168673760258, 5720620.254344197921455 ], [ 364716.402575166837778, 5720606.095808577723801 ], [ 364721.971316973387729, 5720596.23208250105381 ], [ 364740.170040112454444, 5720573.489289669319987 ], [ 364744.624683628731873, 5720566.515292061492801 ], [ 364753.089693078538403, 5720549.162883257493377 ], [ 364766.556948301265948, 5720520.181484706699848 ], [ 364772.736656276509166, 5720524.612140199169517 ], [ 364786.885782999219373, 5720529.163591420277953 ], [ 364790.835970423766412, 5720530.782837767153978 ], [ 364793.643018704489805, 5720532.655205587856472 ], [ 364795.474250021856278, 5720534.820732402615249 ], [ 364805.753337382804602, 5720535.569748287089169 ], [ 364848.765463335148524, 5720518.262353761121631 ], [ 364858.321023663855158, 5720512.153690875507891 ], [ 364876.131034757941961, 5720505.423912918195128 ], [ 364883.143397234729491, 5720501.352901806123555 ], [ 364893.089735011104494, 5720495.089204521849751 ], [ 364903.582105332869105, 5720486.963692184537649 ], [ 364928.049559077131562, 5720475.31575551815331 ], [ 364950.169305140152574, 5720455.384614018723369 ], [ 365000.947362309903838, 5720432.86361694522202 ], [ 365027.546705665998161, 5720426.845695764757693 ], [ 365034.90320940176025, 5720416.71208643168211 ], [ 365039.607705141417682, 5720410.25472323782742 ], [ 365040.754935268894769, 5720410.413289097137749 ], [ 365045.656546985846944, 5720411.083724270574749 ], [ 365048.842009739251807, 5720411.043246626853943 ], [ 365052.001265996368602, 5720410.280149849131703 ], [ 365055.129965935018845, 5720409.150646140798926 ], [ 365058.202101798378862, 5720407.978141442872584 ], [ 365059.258946096117143, 5720407.604978630319238 ], [ 365061.076754271169193, 5720406.933315115980804 ], [ 365063.906610624690074, 5720405.767277465201914 ], [ 365066.676936407224275, 5720404.447037478908896 ], [ 365069.337792190024629, 5720402.918287239968777 ], [ 365071.702867986285128, 5720401.208252511918545 ], [ 365073.909720984578598, 5720399.279879519715905 ], [ 365076.080480763339438, 5720397.296830329112709 ], [ 365078.337276769801974, 5720395.42276722099632 ], [ 365080.889659735257737, 5720393.462924787774682 ], [ 365077.338484236854129, 5720394.336609092541039 ], [ 365127.470763004675973, 5720376.652582077309489 ], [ 365252.68170523212757, 5720385.233539954759181 ], [ 365259.647630826220848, 5720393.705547056160867 ], [ 365260.213158953702077, 5720394.391545394435525 ], [ 365260.714608414506074, 5720395.012482817284763 ], [ 365262.08805574500002, 5720396.122079328633845 ], [ 365264.544615557126235, 5720398.104191499762237 ], [ 365268.330670376250055, 5720399.806075618602335 ], [ 365271.943649902124889, 5720406.453397330828011 ], [ 365278.231878936756402, 5720418.09269822947681 ], [ 365279.023248859448358, 5720419.195546576753259 ], [ 365280.052753188472707, 5720420.136260660365224 ], [ 365281.196382465073839, 5720420.940399497747421 ], [ 365282.379768248996697, 5720421.676711797714233 ], [ 365283.456653369707055, 5720422.315709040500224 ], [ 365284.566372787579894, 5720422.887064103968441 ], [ 365285.735134968359489, 5720423.334439074620605 ], [ 365286.940099882078357, 5720423.580546420998871 ], [ 365288.333558624901343, 5720423.62133021093905 ], [ 365289.728016490931623, 5720423.439528125338256 ], [ 365291.111405959411059, 5720423.102229448035359 ], [ 365292.442785554972943, 5720422.632780504412949 ], [ 365297.624529359512962, 5720420.558513534255326 ], [ 365325.290030903241131, 5720409.561830611899495 ], [ 365330.554572424502112, 5720407.474266026169062 ], [ 365353.328250339545775, 5720393.825992671772838 ], [ 365360.87645086622797, 5720389.307412087917328 ], [ 365456.486856704868842, 5720332.024867405183613 ], [ 365474.921423456049524, 5720310.180000547319651 ], [ 365536.534241073764861, 5720237.244962488301098 ], [ 365562.753712228615768, 5720206.191002045758069 ], [ 365563.004429396358319, 5720203.113023930229247 ], [ 365563.9155798421707, 5720191.259795471094549 ], [ 365564.877935616008472, 5720178.726401712745428 ], [ 365565.086574208631646, 5720176.150300073437393 ], [ 365565.380094580468722, 5720172.336740023456514 ], [ 365545.058426378411241, 5720146.414577453397214 ], [ 365544.248378654941916, 5720145.39008086360991 ], [ 365558.189490098156966, 5720127.771220920607448 ], [ 365559.94561204733327, 5720125.554598184302449 ], [ 365558.425147220492363, 5720117.349195543676615 ], [ 365557.964942011982203, 5720114.891021262854338 ], [ 365571.358313769684173, 5720112.109190285205841 ], [ 365597.200817616074346, 5720106.726515345275402 ], [ 365605.494935627444647, 5720097.926507631316781 ], [ 365629.085529666393995, 5720102.173859915696084 ], [ 365636.643845620914362, 5720095.663551385514438 ], [ 365652.779913874051999, 5720088.680624739266932 ], [ 365672.737430029199459, 5720082.119288344867527 ], [ 365675.726427092857193, 5720084.06520423386246 ], [ 365678.701281026937068, 5720086.000369396060705 ], [ 365699.534162043826655, 5720078.748220939189196 ], [ 365723.570509501732886, 5720055.943298487924039 ], [ 365725.628407634270843, 5720054.130460952408612 ], [ 365780.133354300400242, 5720006.26942178234458 ], [ 365865.367944776895456, 5719990.688562081195414 ], [ 365869.989797368994914, 5719990.988875814713538 ], [ 365953.866617180290632, 5719996.31036205496639 ], [ 365964.074637432640884, 5719996.963499350473285 ], [ 365972.168520536390133, 5719996.526494227349758 ], [ 365987.878610118292272, 5719995.665177079848945 ], [ 365989.568529979442246, 5719996.432746934704483 ], [ 365993.228818290925119, 5719998.093994077295065 ], [ 366011.734814876457676, 5720006.539512837305665 ], [ 366012.471141265588813, 5720006.876103245653212 ], [ 366018.585931125737261, 5720009.663043976761401 ], [ 366024.770826182677411, 5720012.481518869288266 ], [ 366030.263446768512949, 5720013.226288324221969 ], [ 366031.731532687321305, 5720013.465607124380767 ], [ 366033.193873529904522, 5720013.749590100720525 ], [ 366034.643546399311163, 5720014.078420583158731 ], [ 366036.086296204826795, 5720014.407434804365039 ], [ 366037.38278234063182, 5720014.706938984803855 ], [ 366038.672639924974646, 5720015.017746925354004 ], [ 366039.95645789115224, 5720015.362098830752075 ], [ 366041.214939981931821, 5720015.796145195141435 ], [ 366042.663283625035547, 5720016.336443286389112 ], [ 366044.098959079652559, 5720016.921588847413659 ], [ 366045.455093432567082, 5720017.642375873401761 ], [ 366046.663635903736576, 5720018.545117867179215 ], [ 366047.806777316553053, 5720019.594254647381604 ], [ 366050.306338726251852, 5720021.898311690427363 ], [ 366055.561456236406229, 5720015.505283627659082 ], [ 366074.439205766422674, 5720014.972093580290675 ], [ 366087.497540562064387, 5720004.488887065090239 ], [ 366102.420708185527474, 5720005.829823780804873 ], [ 366108.828201739757787, 5719999.261690597049892 ], [ 366116.699826652067713, 5720004.038654663600028 ], [ 366119.748343036568258, 5720005.883100630715489 ], [ 366129.530676295049489, 5719999.615156927146018 ], [ 366142.3991451478214, 5719998.707111621275544 ], [ 366143.623023438849486, 5719998.619087854400277 ], [ 366155.424095692753326, 5719991.930559792555869 ], [ 366157.884510887553915, 5720022.344759965315461 ], [ 366154.860852633486502, 5720040.029086558148265 ], [ 366153.084738233243115, 5720050.40276516508311 ], [ 366143.75333999627037, 5720061.666287397965789 ], [ 366163.179075787018519, 5720075.829995413310826 ], [ 366157.598109717655461, 5720076.979164899326861 ], [ 366154.565854411106557, 5720120.780890820547938 ], [ 366168.139414226752706, 5720246.033440351486206 ], [ 366171.563971014285926, 5720269.166754939593375 ], [ 366179.966003888752311, 5720341.142258428968489 ], [ 366194.264832007989753, 5720411.882372725754976 ], [ 366227.797506709757727, 5720528.895463023334742 ], [ 366280.072746504913084, 5720667.913767809048295 ], [ 366327.693999768234789, 5720790.285796532407403 ], [ 366356.560054604429752, 5720865.882509838789701 ], [ 366368.464567664079368, 5720896.470089741051197 ], [ 366383.697523409908172, 5720935.593866241164505 ], [ 366385.821621483250055, 5720939.176566048525274 ], [ 366386.414985529147089, 5720938.827052492648363 ], [ 366392.20219496457139, 5720949.190010792575777 ], [ 366428.095925345667638, 5720927.466092057526112 ], [ 366462.804974875471089, 5720906.508163142949343 ], [ 366483.213907089782879, 5720894.0513497274369 ], [ 366514.30388798401691, 5720875.57070679590106 ], [ 366542.002671006252058, 5720859.549990572966635 ], [ 366571.093357744277455, 5720843.24789790995419 ], [ 366620.14236863818951, 5720814.969005134887993 ], [ 366683.422439112793654, 5720776.567453837953508 ], [ 366697.68171690532472, 5720768.847211284562945 ], [ 366702.119926635466982, 5720769.831891696900129 ], [ 366767.129555917112157, 5720792.833842358551919 ], [ 366824.584617275977507, 5720807.266787026077509 ], [ 366850.428051931667142, 5720811.493708177469671 ], [ 366879.175849553314038, 5720816.067168328911066 ], [ 366907.280868542613462, 5720828.591853402554989 ], [ 366979.057074289768934, 5720858.751627338118851 ], [ 366998.378007715626154, 5720867.557470049709082 ], [ 367065.560265754815191, 5720902.702102727256715 ], [ 367091.349053232232109, 5720917.002340261824429 ], [ 367151.675902306451462, 5720948.834100125357509 ], [ 367241.89696974074468, 5720995.749947571195662 ], [ 367325.282459585519973, 5721039.586219431832433 ], [ 367454.715222070168238, 5721111.582925891503692 ], [ 367495.637138297432102, 5721001.191122327931225 ], [ 367498.926934466464445, 5720992.725702901370823 ], [ 367498.889925088500604, 5720992.370583431795239 ], [ 367506.04144563205773, 5720989.601566615514457 ], [ 367502.967328345868737, 5720955.542063091881573 ], [ 367626.84910400561057, 5721013.689842633903027 ], [ 367664.082971544936299, 5721033.223838852718472 ], [ 367648.108725140569732, 5721063.297401326708496 ], [ 367804.172558386926539, 5721129.175543450750411 ], [ 367928.819100649678148, 5721182.970586095936596 ], [ 367995.579645423335023, 5721211.149915064685047 ], [ 368001.30978155991761, 5721212.569347913376987 ], [ 368069.464073136332445, 5721229.429711549542844 ], [ 368207.439197653555311, 5721265.502160157077014 ], [ 368207.947127927094698, 5721263.997806808911264 ], [ 368211.560964811476879, 5721251.718762441538274 ], [ 368213.946069452213123, 5721246.504465809091926 ], [ 368269.893860167008825, 5721123.977117136120796 ], [ 368275.636544850887731, 5721111.520272434689105 ], [ 368285.884671973821241, 5721093.081778736785054 ], [ 368307.74993514601374, 5721107.701649090275168 ], [ 368460.262450938171241, 5721209.489892953075469 ], [ 368483.149623376782984, 5721224.562389716506004 ], [ 368484.165915198449511, 5721225.025576644577086 ], [ 368720.638057382253464, 5721353.225399454124272 ], [ 368870.462365041661542, 5721437.969695861451328 ], [ 368881.219703988987021, 5721400.657861274667084 ], [ 368892.112165953323711, 5721366.413790289312601 ], [ 368905.469917375128716, 5721317.728897405788302 ], [ 368906.318348075263202, 5721313.589666784740984 ], [ 368909.141018444322981, 5721307.329509517177939 ], [ 368920.707361586741172, 5721264.86696732416749 ], [ 368928.737334847042803, 5721235.860441472381353 ], [ 368945.079797009762842, 5721184.995204472914338 ], [ 368959.348280592239462, 5721133.193420642055571 ], [ 368977.483647203189321, 5721076.117147048003972 ], [ 368988.1147536522476, 5721035.737668288871646 ], [ 368994.372702081222087, 5721010.482703570276499 ], [ 368997.050682394008618, 5721001.833914465270936 ], [ 369040.053067933651619, 5721022.363397693261504 ], [ 369100.589287860086188, 5721041.994239771738648 ], [ 369137.329132347833365, 5721051.525608926080167 ], [ 369170.035356433945708, 5721066.580748180858791 ], [ 369211.879917412879877, 5721104.790014324709773 ], [ 369228.970184281817637, 5721125.835484582930803 ], [ 369250.428333301446401, 5721144.92088414542377 ], [ 369292.048221422941424, 5721168.85983417276293 ], [ 369339.295373812550679, 5721190.806521874852479 ], [ 369390.426575249584857, 5721199.044239886105061 ], [ 369438.707024774746969, 5721211.684710896573961 ], [ 369474.19691146700643, 5721225.189894814044237 ], [ 369556.376224681909662, 5721242.854201035574079 ], [ 369583.338482654769905, 5721248.512608229182661 ], [ 369611.232608928577974, 5721254.859293921850622 ], [ 369620.992840595194139, 5721171.395486996509135 ], [ 369625.671827865880914, 5721133.407656366936862 ], [ 369645.870527997554746, 5721087.30833706445992 ], [ 369700.409655450901482, 5721087.215821044519544 ], [ 369820.843812998849899, 5721081.554759487509727 ], [ 369859.686640425701626, 5721081.378435560502112 ], [ 369899.446059890266042, 5721090.448090529069304 ], [ 369918.27242708299309, 5721097.519394028000534 ], [ 369935.14711316593457, 5721107.879083287902176 ], [ 369986.183018616924528, 5721162.805369729176164 ], [ 370001.335612780298106, 5721180.008480127900839 ], [ 370014.491394283308182, 5721252.900748696178198 ], [ 370021.626818632357754, 5721300.39891900587827 ], [ 369980.234375190571882, 5721347.063819689676166 ], [ 369977.284302919171751, 5721355.151522219181061 ], [ 369979.037598784256261, 5721365.699879003688693 ], [ 369979.365701226168312, 5721375.227764442563057 ], [ 369993.145484155684244, 5721405.051405345089734 ], [ 370055.775977849378251, 5721337.555227204225957 ], [ 370109.960171734273899, 5721278.466730697080493 ], [ 370112.232008936058264, 5721279.554512108676136 ], [ 370130.534391193941701, 5721264.106740077957511 ], [ 370155.249394930899143, 5721289.899970508180559 ], [ 370154.18142313847784, 5721290.383623566478491 ], [ 370158.364927102054935, 5721295.79546245187521 ], [ 370159.767792807193473, 5721310.781627424992621 ], [ 370134.073945632262621, 5721344.757325944490731 ], [ 370131.98463723884197, 5721342.685623762197793 ], [ 370101.155242755659856, 5721381.622764983214438 ], [ 370093.003476617392153, 5721391.846985578536987 ], [ 370113.294705684122164, 5721406.392423520796001 ], [ 370122.707300791575108, 5721409.934014475904405 ], [ 370156.450001926859841, 5721415.677189786918461 ], [ 370170.878870431217365, 5721393.685868427157402 ], [ 370198.831419662281405, 5721388.617368370294571 ], [ 370207.430873849953059, 5721407.157662779092789 ], [ 370212.962101855082437, 5721417.865040350705385 ], [ 370229.562859418161679, 5721449.998150683939457 ], [ 370230.671939506661147, 5721515.878123301081359 ], [ 370292.890254499332514, 5721502.987215301021934 ], [ 370326.002207860525232, 5721494.971780302003026 ], [ 370349.61955002846662, 5721497.214791171252728 ], [ 370419.578540601301938, 5721512.880514428950846 ], [ 370476.062600569683127, 5721529.437600694596767 ], [ 370484.581142520415597, 5721537.297970904037356 ], [ 370549.864856971427798, 5721590.573815229348838 ], [ 370573.084567842364777, 5721609.229982232674956 ], [ 370639.870571576233488, 5721655.524894789792597 ], [ 370683.93026987684425, 5721678.099389601498842 ], [ 370773.067748830653727, 5721748.226950290612876 ], [ 370832.899513546726666, 5721794.601877412758768 ], [ 370836.678485363605432, 5721808.347934722900391 ], [ 370845.507540784892626, 5721815.121573605574667 ], [ 370844.439109524537344, 5721823.717037859372795 ], [ 370847.380440429958981, 5721826.089947143569589 ], [ 370853.507689977413975, 5721849.356798578985035 ], [ 370854.570118511852343, 5721857.87557405885309 ], [ 370863.151282738195732, 5721867.148130387999117 ], [ 370861.76136768469587, 5721885.38821168243885 ], [ 370865.288524107192643, 5721893.076234999112785 ], [ 370866.207727833185345, 5721915.508037284016609 ], [ 370865.269256006809883, 5721927.293769223615527 ], [ 370874.368787440238521, 5721931.924062242731452 ], [ 370879.969326302118134, 5721938.101436237804592 ], [ 370881.004943556326907, 5721950.181698393076658 ], [ 370891.773558640736155, 5721960.789365332573652 ], [ 370893.02325135585852, 5721973.932401214726269 ], [ 370906.304803380451631, 5721984.78749134670943 ], [ 370912.165966172527988, 5721997.378804503940046 ], [ 370916.468590187083464, 5721995.577563181519508 ], [ 370927.422752748825587, 5722012.645633516833186 ], [ 370943.385411941504572, 5722042.004140892997384 ], [ 370943.654225713515189, 5722042.498015478253365 ], [ 370957.091353970288765, 5722052.948667023330927 ], [ 370958.773286596813705, 5722054.819662331603467 ], [ 370971.531534836976789, 5722063.362623501569033 ], [ 370976.454874348768499, 5722073.674549023620784 ], [ 370979.1750742001459, 5722079.057592405006289 ], [ 370985.455693984986283, 5722091.81631495244801 ], [ 371001.005236999946646, 5722123.18847425095737 ], [ 371013.969022609526291, 5722122.156652178615332 ], [ 371022.207174845912959, 5722121.81293080933392 ], [ 371034.174789282842539, 5722120.817704282701015 ], [ 371042.413227382232435, 5722120.485136135481298 ], [ 371045.166198841470759, 5722120.370399804785848 ], [ 371047.34300814429298, 5722130.785831567831337 ], [ 371050.142780933296308, 5722144.178665758110583 ], [ 371072.900253263651393, 5722162.258996343240142 ], [ 371083.69458320440026, 5722163.319007799960673 ], [ 371100.88080965197878, 5722179.616483232937753 ], [ 371100.900489170220681, 5722180.116717906668782 ], [ 371101.471707640099339, 5722194.100519114173949 ], [ 371101.178966558654793, 5722211.133024296723306 ], [ 371118.041553827584721, 5722213.930046391673386 ], [ 371119.817993736069184, 5722214.352109665051103 ], [ 371132.159487192577217, 5722216.351992594078183 ], [ 371141.597872831742279, 5722226.971807113848627 ], [ 371153.821556441835128, 5722238.47760664485395 ], [ 371207.225969905150123, 5722277.809843726456165 ], [ 371224.718782986863516, 5722289.593274477869272 ], [ 371227.084816655842587, 5722292.504034441895783 ], [ 371226.855377517640591, 5722293.010615344159305 ], [ 371227.890854679164477, 5722293.974581802263856 ], [ 371231.620659601700027, 5722299.320900551043451 ], [ 371233.737578980973922, 5722302.238009179010987 ], [ 371265.079488934366964, 5722334.454914985224605 ], [ 371274.268561274278909, 5722345.092435300350189 ], [ 371278.758052263525315, 5722350.909048299305141 ], [ 371296.645140701089986, 5722378.194355255924165 ], [ 371304.37906400981592, 5722389.881574637256563 ], [ 371305.414224060194101, 5722390.8344363020733 ], [ 371306.790963172621559, 5722393.781544980593026 ], [ 371314.70869143679738, 5722409.970721097663045 ], [ 371316.622656103747431, 5722413.894499512389302 ], [ 371318.260939612518996, 5722417.32456089835614 ], [ 371319.906423573149368, 5722420.76556690223515 ], [ 371321.066444518044591, 5722424.719667549245059 ], [ 371325.825277240073774, 5722443.025600884109735 ], [ 371325.844935221946798, 5722443.525836248882115 ], [ 371330.341715569433291, 5722467.858400764875114 ], [ 371336.856467143981718, 5722474.090859083458781 ], [ 371340.244754274201114, 5722477.454126874916255 ], [ 371342.866372217540629, 5722480.347302544862032 ], [ 371359.269178496324457, 5722465.664423693902791 ], [ 371369.96354724833509, 5722433.712393096648157 ], [ 371371.090840624412522, 5722430.668165568262339 ], [ 371371.320286760223098, 5722430.161591242998838 ], [ 371410.622828986961395, 5722443.048672014847398 ], [ 371457.513981349708047, 5722458.124338492751122 ], [ 371537.894807383418083, 5722484.344578641466796 ], [ 371540.430838047410361, 5722485.237087255343795 ], [ 371543.47198055050103, 5722486.116760426200926 ], [ 371544.903447603806853, 5722486.59224443230778 ], [ 371551.578256983775645, 5722488.781638294458389 ], [ 371554.121484710951336, 5722489.685098133981228 ], [ 371604.099031593010295, 5722506.64208849798888 ], [ 371664.666452775127254, 5722519.658620185218751 ], [ 371691.915439828531817, 5722525.543158911168575 ], [ 371731.308770073927008, 5722534.435617023147643 ], [ 371734.873095709364861, 5722566.303137421607971 ], [ 371734.453382029780187, 5722568.316725121811032 ], [ 371717.720754267473239, 5722642.048872148618102 ], [ 371714.194552515342366, 5722659.697455115616322 ], [ 371705.949799105757847, 5722702.569297604262829 ], [ 371682.441125192330219, 5722836.60628726426512 ], [ 371668.286478285794146, 5722851.197671541012824 ], [ 371675.855238447431475, 5722858.894846542738378 ], [ 371677.408016152097844, 5722860.335370480082929 ], [ 371688.325259899895173, 5722876.393270806409419 ], [ 371701.483166210760828, 5722904.35630576312542 ], [ 371704.478090567397885, 5722910.244584552943707 ], [ 371705.605396359111182, 5722913.198120901361108 ], [ 371735.944368982687593, 5722981.996780572459102 ], [ 371739.358599791536108, 5722985.860369755886495 ], [ 371740.413178383372724, 5722987.313554738648236 ], [ 371746.42210043099476, 5722987.572775176726282 ], [ 371784.769626223540399, 5722995.501703386195004 ], [ 371809.742824337910861, 5723000.47642117459327 ], [ 371880.179628523706924, 5723010.084762007929385 ], [ 371907.347307491581887, 5723013.96947244182229 ], [ 371943.846778475912288, 5723019.47614221367985 ], [ 371948.77565533912275, 5723026.84000501409173 ], [ 371950.706854389747605, 5723028.193127674981952 ], [ 371972.023812830098905, 5723029.322169353254139 ], [ 371985.251948534452822, 5723030.344620711170137 ], [ 372001.629288129450288, 5723031.610039521940053 ], [ 372002.880990763951559, 5723031.556082583032548 ], [ 372043.148428262211382, 5723031.404324773699045 ], [ 372047.394756718131248, 5723031.230048882775009 ], [ 372059.908557851566002, 5722976.68938553892076 ], [ 372060.977356994524598, 5722972.144601929932833 ], [ 372404.206263015745208, 5722967.03928152564913 ], [ 372404.972148383152671, 5722973.518331930972636 ], [ 372425.408441916166339, 5723117.747301016934216 ], [ 372428.583473011385649, 5723140.133322204463184 ], [ 372434.984922067669686, 5723186.39514097943902 ], [ 372465.127370296861045, 5723311.229026732966304 ], [ 372466.628059122769628, 5723311.168897967785597 ], [ 372467.126169766415842, 5723311.156326872296631 ], [ 372467.374944440554827, 5723311.138921051286161 ], [ 372481.672550952469464, 5723312.057754125446081 ], [ 372530.27744384505786, 5723320.067178462632 ], [ 372558.740176859428175, 5723324.890712916851044 ], [ 372585.021089401911013, 5723331.316121772862971 ], [ 372645.227936190727632, 5723347.846982689574361 ], [ 372647.501941727183294, 5723348.257021548226476 ], [ 372665.231907224457245, 5723353.529682253487408 ], [ 372665.978786246560048, 5723353.499734601005912 ], [ 372800.3018206084962, 5723390.008319570682943 ], [ 372801.324177992646582, 5723390.472187932580709 ], [ 372810.928957029245794, 5723393.079025925137103 ], [ 372814.722823577234522, 5723393.918232217431068 ], [ 372815.738260672253091, 5723394.382277589291334 ], [ 372900.480718618549872, 5723417.409000317566097 ], [ 372902.249930092249997, 5723417.842975861392915 ], [ 372914.741517948627006, 5723405.322110213339329 ], [ 372915.954121931805275, 5723404.267898699268699 ], [ 373254.791322672099341, 5723523.421296956017613 ], [ 373255.223804548499174, 5723521.897134830243886 ], [ 373261.729130629741121, 5723503.618706129491329 ], [ 373262.168813499971293, 5723502.10549149569124 ], [ 373263.813948714057915, 5723499.527202685363591 ], [ 373280.598525505862199, 5723506.350126181729138 ], [ 373334.81010772602167, 5723529.1260089520365 ], [ 373347.775462950114161, 5723534.097610469907522 ], [ 373395.606202370021492, 5723553.640237240120769 ], [ 373397.892579970532097, 5723554.551025632768869 ], [ 373395.498537631414365, 5723563.156773992814124 ], [ 373393.766607802419458, 5723569.731892954558134 ], [ 373393.575935042987112, 5723571.238855686970055 ], [ 373405.309008215845097, 5723576.764457870274782 ], [ 373407.333795065176673, 5723577.181075640954077 ], [ 373452.602407224359922, 5723595.330733121372759 ], [ 373452.182128661021125, 5723597.344171669334173 ], [ 373447.692327055265196, 5723622.04793921019882 ], [ 373446.510892707272433, 5723629.599580303765833 ], [ 373444.626866145408712, 5723638.671004259958863 ], [ 373443.650721123616677, 5723639.21843646466732 ], [ 373444.423927018709946, 5723639.688671023584902 ], [ 373447.751673434569966, 5723641.55259917024523 ], [ 373456.66711635934189, 5723645.691208406351507 ], [ 373494.204013125738129, 5723664.157251846045256 ], [ 373498.278557050682139, 5723665.991386978887022 ], [ 373499.300512198649812, 5723666.444274512119591 ], [ 373502.130424566217698, 5723668.331828156486154 ], [ 373676.5237714779214, 5723754.711722505278885 ], [ 373678.024328111729119, 5723754.651951543055475 ], [ 373680.520736833161209, 5723754.5561563372612 ], [ 373683.016867585189175, 5723754.449242039583623 ], [ 373685.26424387190491, 5723754.359675129875541 ], [ 373688.507194322475698, 5723754.222965779714286 ], [ 373689.260931493481621, 5723754.192995557561517 ], [ 373693.441452740051318, 5723752.51954154483974 ], [ 373695.853237265720963, 5723750.422960082069039 ], [ 373731.088616506545804, 5723718.964530833996832 ], [ 373753.796831684361678, 5723668.992017648182809 ], [ 373760.695605235116091, 5723654.209549646824598 ], [ 373761.377261422225274, 5723652.679210722446442 ], [ 373751.153610263892915, 5723592.569228664971888 ], [ 373750.826885632472113, 5723590.574484216980636 ], [ 373754.197974696871825, 5723581.432661687023938 ], [ 373755.326378465804737, 5723578.388979624956846 ], [ 373757.575994755432475, 5723572.290668873116374 ], [ 373758.771745015925262, 5723564.738762865774333 ], [ 373759.414574228168931, 5723562.2079405952245 ], [ 373760.044901949935593, 5723559.17670386377722 ], [ 373760.661672688380349, 5723556.156933223828673 ], [ 373761.265664388774894, 5723552.625627801753581 ], [ 373761.8959947815747, 5723549.594391377642751 ], [ 373762.500266242423095, 5723546.07420648355037 ], [ 373764.145911771804094, 5723543.507204443216324 ], [ 373766.269947815744672, 5723540.416397546418011 ], [ 373768.171280432143249, 5723537.831882081925869 ], [ 373770.039638120506424, 5723534.758591596968472 ], [ 373772.393028578429949, 5723531.150203895755112 ], [ 373790.214990898093674, 5723514.414713541045785 ], [ 373791.814910024637356, 5723510.847410263493657 ], [ 373793.631683171784971, 5723506.262110589072108 ], [ 373795.442097432154696, 5723501.699225078336895 ], [ 373797.259155382402241, 5723497.125047191046178 ], [ 373798.846587547217496, 5723493.057331839576364 ], [ 373802.473524602944963, 5723483.89803200121969 ], [ 373809.363298685231712, 5723475.113468270748854 ], [ 373813.381858089123853, 5723469.438356858678162 ], [ 373817.171071876189671, 5723464.280830052681267 ], [ 373820.271671841503121, 5723460.653808777220547 ], [ 373823.589136758004315, 5723456.00879401806742 ], [ 373826.899967644829303, 5723451.375074625015259 ], [ 373828.565091919444967, 5723449.308336696587503 ], [ 373830.505318244802766, 5723447.724329658783972 ], [ 373862.851675070996862, 5723419.376829610206187 ], [ 373870.82184082333697, 5723412.546040400862694 ], [ 373875.181040059193037, 5723408.86538621969521 ], [ 373880.234465327113867, 5723404.154829208739102 ], [ 373881.696310958883259, 5723403.094636591151357 ], [ 373899.105538308154792, 5723388.372772394679487 ], [ 373899.596443546877708, 5723388.349394714459777 ], [ 373921.358399969467428, 5723369.958273897878826 ], [ 373923.521415875060484, 5723367.868020410649478 ], [ 373924.248889338283334, 5723367.338016788475215 ], [ 374015.122497966047376, 5723411.616806557402015 ], [ 374019.885721512546297, 5723411.920886911451817 ], [ 374020.755872880865354, 5723414.892420354299247 ], [ 374024.537308984959964, 5723427.739125322550535 ], [ 374032.989938230544794, 5723456.915441673249006 ], [ 374039.113001392106526, 5723478.171610416844487 ], [ 374040.859903428645339, 5723484.10339115280658 ], [ 374048.51953166432213, 5723512.298045083880424 ], [ 374050.83210695325397, 5723513.709197174757719 ], [ 374052.371517122897785, 5723514.65002329275012 ], [ 374067.829564677434973, 5723525.514383350498974 ], [ 374121.148543494171463, 5723429.270539539866149 ], [ 374125.646195760753471, 5723423.083032131195068 ], [ 374129.539589615014847, 5723420.426785366609693 ], [ 374139.945622061321046, 5723417.997777597978711 ], [ 374144.382529126422014, 5723416.31832854449749 ], [ 374152.026489445881452, 5723407.493221681565046 ], [ 374152.65707571618259, 5723404.462038527242839 ], [ 374152.594936751760542, 5723396.963835242204368 ], [ 374160.048309042293113, 5723389.656791809014976 ], [ 374194.109887390222866, 5723396.753501253202558 ], [ 374266.460366154904477, 5723489.044494829140604 ], [ 374336.27342124003917, 5723514.480475245974958 ], [ 374358.675059943809174, 5723463.038678685203195 ], [ 374380.813258755079005, 5723466.137996129691601 ], [ 374398.215423864196055, 5723530.454622577875853 ], [ 374433.706111097359098, 5723584.529812475666404 ], [ 374433.191672711400315, 5723602.546415314078331 ], [ 374455.479107957333326, 5723645.666878897696733 ], [ 374456.597730173205491, 5723648.621175657957792 ], [ 374457.370834260305855, 5723649.091563700698316 ], [ 374536.096021639590617, 5723714.388921039178967 ], [ 374548.186243775300682, 5723746.913952651433647 ], [ 374610.32833978155395, 5723737.348685912787914 ], [ 374641.027251468913164, 5723766.107363165356219 ], [ 374666.394252693105955, 5723756.565166997723281 ], [ 374703.18287503067404, 5723732.530434174463153 ], [ 374726.542690393456724, 5723716.562307073734701 ], [ 374747.044389385962859, 5723771.255978625267744 ], [ 374750.261352876434103, 5723794.64345595613122 ], [ 374744.248691282991786, 5723824.891539519652724 ], [ 374801.117541781626642, 5723802.551797762513161 ], [ 374861.32115972333122, 5723758.053813533857465 ], [ 374956.625365055806469, 5723721.622904760763049 ], [ 375055.835606557375286, 5723695.022677484899759 ], [ 375113.335423360695131, 5723663.657972577959299 ], [ 375181.315452639537398, 5723735.395062542520463 ] ] ] ] } }
]
}
