{
"type": "FeatureCollection",
"name": "Stadtteile",
"crs": { "type": "name", "properties": { "name": "urn:ogc:def:crs:EPSG::25832" } },
"features": [
{ "type": "Feature", "properties": { "full_id": "r63460", "osm_id": "63460", "osm_type": "relation", "boundary": "administrative", "note:de": null, "name:es": null, "name:de": null, "ref:nuts:2": null, "ref:nuts": null, "population": null, "name:sr": null, "name:ru": null, "name:la": null, "name:ksh": null, "name:ja": null, "name:ar": null, "de:place": null, "ref:nuts:3": null, "license_plate_code": null, "admin_centre:postal_code": null, "wikipedia": "de:Marl", "wikidata": "Q3813", "website": "https://www.marl.de", "opendata_portal": "no", "name:prefix": "Stadt", "de:regionalschluessel": "055620024024", "de:amtlicher_gemeindeschluessel": "05562024", "admin_title:de": "Stadt", "admin_title": "town", "TMC:cid_58:tabcd_1:LocationCode": "1880", "TMC:cid_58:tabcd_1:LCLversion": "9.00", "TMC:cid_58:tabcd_1:Class": "Area", "type": "boundary", "name": "Marl", "admin_level": "8" }, "geometry": { "type": "MultiPolygon", "coordinates": [ [ [ [ 375181.315452639537398, 5723735.395062542520463 ], [ 375052.522832248418126, 5723897.218238296918571 ], [ 375036.5123532768921, 5723917.331538347527385 ], [ 374996.499037590809166, 5723971.609368397854269 ], [ 374888.611451581353322, 5724117.965113628655672 ], [ 374954.521048464055639, 5724113.417982570827007 ], [ 374958.78230913693551, 5724116.962222029455006 ], [ 374971.861307971994393, 5724112.677249098196626 ], [ 374976.915916054218542, 5724123.668198911473155 ], [ 374974.703105333843268, 5724125.147238314151764 ], [ 375025.090496678021736, 5724206.864645428955555 ], [ 375057.417656172474381, 5724258.852281470783055 ], [ 375054.065021083515603, 5724260.136935608461499 ], [ 375033.102929926651996, 5724226.917875276878476 ], [ 375015.650833984138444, 5724234.871585065498948 ], [ 375016.881534686079249, 5724238.457465961575508 ], [ 375018.910389368887991, 5724244.371432768180966 ], [ 375019.41041037713876, 5724245.838975357823074 ], [ 375021.21524698799476, 5724251.090855170041323 ], [ 375022.63980945548974, 5724255.239426651969552 ], [ 375026.324412633199245, 5724265.97500556986779 ], [ 375044.500341545091942, 5724264.624087269417942 ], [ 375055.496823989087716, 5724278.850793476216495 ], [ 375059.74756749602966, 5724284.776583719998598 ], [ 375063.230975565384142, 5724289.619765468873084 ], [ 375067.232270831533242, 5724294.694939116947353 ], [ 375156.648161036428064, 5724413.28080234117806 ], [ 375212.66390849405434, 5724486.893743149004877 ], [ 375180.719039904535748, 5724513.275461478158832 ], [ 375153.580752187292092, 5724535.310274487361312 ], [ 375114.20737189927604, 5724565.759428415447474 ], [ 375118.129902240354568, 5724570.458257758058608 ], [ 375094.414095095067751, 5724590.940014028921723 ], [ 375144.744516804930754, 5724628.885564571246505 ], [ 375154.520351184008177, 5724635.487137090414762 ], [ 375174.729406808037311, 5724646.170479164458811 ], [ 375228.442539549083449, 5724668.978182706050575 ], [ 375274.70643695036415, 5724693.09421936608851 ], [ 375296.504435211827513, 5724706.209021536633372 ], [ 375321.523891674703918, 5724730.683103221468627 ], [ 375341.360926182591356, 5724756.887510634027421 ], [ 375353.561924809415359, 5724779.897773513570428 ], [ 375345.415369463036768, 5724873.778288607485592 ], [ 375343.000310095085297, 5724930.419454769231379 ], [ 375329.208106384321582, 5724985.071517877280712 ], [ 375328.583827984519303, 5724987.534901728853583 ], [ 375360.703653028816916, 5724990.213806101121008 ], [ 375358.865575813280884, 5725006.304519023746252 ], [ 375339.190691000665538, 5725190.721978912129998 ], [ 375330.888740294787567, 5725214.060273389331996 ], [ 375321.058709402917884, 5725242.488041019998491 ], [ 375366.998216224485077, 5725283.125426230952144 ], [ 375333.528963933349587, 5725302.511641608551145 ], [ 375411.578726706793532, 5725442.879530200734735 ], [ 375419.132243249332532, 5725450.070479554124177 ], [ 375422.456407010788098, 5725453.27098245639354 ], [ 375429.533189982641488, 5725459.650297848507762 ], [ 375543.320663183287252, 5725415.206845819950104 ], [ 375515.699930822418537, 5725523.342503501102328 ], [ 375508.124143707682379, 5725555.653344346210361 ], [ 375504.312726722622756, 5725566.362611542455852 ], [ 375498.948762842686847, 5725575.841666223481297 ], [ 375491.910929620848037, 5725586.185409250669181 ], [ 375481.103623529372271, 5725596.588733354583383 ], [ 375444.007608640356921, 5725623.151727018877864 ], [ 375365.821934099367354, 5725680.382933035492897 ], [ 375395.382157419458963, 5725724.195416075177491 ], [ 375417.295468158496078, 5725764.324472117237747 ], [ 375411.57348517497303, 5725767.970711531117558 ], [ 375409.741124268155545, 5725769.139767744578421 ], [ 375446.641142208769452, 5725833.134117100387812 ], [ 375422.181786226574332, 5725849.916434627957642 ], [ 375338.974312939215451, 5725906.760286489501595 ], [ 375334.799183046387043, 5725901.31091389618814 ], [ 375277.299259550112765, 5725939.216968268156052 ], [ 375231.527229009079747, 5725960.877505079843104 ], [ 375208.700362344214227, 5726013.984206748194993 ], [ 375202.029412628617138, 5726051.436290849000216 ], [ 375177.141887760604732, 5726045.508741865865886 ], [ 375155.621620441728737, 5726054.886951369233429 ], [ 375121.207576836517546, 5726161.702303409576416 ], [ 375117.721707767457701, 5726186.35737454239279 ], [ 375222.575070479128044, 5726236.08484120760113 ], [ 375238.989044443471357, 5726221.11370041128248 ], [ 375265.14471837686142, 5726191.881669979542494 ], [ 375287.183806577813812, 5726160.392513654194772 ], [ 375306.016323843970895, 5726129.038297726772726 ], [ 375340.705093441356439, 5726061.485384716652334 ], [ 375566.465473896532785, 5726177.424744156189263 ], [ 375611.072094056988135, 5726076.481595853343606 ], [ 375637.127597740560304, 5726025.934468334540725 ], [ 375640.548037553438917, 5725991.211412786506116 ], [ 375736.790415461582597, 5726070.359202891588211 ], [ 375925.744374157162383, 5726230.616082342341542 ], [ 375878.65368372714147, 5726240.274746184237301 ], [ 375583.416554277762771, 5726378.742316442541778 ], [ 375541.603850115207024, 5726398.967331194318831 ], [ 375399.237679393903818, 5726462.944271066226065 ], [ 375140.249817537027411, 5726430.064366854727268 ], [ 375076.911259120272007, 5726422.662821987643838 ], [ 375068.191839426697697, 5726417.526414869353175 ], [ 375064.3737535396358, 5726440.198003162629902 ], [ 375043.111276257433929, 5726549.626246873289347 ], [ 375076.263547732436564, 5726650.319223330356181 ], [ 375106.479200062341988, 5726722.12092163413763 ], [ 375109.539274713315535, 5726729.489309709519148 ], [ 375097.261461051995866, 5726838.56156559381634 ], [ 375076.703947845846415, 5727020.009922207333148 ], [ 375076.309614275349304, 5727022.523305661045015 ], [ 375037.178072540147696, 5727372.831127959303558 ], [ 375026.708007654116955, 5727452.794719086028636 ], [ 375025.858482554554939, 5727462.340663974173367 ], [ 374996.799148180056363, 5727741.185578755103052 ], [ 374987.399860421777703, 5727829.123316838406026 ], [ 374925.632172765035648, 5728419.485780528746545 ], [ 374924.947739282040857, 5728427.024773647077382 ], [ 374920.301305110799149, 5728472.23874057084322 ], [ 375338.748983073048294, 5728830.225857831537724 ], [ 375430.015103867568541, 5728908.532268160954118 ], [ 375539.150274582207203, 5729001.599050376564264 ], [ 375552.730349930701777, 5729017.008985510095954 ], [ 375599.934884850285016, 5729336.274839555844665 ], [ 375593.594825021747965, 5729334.038873467594385 ], [ 375463.662553586880676, 5729288.853256130591035 ], [ 375347.672698252717964, 5729248.099872720427811 ], [ 375326.117826447472908, 5729240.977105631493032 ], [ 375118.252016123791691, 5729167.984063811600208 ], [ 375107.854296628036536, 5729164.41374341212213 ], [ 375097.200886757578701, 5729160.849775712005794 ], [ 374960.676257140585221, 5729113.425394754856825 ], [ 374945.177461822517216, 5729150.095659842714667 ], [ 374926.257114636187907, 5729194.884718985296786 ], [ 374922.406294482760131, 5729204.104574824683368 ], [ 374913.504128591506742, 5729225.433780059218407 ], [ 374900.724799584306311, 5729255.47167996224016 ], [ 374877.932814776548184, 5729309.43685076199472 ], [ 374881.692056457861327, 5729206.227130168117583 ], [ 374870.382200924505014, 5729083.117361209355295 ], [ 374869.574612737051211, 5729075.648741279728711 ], [ 374865.646282342262566, 5729028.789106320589781 ], [ 374859.284015007608104, 5728855.951262815855443 ], [ 374594.082969190436415, 5728945.91429633833468 ], [ 374332.090880518953782, 5729034.721222119405866 ], [ 374336.392083136364818, 5729048.055863949470222 ], [ 374329.799587135901675, 5729051.825363411568105 ], [ 373737.335464061994571, 5729243.279649009928107 ], [ 373507.53884604916675, 5729309.848845861852169 ], [ 373453.454339968040586, 5729325.526548483408988 ], [ 373383.10139308264479, 5729345.908417884260416 ], [ 373367.698642855975777, 5729352.882555956020951 ], [ 373357.012291399296373, 5729335.65858896728605 ], [ 373311.796114399272483, 5729268.349440142512321 ], [ 373238.598239335871767, 5729163.443247513845563 ], [ 373198.198881170712411, 5729101.099188638851047 ], [ 373152.26869437872665, 5729030.582320537418127 ], [ 373118.647146202565636, 5729101.141296516172588 ], [ 373115.831612384179607, 5729105.763242151588202 ], [ 373073.384862440288998, 5729174.541651777923107 ], [ 373072.677851640968584, 5729175.572040366008878 ], [ 373031.024256241100375, 5729245.321244107559323 ], [ 373011.144812893704511, 5729291.166056073270738 ], [ 373013.093928135000169, 5729296.079820386134088 ], [ 373017.019127183244564, 5729306.429661736823618 ], [ 372813.369602054241113, 5729487.909146444872022 ], [ 372732.302377659536432, 5729560.279868463985622 ], [ 372726.031398744089529, 5729566.035244698636234 ], [ 372644.966696566145401, 5729638.407417332753539 ], [ 372623.681017613504082, 5729656.292753538116813 ], [ 372541.405163444112986, 5729760.232628919184208 ], [ 372488.98674179543741, 5729805.42239283118397 ], [ 372485.903907071333379, 5729809.550756393000484 ], [ 372485.752549749566242, 5729818.055993819609284 ], [ 372495.579767472809181, 5729856.175123837776482 ], [ 372502.697590988420416, 5729883.391058045439422 ], [ 372503.286837325314991, 5729885.367982099764049 ], [ 372548.02106137748342, 5730079.146379028446972 ], [ 372576.013258546357974, 5730200.062467343173921 ], [ 372586.499970128235873, 5730236.15099719632417 ], [ 372588.344031199871097, 5730250.581274242140353 ], [ 372591.783699289429933, 5730279.459235953167081 ], [ 372595.118661790736951, 5730305.83615820016712 ], [ 372621.358014102792367, 5730396.307394307106733 ], [ 372628.618069888965692, 5730433.033891142345965 ], [ 372632.026663772179745, 5730442.906891131773591 ], [ 372636.821395140665118, 5730456.205528455786407 ], [ 372657.430830097349826, 5730494.887108608148992 ], [ 372663.40912352653686, 5730518.649103293195367 ], [ 372665.750627120141871, 5730527.05798963829875 ], [ 372671.049789667013101, 5730540.355041653849185 ], [ 372689.511144710704684, 5730587.614649003371596 ], [ 372696.216090705594979, 5730604.848740249872208 ], [ 372692.989560345071368, 5730611.484311476349831 ], [ 372687.807686081971042, 5730621.44074781332165 ], [ 372685.384435744897928, 5730627.310497211292386 ], [ 372700.86131042096531, 5730675.201881033368409 ], [ 372704.268719299754594, 5730691.061545045115054 ], [ 372705.569266515201889, 5730704.51523263566196 ], [ 372747.394669621775392, 5730821.366235011257231 ], [ 372798.284365867380984, 5730963.860216657631099 ], [ 372848.474673466291279, 5731077.362899428233504 ], [ 372850.994323045306373, 5731120.529648771509528 ], [ 372850.658767168701161, 5731123.119691452011466 ], [ 372835.201199249480851, 5731113.428123158402741 ], [ 372807.357449018512852, 5731093.055164784193039 ], [ 372679.411589868948795, 5731047.123968483880162 ], [ 372661.62348079419462, 5731065.043486717157066 ], [ 372606.944106943614315, 5731127.726571504026651 ], [ 372530.733460303337779, 5731188.951815923675895 ], [ 372499.111459076113533, 5731209.703258212655783 ], [ 372478.822442624717951, 5731185.001541398465633 ], [ 372470.666657481808215, 5731178.998722821474075 ], [ 372461.703190921340138, 5731174.129105917178094 ], [ 372449.881253969564568, 5731170.199784046970308 ], [ 372435.239806704805233, 5731166.019145471043885 ], [ 372420.113312567176763, 5731163.976183935068548 ], [ 372404.434728613472544, 5731163.059996088966727 ], [ 372386.495823178440332, 5731162.957754077389836 ], [ 372365.881743127829395, 5731163.390671072527766 ], [ 372351.613754525373224, 5731164.408502950333059 ], [ 372332.579752286430448, 5731166.37052530515939 ], [ 372313.097600294975564, 5731169.46785431355238 ], [ 372296.210519165906589, 5731174.324428863823414 ], [ 372269.706569635309279, 5731184.810482719913125 ], [ 372269.604085510480218, 5731184.857589930295944 ], [ 372260.304540305281989, 5731189.099173148162663 ], [ 372250.089975207229145, 5731195.144372714683414 ], [ 372229.922423798649106, 5731204.190385133959353 ], [ 372215.154120042105205, 5731213.277638517320156 ], [ 372200.609865718637593, 5731222.748721077106893 ], [ 372189.673977258207742, 5731230.325685464777052 ], [ 372181.384217060578521, 5731240.584078074432909 ], [ 372176.288047307753004, 5731246.766703397966921 ], [ 372163.051922121143434, 5731264.205441618338227 ], [ 372146.553176819754299, 5731286.53408292401582 ], [ 372106.744554649281781, 5731340.856182846240699 ], [ 372074.795057486102451, 5731386.45544050168246 ], [ 372050.53148866770789, 5731419.519329069182277 ], [ 372020.73578725499101, 5731461.981961540877819 ], [ 371996.586011803126894, 5731495.143401958979666 ], [ 371982.034586136171129, 5731514.351982646621764 ], [ 371974.375236290798057, 5731521.367746025323868 ], [ 371965.700671145285014, 5731530.045066598802805 ], [ 371953.538286144321319, 5731539.089204580523074 ], [ 371942.79940057604108, 5731546.761894582770765 ], [ 371928.190594289801084, 5731552.819299958646297 ], [ 371914.395197570091113, 5731557.43174587842077 ], [ 371899.509113127540331, 5731560.191390551626682 ], [ 371880.438188594649546, 5731561.455088349990547 ], [ 371863.836795413983054, 5731561.988416367210448 ], [ 371853.875530688383151, 5731561.095542922616005 ], [ 371835.37301945022773, 5731557.804901123978198 ], [ 371817.340226441563573, 5731553.690065196715295 ], [ 371795.73840369284153, 5731548.653468086384237 ], [ 371778.19565009867074, 5731544.515176370739937 ], [ 371762.984917040797882, 5731540.762711579911411 ], [ 371745.424968182400335, 5731534.321555812843144 ], [ 371734.478378586820327, 5731529.748497940599918 ], [ 371724.651551077025943, 5731523.822778456844389 ], [ 371716.64236734516453, 5731517.8953224895522 ], [ 371706.872224505350459, 5731507.138813201338053 ], [ 371697.581227555521764, 5731495.657957116141915 ], [ 371688.406189125496894, 5731482.760958697646856 ], [ 371680.470574525534175, 5731468.597255313768983 ], [ 371675.637455313175451, 5731458.20472143124789 ], [ 371673.074375599506311, 5731449.29000254906714 ], [ 371667.850685938086826, 5731429.259785419330001 ], [ 371664.093587171693798, 5731408.468934743665159 ], [ 371660.387282945681363, 5731376.916398645378649 ], [ 371658.481068786350079, 5731345.484942617826164 ], [ 371658.417422046884894, 5731302.812200680375099 ], [ 371658.741207793471403, 5731265.582122367806733 ], [ 371659.216591435601003, 5731229.961689024232328 ], [ 371659.097659016842954, 5731201.94541506562382 ], [ 371656.747220365796238, 5731171.526761129498482 ], [ 371657.980210547393654, 5731161.858863883651793 ], [ 371657.53122523764614, 5731161.870295920409262 ], [ 371655.918705807125662, 5731134.915793757885695 ], [ 371647.842480068909936, 5731108.737894929014146 ], [ 371637.613130231271498, 5731085.140801773406565 ], [ 371623.726985292742029, 5731063.7065898636356 ], [ 371606.941933712630998, 5731044.88334302790463 ], [ 371590.131201154377777, 5731031.568966045044363 ], [ 371562.799195260682609, 5731017.677010356448591 ], [ 371537.01166932011256, 5731011.234717129729688 ], [ 371504.407173286832403, 5731009.072409103624523 ], [ 371485.223181562847458, 5731010.863397472538054 ], [ 371413.949138154799584, 5731011.301202634349465 ], [ 371219.589106238796376, 5731003.8667046809569 ], [ 371212.654282260860782, 5731062.230302608571947 ], [ 371187.287973042926751, 5731290.282999631948769 ], [ 371179.400618029292673, 5731341.627246514894068 ], [ 371192.921331025369, 5731500.162264318205416 ], [ 371179.903667694481555, 5731488.677406942471862 ], [ 371152.612095119664446, 5731477.134618462994695 ], [ 371079.331437388784252, 5731457.242848744615912 ], [ 371019.246487409924157, 5731440.942478911951184 ], [ 370901.51839892717544, 5731381.485852881334722 ], [ 370894.543990971054882, 5731377.958982616662979 ], [ 370873.107071893522516, 5731378.085285224951804 ], [ 370785.950002907076851, 5731337.36608449369669 ], [ 370775.869790546013974, 5731332.672694114036858 ], [ 370765.740067575301509, 5731327.936081848107278 ], [ 370756.484853971400298, 5731323.611044668592513 ], [ 370749.286596701655071, 5731320.257023231126368 ], [ 370746.630211319774389, 5731317.743519304320216 ], [ 370725.58704650006257, 5731297.930649604648352 ], [ 370601.058635132852942, 5731243.907455091364682 ], [ 370540.256498522008769, 5731216.002585163339972 ], [ 370487.66326430614572, 5731192.060383734293282 ], [ 370372.687211889540777, 5731148.457545722834766 ], [ 370357.491641555796377, 5731137.598224173299968 ], [ 370298.985214015236124, 5731108.223891948349774 ], [ 370223.794364562665578, 5731071.690622692927718 ], [ 370072.678758228430524, 5730996.565343917347491 ], [ 370056.02362616272876, 5730997.239466922357678 ], [ 370043.407847158261575, 5730991.577968396246433 ], [ 370049.343220888578799, 5730933.838876984082162 ], [ 370062.335000303108245, 5730757.507629078812897 ], [ 370066.677760341495741, 5730732.091219001449645 ], [ 370072.131904161768034, 5730675.766702243126929 ], [ 370074.499218452780042, 5730654.162394195795059 ], [ 370075.607906040386297, 5730644.608479680493474 ], [ 370079.969525041524321, 5730594.432397498749197 ], [ 370085.707411459065042, 5730549.640068335458636 ], [ 370090.936744822713081, 5730500.398637098260224 ], [ 370093.655868174682837, 5730475.268923470750451 ], [ 369933.213671867153607, 5730351.291784813627601 ], [ 369904.055064944899641, 5730323.479158100672066 ], [ 369883.462483590352349, 5730297.303953791968524 ], [ 369856.0824509721715, 5730251.908352501690388 ], [ 369829.541782617452554, 5730196.465110682882369 ], [ 369792.921098168124445, 5730108.911649408750236 ], [ 369759.908286682271864, 5730042.241039590910077 ], [ 369729.465838351112325, 5729989.45841654855758 ], [ 369711.941835266188718, 5729964.662294425070286 ], [ 369689.069779903395101, 5729937.58970635291189 ], [ 369668.222171486006118, 5729917.430865517817438 ], [ 369647.010109417024069, 5729900.29714881721884 ], [ 369621.175703592016362, 5729880.345295941457152 ], [ 369587.350490096607246, 5729860.733750346116722 ], [ 369537.207811083644629, 5729839.775236726738513 ], [ 369486.196403734269552, 5729821.866442732512951 ], [ 369440.46252891147742, 5729810.731859451159835 ], [ 369371.647414610197302, 5729804.056866533122957 ], [ 369348.340900986106135, 5729803.013740478083491 ], [ 369322.37200961454073, 5729804.08722625952214 ], [ 369230.945981168188155, 5729813.345357115380466 ], [ 369192.522493295022286, 5729815.922048941254616 ], [ 369151.682507424091455, 5729814.099487205967307 ], [ 369122.463868936931249, 5729809.304952887818217 ], [ 369087.120765028172173, 5729795.244320004247129 ], [ 369060.756232262181584, 5729780.817252077162266 ], [ 369041.408399562467821, 5729766.619822165928781 ], [ 369018.399069856968708, 5729736.037268181331456 ], [ 369008.045552368450444, 5729703.445754665881395 ], [ 369002.091991801862605, 5729662.171544631011784 ], [ 368997.554313830682077, 5729624.833190460689366 ], [ 368992.642525662318803, 5729596.518088575452566 ], [ 368978.880006570077967, 5729566.062699235975742 ], [ 368964.992060953052714, 5729544.624132390134037 ], [ 368949.479624904925004, 5729532.252472543157637 ], [ 368932.163294112076983, 5729524.968640246428549 ], [ 368913.689727990247775, 5729519.717952292412519 ], [ 368882.874493606097531, 5729518.482617540284991 ], [ 368829.825614833971485, 5729518.17065950948745 ], [ 368781.03110679727979, 5729517.670668583363295 ], [ 368746.955532313673757, 5729516.565503519959748 ], [ 368718.809677783865482, 5729513.225301707163453 ], [ 368677.88281099346932, 5729503.396677454002202 ], [ 368613.324549329816364, 5729478.538207690231502 ], [ 368613.329763964051381, 5729478.738373104482889 ], [ 368450.504410319263116, 5729411.864699128083885 ], [ 368125.588138640159741, 5729305.677156809717417 ], [ 368064.417451213288587, 5729287.881026856601238 ], [ 368051.98653150559403, 5729284.255817176774144 ], [ 368050.587659596872982, 5729302.942768657580018 ], [ 368045.395626790763345, 5729308.531273488886654 ], [ 368051.4563942560344, 5729322.404988970607519 ], [ 368053.624870258267038, 5729375.161260441876948 ], [ 368052.765949642867781, 5729403.648895628750324 ], [ 368054.395624242955819, 5729443.21045265160501 ], [ 368056.936283444112632, 5729503.056596352718771 ], [ 368085.753153154975735, 5729612.647011642344296 ], [ 368101.739635380974505, 5729680.075673025101423 ], [ 368110.919980269565713, 5729730.500897102989256 ], [ 368114.513733366504312, 5729761.898865877650678 ], [ 368120.228616808191873, 5729788.745693148113787 ], [ 368135.226970366784371, 5729859.138046109117568 ], [ 368154.922723233641591, 5729940.75807049870491 ], [ 368158.120315384876449, 5729959.925732381641865 ], [ 368185.64933418657165, 5730081.768709553405643 ], [ 368201.880215500015765, 5730085.372735554352403 ], [ 368198.091841264104005, 5730094.908216653391719 ], [ 368183.203513259068131, 5730087.385469581931829 ], [ 368191.400482557888608, 5730119.019239363260567 ], [ 368181.307790357503109, 5730144.721460766158998 ], [ 368127.315466323168948, 5730122.909324458800256 ], [ 368058.598425526928622, 5730092.191218005493283 ], [ 368032.93129697884433, 5730080.17708701826632 ], [ 368036.000359970261343, 5730066.943571551702917 ], [ 367953.110389520064928, 5730033.125873359851539 ], [ 367937.726715803146362, 5730032.582878440618515 ], [ 367923.1244408643106, 5730030.46155368629843 ], [ 367915.111561442550737, 5730020.17781007476151 ], [ 367912.544649053539615, 5730022.481762677431107 ], [ 367870.597586025774945, 5730005.831701244227588 ], [ 367869.711229560431093, 5730008.681420415639877 ], [ 367848.19103358197026, 5729987.679443537257612 ], [ 367838.913745708880015, 5729984.294882238842547 ], [ 367771.900505679892376, 5729959.901055015623569 ], [ 367767.065322026261128, 5729960.33943007234484 ], [ 367765.605910501559265, 5729960.845074413344264 ], [ 367764.275037120329216, 5729961.770209993235767 ], [ 367762.92976258834824, 5729962.673467732034624 ], [ 367761.468602367909625, 5729963.112391554750502 ], [ 367759.595537288463674, 5729962.872185879386961 ], [ 367757.800042968825437, 5729962.162573210895061 ], [ 367756.05369733623229, 5729961.217985520139337 ], [ 367754.35484051151434, 5729960.238769154064357 ], [ 367752.155312466027681, 5729959.150276793166995 ], [ 367749.940506794024259, 5729958.006546346470714 ], [ 367747.975215915066656, 5729956.622586051933467 ], [ 367746.537467430578545, 5729954.790800760500133 ], [ 367746.169971528055612, 5729952.641619260422885 ], [ 367747.04298583389027, 5729947.96724424790591 ], [ 367746.68901663494762, 5729945.806580015458167 ], [ 367745.32407796184998, 5729943.060394428670406 ], [ 367717.082217345596291, 5729932.584225974977016 ], [ 367678.10865951073356, 5729918.116676711477339 ], [ 367660.776813543227036, 5729909.74704603664577 ], [ 367649.049493610393256, 5729902.855051253922284 ], [ 367636.270280614553485, 5729894.610827821306884 ], [ 367625.498409439751413, 5729891.722122989594936 ], [ 367615.200152872712351, 5729888.175585775636137 ], [ 367579.436439702229109, 5729874.325566750019789 ], [ 367579.101762317412067, 5729872.375835771672428 ], [ 367578.138992034830153, 5729866.781502302736044 ], [ 367532.016645625641104, 5729847.628731194883585 ], [ 367503.868733265728224, 5729836.294394749216735 ], [ 367496.030130931350868, 5729833.740622899495065 ], [ 367489.733528466196731, 5729829.087670460343361 ], [ 367476.681157702463679, 5729823.621873058378696 ], [ 367444.594351418083534, 5729810.277058192528784 ], [ 367399.167076962185092, 5729791.830506186001003 ], [ 367386.767668969288934, 5729792.534914256073534 ], [ 367384.474870593170635, 5729791.849635544233024 ], [ 367384.084502685000189, 5729793.306537359952927 ], [ 367314.151405875105411, 5729748.531032798811793 ], [ 367170.747442628722638, 5729689.143781432881951 ], [ 367022.951576382736675, 5729628.273837218992412 ], [ 367018.470868858741596, 5729626.433459172956645 ], [ 366937.311838724883273, 5729593.009085610508919 ], [ 366855.215216044220142, 5729559.210117005743086 ], [ 366850.957765231491067, 5729566.87844080477953 ], [ 366846.942962351546157, 5729565.404261990450323 ], [ 366838.437906410545111, 5729562.257035192102194 ], [ 366813.154512626584619, 5729552.953981406986713 ], [ 366744.306282481644303, 5729527.586908407509327 ], [ 366726.150665199267678, 5729518.774757156148553 ], [ 366704.674750323756598, 5729508.347835590131581 ], [ 366610.771916223224252, 5729469.85715570487082 ], [ 366598.893167025176808, 5729464.918911714106798 ], [ 366590.118281711940654, 5729461.256209267303348 ], [ 366584.650897532119416, 5729458.98605420999229 ], [ 366575.897308956831694, 5729455.345068328082561 ], [ 366540.371630138368346, 5729440.538857149891555 ], [ 366522.206825910136104, 5729432.97399568837136 ], [ 366520.18630563293118, 5729432.13722722325474 ], [ 366511.523333036107942, 5729428.527334984391928 ], [ 366389.681969028548338, 5729377.793746036477387 ], [ 366323.285417587147094, 5729355.883746204897761 ], [ 366183.356885812827386, 5729297.310603508725762 ], [ 366145.940433615993243, 5729279.096407985314727 ], [ 365901.164242876577191, 5729179.581084797158837 ], [ 365869.125230187375564, 5729166.545129323378205 ], [ 365864.662104348826688, 5729165.139269161038101 ], [ 365848.594888733176049, 5729160.080428993329406 ], [ 365828.231819114414975, 5729153.667000848799944 ], [ 365739.999061049195006, 5729118.290548460558057 ], [ 365728.291266236105002, 5729110.489807785488665 ], [ 365620.927099733613431, 5729067.51229074690491 ], [ 365594.679893770255148, 5729057.005597460083663 ], [ 365422.103233198286034, 5728993.914623851887882 ], [ 365398.885009730933234, 5728981.625497248023748 ], [ 365364.655893701128662, 5728966.180630319751799 ], [ 365364.743333618505858, 5728958.8337218221277 ], [ 365373.671036949090194, 5728943.795010227710009 ], [ 365387.397251682647038, 5728932.089111773297191 ], [ 365395.728224258404225, 5728925.523755474947393 ], [ 365402.522312361106742, 5728923.561959775164723 ], [ 365413.9034176520654, 5728906.899924533441663 ], [ 365422.870640183566138, 5728908.886306177824736 ], [ 365434.38776514690835, 5728907.688801344484091 ], [ 365434.993241612974089, 5728914.572093289345503 ], [ 365447.914582192432135, 5728922.462229438126087 ], [ 365477.757183473615441, 5728931.347761862911284 ], [ 365487.831844716449268, 5728928.185782084241509 ], [ 365489.475324833882041, 5728919.795858520083129 ], [ 365489.179697252693586, 5728906.116141160018742 ], [ 365496.318661066645291, 5728880.776206034235656 ], [ 365502.112726549152285, 5728867.501650766469538 ], [ 365512.42794007062912, 5728857.534026902168989 ], [ 365521.286791830207221, 5728855.194633278995752 ], [ 365532.262339027132839, 5728823.298171027563512 ], [ 365532.72215432417579, 5728812.269070570357144 ], [ 365524.87722140760161, 5728805.690039214678109 ], [ 365510.644791767583229, 5728803.621280333027244 ], [ 365485.450631890445948, 5728797.39360130392015 ], [ 365453.625754671054892, 5728786.557799213565886 ], [ 365460.650408962392248, 5728777.156350268051028 ], [ 365461.138209982251283, 5728774.183257658965886 ], [ 365461.285599066293798, 5728771.152475251816213 ], [ 365461.225068749627098, 5728768.104981886222959 ], [ 365461.060875153401867, 5728765.060253271833062 ], [ 365460.694133604119997, 5728760.385091548785567 ], [ 365460.127568687545136, 5728755.737515497021377 ], [ 365459.326625312562101, 5728751.118446765467525 ], [ 365458.271163265046198, 5728746.550678850151598 ], [ 365456.827087334240787, 5728741.414613037370145 ], [ 365455.135994929936714, 5728736.351904579438269 ], [ 365453.143487657187507, 5728731.397388976067305 ], [ 365450.788849236560054, 5728726.608326627872884 ], [ 365441.914057128713466, 5728710.208487183786929 ], [ 365417.779352935147472, 5728669.055038729682565 ], [ 365390.701587669318542, 5728622.850150861777365 ], [ 365387.690933866600972, 5728617.065958390943706 ], [ 365386.635586579621304, 5728614.579160593450069 ], [ 365385.929440407722723, 5728611.960635434836149 ], [ 365385.483838430256583, 5728609.257261051796377 ], [ 365385.231450366612989, 5728606.537602839060128 ], [ 365385.250030758383218, 5728604.901271281763911 ], [ 365385.434477898466866, 5728603.260513748042285 ], [ 365385.681421958375722, 5728601.629216705448925 ], [ 365385.907336133415811, 5728599.987352710217237 ], [ 365386.064225644455291, 5728598.091383487917483 ], [ 365386.207293078885414, 5728596.195783107541502 ], [ 365386.39212414692156, 5728594.310196465812624 ], [ 365386.67371118394658, 5728592.422028047032654 ], [ 365387.135457435972057, 5728590.028286349959671 ], [ 365387.972877628984861, 5728585.643712676130235 ], [ 365391.248543073190376, 5728568.441239244304597 ], [ 365391.599542374256998, 5728566.562347368337214 ], [ 365399.965587157290429, 5728528.625889229588211 ], [ 365408.131451765366364, 5728500.031294528394938 ], [ 365416.552677361527458, 5728477.116380119696259 ], [ 365419.319470614136662, 5728474.794690001755953 ], [ 365437.409484113915823, 5728474.69050729367882 ], [ 365454.884507018723525, 5728475.125812469981611 ], [ 365453.725975564157125, 5728460.21163746342063 ], [ 365474.758451634435914, 5728459.18338122498244 ], [ 365492.503244677791372, 5728459.099731688387692 ], [ 365495.40638270531781, 5728458.77751187607646 ], [ 365498.255305025551934, 5728457.978229966945946 ], [ 365501.064038849319331, 5728456.968586832284927 ], [ 365503.887782189645804, 5728456.003057646565139 ], [ 365524.353351877187379, 5728449.793291191570461 ], [ 365524.170008605171461, 5728369.742502085864544 ], [ 365536.460995734843891, 5728369.247985873371363 ], [ 365536.900706864078529, 5728365.764294734224677 ], [ 365537.010981529718265, 5728364.971259525977075 ], [ 365537.135079111612868, 5728364.177855914458632 ], [ 365537.321676053514238, 5728363.393914704211056 ], [ 365537.620337945525534, 5728362.662627356126904 ], [ 365538.307712206791621, 5728361.464727500453591 ], [ 365539.15612455829978, 5728360.340432667173445 ], [ 365540.117787695140578, 5728359.313272756524384 ], [ 365541.171967290807515, 5728358.383800425566733 ], [ 365562.413827648153529, 5728341.058791319839656 ], [ 365586.796426059794612, 5728325.831312440335751 ], [ 365594.245224748621695, 5728323.22919803019613 ], [ 365596.683794001000933, 5728322.34075469430536 ], [ 365599.100444655516185, 5728321.408384030684829 ], [ 365601.53269652207382, 5728320.542367618530989 ], [ 365604.010565273696557, 5728319.830930773168802 ], [ 365605.971158817759715, 5728319.43373313266784 ], [ 365607.96927226067055, 5728319.146817909553647 ], [ 365609.968570734839886, 5728318.904384351335466 ], [ 365611.968757982132956, 5728318.695312241092324 ], [ 365630.530972645035945, 5728316.565080417320132 ], [ 365634.971324371930677, 5728314.488276390358806 ], [ 365631.913911162992008, 5728305.644962073303759 ], [ 365641.999607643345371, 5728302.327263857237995 ], [ 365673.091248459357303, 5728287.86744951736182 ], [ 365679.833218108746223, 5728283.392507591284811 ], [ 365681.9971802032087, 5728279.462318453937769 ], [ 365684.560129193472676, 5728269.734896931797266 ], [ 365676.431274377275258, 5728253.292542647570372 ], [ 365663.425050561199896, 5728236.546064784750342 ], [ 365660.779520799056627, 5728233.300330512225628 ], [ 365657.896522539143916, 5728230.227842023596168 ], [ 365654.75887396390317, 5728227.46259443834424 ], [ 365651.301308345980942, 5728225.150991476140916 ], [ 365629.547628062195145, 5728212.899592312052846 ], [ 365618.903828362061176, 5728203.579517489299178 ], [ 365591.853940572356805, 5728184.135914237238467 ], [ 365574.371471248450689, 5728173.072947870008647 ], [ 365558.143017166759819, 5728163.389894218184054 ], [ 365549.717498631333001, 5728159.196547470055521 ], [ 365547.035640068119392, 5728157.966024321503937 ], [ 365544.288515352527611, 5728156.881907230243087 ], [ 365541.490244458080269, 5728155.954948136582971 ], [ 365538.63332318351604, 5728155.163090898655355 ], [ 365535.657324350380804, 5728154.574714694172144 ], [ 365532.62475014582742, 5728154.199282118119299 ], [ 365529.586745541950222, 5728153.879636630415916 ], [ 365526.553873937926255, 5728153.493087474256754 ], [ 365524.915000828099437, 5728153.247436262667179 ], [ 365523.269512194907293, 5728153.013090008869767 ], [ 365521.636364899924956, 5728152.722774788737297 ], [ 365520.021581444772892, 5728152.342945726588368 ], [ 365517.766863834403921, 5728151.568433661013842 ], [ 365515.569905045209453, 5728150.625461356714368 ], [ 365513.365737270389218, 5728149.671554012224078 ], [ 365511.129677669377998, 5728148.81865070015192 ], [ 365494.50911133387126, 5728143.374928696081042 ], [ 365492.839264320675284, 5728144.821586891077459 ], [ 365470.28821364371106, 5728136.676119456067681 ], [ 365455.395933598570991, 5728129.127739566378295 ], [ 365454.407438284833916, 5728128.631077319383621 ], [ 365419.889475932810456, 5728111.635382633656263 ], [ 365417.404413232696243, 5728109.487170858308673 ], [ 365414.643262947909534, 5728107.101505865342915 ], [ 365411.611160553933587, 5728101.818629929795861 ], [ 365402.211053063394502, 5728084.954328638501465 ], [ 365392.60750683140941, 5728068.763157336041331 ], [ 365384.814345720689744, 5728055.617320254445076 ], [ 365384.148192837019451, 5728054.50002421438694 ], [ 365340.343233290943317, 5728070.792034165933728 ], [ 365287.482145079527982, 5728086.736426167190075 ], [ 365275.770019938237965, 5728089.508458537049592 ], [ 365273.215830737201031, 5728089.955015835352242 ], [ 365266.965139906154945, 5728091.067815721966326 ], [ 365258.013876754790545, 5728091.807615522295237 ], [ 365249.00570155098103, 5728091.97028808388859 ], [ 365240.022878234449308, 5728091.787327339872718 ], [ 365228.449173634464387, 5728091.195076012052596 ], [ 365227.395012992492411, 5728091.089695765636861 ], [ 365216.909589352901094, 5728090.067788890562952 ], [ 365205.437789658084512, 5728088.371181815862656 ], [ 365194.094788818387315, 5728086.05911145079881 ], [ 365181.232454679906368, 5728082.541310297325253 ], [ 365168.591511699487455, 5728078.249783040955663 ], [ 365156.109968859353103, 5728073.453260010108352 ], [ 365143.745978736493271, 5728068.397677587345243 ], [ 365138.29625768342521, 5728066.095144091174006 ], [ 365132.891942127957009, 5728063.680121129378676 ], [ 365127.585354209062643, 5728061.039928471669555 ], [ 365122.464861367247067, 5728058.116562865674496 ], [ 365084.999238389544189, 5728034.936734899878502 ], [ 365034.367546092136763, 5727997.943182558752596 ], [ 364960.812131640559528, 5727936.64759864192456 ], [ 364949.395287528866902, 5727926.425911182537675 ], [ 364915.946395427105017, 5727898.844290080480278 ], [ 364902.831847378518432, 5727889.291327397339046 ], [ 364880.512186730047688, 5727869.980657541193068 ], [ 364804.473714822204784, 5727812.448245212435722 ], [ 364778.379078871337697, 5727792.716114648617804 ], [ 364771.18769860942848, 5727787.38925321213901 ], [ 364768.989712920505553, 5727785.645392002537847 ], [ 364766.878604806261137, 5727783.787921644747257 ], [ 364764.834531535103451, 5727781.85075834300369 ], [ 364762.81059743091464, 5727779.890799717977643 ], [ 364761.446489231893793, 5727778.547464276663959 ], [ 364760.123257809900679, 5727777.180777289904654 ], [ 364758.820166400866583, 5727775.791294497437775 ], [ 364758.48545507970266, 5727775.433035229332745 ], [ 364746.898439726908691, 5727766.117717871442437 ], [ 364731.982691226876341, 5727747.199010040611029 ], [ 364715.147962332936004, 5727714.243510998785496 ], [ 364702.407161883369554, 5727666.288788677193224 ], [ 364699.114092858391814, 5727645.634151248261333 ], [ 364686.530986649740953, 5727606.666803157888353 ], [ 364679.630226345849223, 5727589.747828188352287 ], [ 364678.231321319181006, 5727586.33560374006629 ], [ 364678.194074988598004, 5727586.236448875628412 ], [ 364676.66174280247651, 5727582.749905413016677 ], [ 364675.013684799079783, 5727579.333234725520015 ], [ 364673.17445930140093, 5727576.010716339573264 ], [ 364671.02207973622717, 5727572.618698985315859 ], [ 364668.6998658690718, 5727569.342518715187907 ], [ 364666.221344387158751, 5727566.170684820972383 ], [ 364663.614463563193567, 5727563.113576191477478 ], [ 364626.687774543126579, 5727521.560956807807088 ], [ 364603.24406282248674, 5727496.550543968565762 ], [ 364557.28795986995101, 5727452.903732320293784 ], [ 364555.399637203780003, 5727451.107131997123361 ], [ 364552.342401714005973, 5727446.481959600932896 ], [ 364546.723157853120938, 5727439.188017672859132 ], [ 364543.521182395284995, 5727433.810017846524715 ], [ 364541.293097070592921, 5727427.860598069615662 ], [ 364541.277480721531902, 5727427.794248078018427 ], [ 364540.948892604908906, 5727426.634607607498765 ], [ 364539.563369638635777, 5727421.664110455662012 ], [ 364537.800268617400434, 5727415.513031888753176 ], [ 364536.128630452498328, 5727410.450061582960188 ], [ 364534.518607251695357, 5727405.363181461580098 ], [ 364533.142421705182642, 5727400.225512212142348 ], [ 364532.213475429220125, 5727394.997940845787525 ], [ 364531.674018051009625, 5727388.302121553570032 ], [ 364531.652423313935287, 5727381.570145163685083 ], [ 364532.011033980408683, 5727374.827963193878531 ], [ 364532.619403384742327, 5727368.112461850978434 ], [ 364532.65341806365177, 5727367.833344034850597 ], [ 364533.859862647135742, 5727359.68850911129266 ], [ 364535.593228556273971, 5727351.329223926179111 ], [ 364537.444716700236313, 5727342.989025559276342 ], [ 364539.053067555825692, 5727334.610841466113925 ], [ 364540.511324479943141, 5727325.279662486165762 ], [ 364541.816907355270814, 5727315.930325705558062 ], [ 364543.011292811133899, 5727306.561717748641968 ], [ 364544.07403994910419, 5727297.185515320859849 ], [ 364545.160217149648815, 5727287.908838300034404 ], [ 364546.21844929154031, 5727278.621783661656082 ], [ 364546.965304904035293, 5727269.331958268769085 ], [ 364547.102629140252247, 5727260.013979351148009 ], [ 364546.637039637716953, 5727252.203359019942582 ], [ 364545.70196289679734, 5727244.427595509216189 ], [ 364544.401091807871126, 5727236.683905995450914 ], [ 364542.825487701687962, 5727229.014359436929226 ], [ 364541.358398816548288, 5727221.264003480784595 ], [ 364541.277031807752792, 5727220.809931619092822 ], [ 364539.657650676905178, 5727212.54063864890486 ], [ 364537.445340324076824, 5727205.377822604030371 ], [ 364537.217951766506303, 5727204.63833711668849 ], [ 364535.459430241491646, 5727200.9798494707793 ], [ 364534.716941838385537, 5727199.864702937193215 ], [ 364534.024336870352272, 5727198.803858543746173 ], [ 364516.76826829300262, 5727179.12502711545676 ], [ 364485.950589201122057, 5727150.095445117913187 ], [ 364443.366266152821481, 5727113.136057143099606 ], [ 364426.073028528713621, 5727096.218301200307906 ], [ 364419.261268397211097, 5727090.136101767420769 ], [ 364409.735112598631531, 5727081.645242006517947 ], [ 364398.317382307373919, 5727071.502603850327432 ], [ 364387.047216248232871, 5727061.189101862721145 ], [ 364378.304582229116932, 5727052.510322151705623 ], [ 364363.799925647792406, 5727035.88506493717432 ], [ 364359.190322489361279, 5727029.888429339043796 ], [ 364352.67349218390882, 5727020.370900981128216 ], [ 364346.844124207855202, 5727010.43428857717663 ], [ 364341.923149218666367, 5727000.061523758806288 ], [ 364332.824354168551508, 5726978.138698406517506 ], [ 364316.166184530011378, 5726933.91786099690944 ], [ 364306.557970132562332, 5726914.156512659043074 ], [ 364297.046436693810392, 5726894.64852945972234 ], [ 364288.140764357289299, 5726879.664579862728715 ], [ 364282.537072347826324, 5726872.470630679279566 ], [ 364273.788039930048399, 5726863.057723042555153 ], [ 364264.171650125645101, 5726854.580666276626289 ], [ 364253.715522249869537, 5726847.294671343639493 ], [ 364197.757597825024277, 5726813.323115340434015 ], [ 364187.580299391760491, 5726807.92154458258301 ], [ 364176.987768380669877, 5726803.287884975783527 ], [ 364166.356129547115415, 5726798.744324862957001 ], [ 364155.993863868759945, 5726793.670510806143284 ], [ 364144.476582376810256, 5726787.069852833636105 ], [ 364140.042849286342971, 5726784.540668984875083 ], [ 364124.382207188522443, 5726774.891160813160241 ], [ 364109.033573816064745, 5726764.754785674624145 ], [ 364094.038728393614292, 5726754.141544004902244 ], [ 364080.91854669112945, 5726744.290226360782981 ], [ 364068.071893634274602, 5726734.064343536272645 ], [ 364055.647875297116116, 5726723.348595568910241 ], [ 364043.78236976620974, 5726712.050293865613639 ], [ 364032.941569057293236, 5726700.524108867160976 ], [ 364022.688138695026282, 5726688.459096278063953 ], [ 364012.894312948919833, 5726675.992233238182962 ], [ 364003.453067429945804, 5726663.259939227253199 ], [ 363996.138928511878476, 5726652.695997204631567 ], [ 363989.191215834231116, 5726641.866242498159409 ], [ 363982.488178274594247, 5726630.874108299612999 ], [ 363975.935419981717132, 5726619.811163116246462 ], [ 363948.254074407159351, 5726572.872666561044753 ], [ 363911.813042456400581, 5726511.058296356350183 ], [ 363882.537179641192779, 5726470.46168253198266 ], [ 363870.885295311221853, 5726455.574696722440422 ], [ 363858.162506704742555, 5726441.517848110757768 ], [ 363844.556091584614478, 5726428.308350118808448 ], [ 363830.244917010306381, 5726415.908000493422151 ], [ 363816.572671999747399, 5726405.39338218793273 ], [ 363802.2792522048112, 5726395.707918561063707 ], [ 363787.453644821012858, 5726386.815829265862703 ], [ 363772.21369493578095, 5726378.725067405961454 ], [ 363758.542836864013225, 5726372.372523630037904 ], [ 363744.539126934774686, 5726366.763463254086673 ], [ 363743.51253299677046, 5726366.412810372188687 ], [ 363730.250068987021223, 5726361.863222251646221 ], [ 363715.759239056380466, 5726357.691803593188524 ], [ 363703.570467796002049, 5726354.982845114544034 ], [ 363700.415194687258918, 5726354.467105561867356 ], [ 363691.255398783716373, 5726352.978405395522714 ], [ 363684.624981509463396, 5726352.144760637544096 ], [ 363678.855530311004259, 5726351.421415181830525 ], [ 363666.426186795230024, 5726350.054431349039078 ], [ 363590.895790221053176, 5726341.878949852660298 ], [ 363585.726043155591469, 5726341.32868614885956 ], [ 363515.614916237071157, 5726333.731225150637329 ], [ 363509.278441778966226, 5726333.02340058516711 ], [ 363502.966615698183887, 5726332.203634762205184 ], [ 363496.684247165569104, 5726331.193899646401405 ], [ 363490.456887792330235, 5726329.915606294758618 ], [ 363483.268437421531416, 5726328.151408817619085 ], [ 363476.149422912509181, 5726326.140521636232734 ], [ 363469.125395339040551, 5726323.804355513304472 ], [ 363462.276618211588357, 5726321.040584796108305 ], [ 363456.255743214394897, 5726318.187661620788276 ], [ 363450.371639739256352, 5726315.019454318098724 ], [ 363444.699461918789893, 5726311.500544743612409 ], [ 363439.293621130869724, 5726307.596075523644686 ], [ 363403.747454443946481, 5726279.924649049527943 ], [ 363323.276948813349009, 5726204.605152536183596 ], [ 363289.176651792717166, 5726176.717282855883241 ], [ 363281.704551129660103, 5726171.388860072009265 ], [ 363271.212497261702083, 5726163.905446004122496 ], [ 363264.206654712092131, 5726158.931654107756913 ], [ 363271.722733981441706, 5726145.952826674096286 ], [ 363272.674458612804301, 5726144.302322659641504 ], [ 363274.505463655223139, 5726141.136816570535302 ], [ 363286.43125599832274, 5726120.560389116406441 ], [ 363294.099263934593182, 5726107.310408038087189 ], [ 363296.386628196109086, 5726103.364702950231731 ], [ 363312.663824464892969, 5726077.885368351824582 ], [ 363317.211285295546986, 5726070.773697004653513 ], [ 363324.985017933591735, 5726058.61148024443537 ], [ 363330.156605588214006, 5726050.525895069353282 ], [ 363351.865764695568942, 5725992.304944166913629 ], [ 363331.055713781737722, 5725983.531566921621561 ], [ 363328.458736245636828, 5725982.433393716812134 ], [ 363349.561947616341058, 5725928.657907962799072 ], [ 363358.152298341039568, 5725906.769801156595349 ], [ 363361.12308975495398, 5725899.177820319309831 ], [ 363371.259063458186574, 5725872.262448416091502 ], [ 363385.242064669087995, 5725835.0940315797925 ], [ 363404.686118322308175, 5725783.377949893474579 ], [ 363410.579306355328299, 5725767.672341463156044 ], [ 363427.489446665160358, 5725722.546082954853773 ], [ 363435.551387304323725, 5725701.050798474811018 ], [ 363436.100979242182802, 5725699.622645257040858 ], [ 363454.098195154801942, 5725652.452886515296996 ], [ 363462.395798010693397, 5725630.706463151611388 ], [ 363476.348681220901199, 5725594.162369563244283 ], [ 363483.6900656305952, 5725574.923445289023221 ], [ 363493.869244603149127, 5725548.274301779456437 ], [ 363499.259400759357959, 5725534.162637504749 ], [ 363503.104420961695723, 5725524.07666046731174 ], [ 363514.905681529897265, 5725493.166118642315269 ], [ 363546.435402976232581, 5725410.955423487350345 ], [ 363572.522682295704726, 5725342.946976247243583 ], [ 363653.523875489248894, 5725131.782292984426022 ], [ 363678.780041275545955, 5725065.944738548249006 ], [ 363733.452099477406591, 5724923.419156365096569 ], [ 363803.492490960285068, 5724740.830105481669307 ], [ 363815.107318642258178, 5724710.55980196967721 ], [ 363820.134785033471417, 5724709.367077738046646 ], [ 363842.986410818935838, 5724637.864380793645978 ], [ 363891.543483085930347, 5724511.296756820753217 ], [ 363899.258871791011188, 5724491.169405716471374 ], [ 363935.373990706342738, 5724397.009023082442582 ], [ 363948.247864089673385, 5724361.764285430312157 ], [ 363987.208878460922278, 5724261.908000061288476 ], [ 364036.923943571164273, 5724132.295259601436555 ], [ 364042.894712478329893, 5724116.744310295209289 ], [ 364128.638304388266988, 5723893.209690301679075 ], [ 364263.11278932983987, 5723944.089717377908528 ], [ 364291.003033732296899, 5723954.635564423166215 ], [ 364294.395143953850493, 5723953.865634569898248 ], [ 364338.847100531216711, 5723941.588225338608027 ], [ 364382.068421676522121, 5723925.493913513608277 ], [ 364412.086743063933682, 5723914.227794965729117 ], [ 364431.628942265408114, 5723906.225287783890963 ], [ 364437.586658380459994, 5723903.806421036832035 ], [ 364443.565729393449146, 5723901.409244876354933 ], [ 364449.567646946350578, 5723899.089360010810196 ], [ 364455.628191987634636, 5723896.890319119207561 ], [ 364461.954407867102418, 5723894.272417969070375 ], [ 364468.317064519273117, 5723891.464369310066104 ], [ 364474.753860514785629, 5723889.355412373319268 ], [ 364478.028083171346225, 5723888.83358982950449 ], [ 364481.364151607616805, 5723888.810876335017383 ], [ 364505.908967177267186, 5723890.778824222274125 ], [ 364513.373133769142441, 5723877.158141175284982 ], [ 364518.711846316640731, 5723867.40028256457299 ], [ 364522.539793601143174, 5723860.420458285138011 ], [ 364537.59925738198217, 5723832.897444847039878 ], [ 364539.750666015199386, 5723828.967178345657885 ], [ 364581.454665407189168, 5723717.458345255814493 ], [ 364584.337656116404105, 5723709.82508915476501 ], [ 364588.629805731121451, 5723698.4595364369452 ], [ 364582.666186669026501, 5723695.503489800728858 ], [ 364640.354983301251195, 5723507.91803222335875 ], [ 364660.01815885596443, 5723345.388438357040286 ], [ 364669.843958715675399, 5723337.435773973353207 ], [ 364688.059795129578561, 5723306.690686085261405 ], [ 364692.304635809210595, 5723279.313191310502589 ], [ 364696.853172077564523, 5723244.916872615925968 ], [ 364692.479788143129554, 5723234.139563322998583 ], [ 364683.757210667885374, 5723233.916865274310112 ], [ 364662.464115651382599, 5723209.226286891847849 ], [ 364655.212569809053093, 5723207.317282698117197 ], [ 364649.696991572680417, 5723203.01376498490572 ], [ 364589.384291916503571, 5723192.855953424237669 ], [ 364552.229288244561758, 5723185.494448460638523 ], [ 364500.802701539359987, 5723182.188123264349997 ], [ 364483.678799046843778, 5723179.531413272023201 ], [ 364350.54292548133526, 5723124.992234707809985 ], [ 364288.164592432323843, 5723100.115235134959221 ], [ 364290.315328752622008, 5723092.8019392285496 ], [ 364276.947835102677345, 5723088.498230529017746 ], [ 364274.875065067200921, 5723087.886209079064429 ], [ 364272.763171533762943, 5723087.364264242351055 ], [ 364270.619670600397512, 5723086.954450470395386 ], [ 364268.479454527725466, 5723086.666958823800087 ], [ 364266.133767982712016, 5723086.462883519940078 ], [ 364263.798285254335497, 5723086.380944695323706 ], [ 364261.445331733964849, 5723086.421885656192899 ], [ 364259.10979974392103, 5723086.595897377468646 ], [ 364254.86251972138416, 5723087.255257004871964 ], [ 364250.678356344404165, 5723088.202256349846721 ], [ 364246.497778880991973, 5723089.282700512558222 ], [ 364242.331040446530096, 5723090.362776454538107 ], [ 364103.926787944277748, 5723124.618228665553033 ], [ 364101.151690011785831, 5723125.438438918441534 ], [ 364098.407556898251642, 5723126.380227687768638 ], [ 364095.640575526980683, 5723127.24473537877202 ], [ 364092.817389282630756, 5723127.821424224413931 ], [ 364090.011411252489779, 5723128.008166629821062 ], [ 364087.171179446217138, 5723127.951012501493096 ], [ 364084.334277337009553, 5723127.760232605040073 ], [ 364081.50459266116377, 5723127.580388328060508 ], [ 364078.081399845890701, 5723127.472149069420993 ], [ 364074.651587228989229, 5723127.375218316912651 ], [ 364071.251881150412373, 5723127.110557832755148 ], [ 364067.906067510659341, 5723126.532861775718629 ], [ 364020.711018242756836, 5723115.083030128851533 ], [ 364022.91611904266756, 5723109.804593114182353 ], [ 364023.931771681644022, 5723102.777655552141368 ], [ 364025.885970472590998, 5723085.342896963469684 ], [ 364026.509137814049609, 5723077.881394405849278 ], [ 364036.230224625323899, 5723024.872405521571636 ], [ 364037.867970136692747, 5723020.121136852540076 ], [ 364038.505962629395071, 5723018.356853233650327 ], [ 364039.108763317286503, 5723016.571260153315961 ], [ 364039.621620099875145, 5723014.788086853921413 ], [ 364039.925417507416569, 5723012.954896997660398 ], [ 364040.066270259674639, 5723010.469529707916081 ], [ 364039.978204293758608, 5723007.96806450933218 ], [ 364039.641659455024637, 5723005.495540218427777 ], [ 364039.023237930843607, 5723003.09736795257777 ], [ 364038.338803795399144, 5723001.591223855502903 ], [ 364037.414903075317852, 5723000.191675449721515 ], [ 364036.415493167471141, 5722998.816414898261428 ], [ 364035.532506054150872, 5722997.393509807065129 ], [ 364022.604901348240674, 5722972.658456664532423 ], [ 364021.061249138670973, 5722969.584106079302728 ], [ 364019.653878095152322, 5722966.428192080929875 ], [ 364018.439036961412057, 5722963.222585604526103 ], [ 364017.450123653979972, 5722959.921875299885869 ], [ 364016.473774607642554, 5722955.029501089826226 ], [ 364015.855710116564296, 5722950.071846128441393 ], [ 364015.485827329219319, 5722945.07412910554558 ], [ 364015.268459177226759, 5722940.083436659537256 ], [ 364015.089463265496306, 5722936.004220391623676 ], [ 364014.986575328919571, 5722931.922956360504031 ], [ 364015.147204724140465, 5722927.856858387589455 ], [ 364015.697089489549398, 5722923.847056014463305 ], [ 364020.021209095139056, 5722902.620606915093958 ], [ 364021.430408591986634, 5722891.432283933274448 ], [ 364030.571413422061596, 5722847.986874655820429 ], [ 364049.155092906032223, 5722786.449069223366678 ], [ 364045.958083401201293, 5722763.611080536618829 ], [ 364064.821709244395606, 5722702.677881371229887 ], [ 364096.732206157990731, 5722709.509311459027231 ], [ 364127.531578555412125, 5722630.706404539756477 ], [ 364130.982950736652128, 5722589.862393400631845 ], [ 364133.843804001808167, 5722556.156269020400941 ], [ 364185.993267258396372, 5722560.341104604303837 ], [ 364187.110878786072135, 5722560.444612860679626 ], [ 364188.23481210519094, 5722560.525695242919028 ], [ 364189.349136924720369, 5722560.506882876157761 ], [ 364190.452060634503141, 5722560.321455140598118 ], [ 364191.282139383489266, 5722560.03207721374929 ], [ 364192.073737050930504, 5722559.599067660048604 ], [ 364192.815106279682368, 5722559.100638994947076 ], [ 364193.534821079112589, 5722558.569407863542438 ], [ 364194.554508941364475, 5722557.863195350393653 ], [ 364195.594357813009992, 5722557.134185123257339 ], [ 364196.457935012993403, 5722556.287501628510654 ], [ 364196.977083010249771, 5722555.249765771441162 ], [ 364204.571643151924945, 5722524.521273721940815 ], [ 364181.534998072311282, 5722519.921119932085276 ], [ 364164.422571555303875, 5722518.555943209677935 ], [ 364146.372183122613933, 5722515.012662924826145 ], [ 364121.631111021735705, 5722508.833879576064646 ], [ 364134.28437822900014, 5722488.307321428321302 ], [ 364140.916717971500475, 5722460.175187099725008 ], [ 364137.251390336896293, 5722457.25797875225544 ], [ 364138.250115393602755, 5722452.679728957824409 ], [ 364164.570397574454546, 5722423.562251772731543 ], [ 364169.804214893141761, 5722405.994960292242467 ], [ 364183.678066092426889, 5722392.735802035778761 ], [ 364189.234009014617186, 5722387.411947710439563 ], [ 364181.887594063184224, 5722383.569820251315832 ], [ 364139.112664272892289, 5722361.105409298092127 ], [ 364180.143519980367273, 5722319.173701973631978 ], [ 364196.72102891857503, 5722303.438276510685682 ], [ 364182.953445089748129, 5722276.332820448093116 ], [ 364153.410125036607496, 5722245.589547802694142 ], [ 364127.32525212795008, 5722229.654041094705462 ], [ 364130.759391936706379, 5722207.2164575336501 ], [ 364107.603478207136504, 5722196.432542115449905 ], [ 363987.458981935400516, 5722133.996491410769522 ], [ 363988.136227895040065, 5722110.264203552156687 ], [ 363990.341118071926758, 5722107.534128997474909 ], [ 364011.616275677457452, 5722068.970325158908963 ], [ 364045.521667373948731, 5722006.141468306072056 ], [ 364046.567166667431593, 5722004.588798445649445 ], [ 364051.955375176272355, 5721996.62082480173558 ], [ 364056.377122702659108, 5721987.221060597337782 ], [ 364064.842925546341576, 5721965.705310025252402 ], [ 364067.097441195510328, 5721960.180779325775802 ], [ 364068.110465175064746, 5721953.298614024184644 ], [ 364068.269929925911129, 5721953.305454572662711 ], [ 364069.031500001787208, 5721953.040159217081964 ], [ 364069.457652802113444, 5721952.405525971204042 ], [ 364069.574748669750988, 5721950.321417485363781 ], [ 364069.31973286322318, 5721947.791060701943934 ], [ 364069.390224586124532, 5721945.519027087837458 ], [ 364070.11848415620625, 5721942.984489297494292 ], [ 364070.999887383542955, 5721940.479218517430127 ], [ 364071.937550674541853, 5721938.005819692276418 ], [ 364072.846935905516148, 5721935.510925124399364 ], [ 364083.129498308524489, 5721906.08991114795208 ], [ 364088.73960816883482, 5721884.472937102429569 ], [ 364089.232417185674421, 5721882.968520250171423 ], [ 364091.887038799701259, 5721874.807010738179088 ], [ 364093.083396531292237, 5721871.135953495278955 ], [ 364097.36353180592414, 5721869.084604312665761 ], [ 364100.500063536106609, 5721831.186927223578095 ], [ 364094.40467086515855, 5721831.406414963304996 ], [ 364081.459859703551047, 5721831.876811565831304 ], [ 364078.667299981112592, 5721832.074295931495726 ], [ 364075.882258747471496, 5721832.293835964053869 ], [ 364073.098756697785575, 5721832.313029884360731 ], [ 364070.393261093064211, 5721831.885003004223108 ], [ 364067.911100025987253, 5721831.005847827531397 ], [ 364065.551456517539918, 5721829.789555917493999 ], [ 364063.370889536221512, 5721828.279118882492185 ], [ 364061.391356132691726, 5721826.518458623439074 ], [ 364054.007663824013434, 5721819.005200932733715 ], [ 364051.536901993385982, 5721816.489912061952055 ], [ 364048.992738881730475, 5721821.031831415370107 ], [ 364046.134812033909839, 5721825.237217572517693 ], [ 364042.7121922186343, 5721829.046050096862018 ], [ 364039.013700587092899, 5721832.639741342514753 ], [ 364035.307396703807171, 5721836.200261247344315 ], [ 364028.404264773940668, 5721842.951507764868438 ], [ 364021.316435925196856, 5721849.52968202251941 ], [ 364014.043012771580834, 5721855.901424527168274 ], [ 364006.582499453332275, 5721862.011135634966195 ], [ 364000.261673805536702, 5721866.72144035436213 ], [ 363993.754050068673678, 5721871.18083153385669 ], [ 363987.174541676125955, 5721875.542012282647192 ], [ 363980.616703090840019, 5721879.936003514565527 ], [ 363968.704079713206738, 5721888.135236138477921 ], [ 363955.248783287941478, 5721896.910161072388291 ], [ 363923.486159383377526, 5721917.639828751794994 ], [ 363912.944112118100747, 5721924.52257468085736 ], [ 363855.438466442981735, 5721957.518976252526045 ], [ 363867.708004110725597, 5721904.719361851923168 ], [ 363869.325968996214215, 5721860.385771473869681 ], [ 363870.332387791189831, 5721844.779268283396959 ], [ 363867.814074618392624, 5721710.352316331118345 ], [ 363869.430080758582335, 5721690.890195917338133 ], [ 363867.328027079463936, 5721670.693572441115975 ], [ 363868.361226421606261, 5721664.567531873472035 ], [ 363868.908901232178323, 5721662.015569617040455 ], [ 363869.832629645767156, 5721657.7397486474365 ], [ 363870.343572523852345, 5721655.366825887933373 ], [ 363869.120537521550432, 5721650.069374694488943 ], [ 363863.591415805509314, 5721626.314993899315596 ], [ 363863.278059888165444, 5721624.965797634795308 ], [ 363861.986138899228536, 5721619.42538342718035 ], [ 363860.968212636536919, 5721614.801227880641818 ], [ 363859.998430467327125, 5721610.164648046717048 ], [ 363858.966659648809582, 5721605.540865589864552 ], [ 363857.79767015343532, 5721600.965290599502623 ], [ 363856.366323467285838, 5721596.163089086301625 ], [ 363854.811897973762825, 5721591.419842679053545 ], [ 363853.140415841713548, 5721586.702004890888929 ], [ 363851.379859244567342, 5721582.019950492307544 ], [ 363837.584209926077165, 5721546.547693946398795 ], [ 363836.222805697470903, 5721542.800787191838026 ], [ 363835.005239608057309, 5721538.994366480968893 ], [ 363833.856281233835034, 5721535.163842114619911 ], [ 363832.694078581640497, 5721531.355930915102363 ], [ 363831.50658676715102, 5721527.637726128101349 ], [ 363830.305551174213178, 5721523.93101445492357 ], [ 363829.208027264219709, 5721520.210387213155627 ], [ 363828.268184195272624, 5721516.429872944019735 ], [ 363827.401540423976257, 5721512.024211433716118 ], [ 363826.672713780659251, 5721507.592582168988883 ], [ 363826.192438581143506, 5721503.132002885453403 ], [ 363826.00916163175134, 5721498.641168808564544 ], [ 363825.989113097428344, 5721486.066906807944179 ], [ 363825.978919146989938, 5721476.430209430865943 ], [ 363826.465103241382167, 5721407.300224394537508 ], [ 363826.373332817689516, 5721402.606620077975094 ], [ 363826.253279531840235, 5721397.891521179117262 ], [ 363826.217177010606974, 5721393.207545914687216 ], [ 363826.43685334676411, 5721388.50555435474962 ], [ 363827.213774277479388, 5721381.86338781286031 ], [ 363827.482697227504104, 5721380.275949700735509 ], [ 363828.331326487648766, 5721375.267689135856926 ], [ 363829.615586474654265, 5721368.689757842570543 ], [ 363830.906771454843692, 5721362.111640610732138 ], [ 363832.532803684938699, 5721353.821901491843164 ], [ 363833.704407173907384, 5721348.204025668092072 ], [ 363834.263556831458118, 5721345.562727709300816 ], [ 363836.008458191005047, 5721337.314302043989301 ], [ 363837.718161737429909, 5721329.04456885997206 ], [ 363839.435956441331655, 5721321.07507848739624 ], [ 363840.261281382641755, 5721317.258159728720784 ], [ 363842.874524446204305, 5721305.503248889930546 ], [ 363845.264807364204898, 5721293.698702839203179 ], [ 363847.105635828338563, 5721281.808799571357667 ], [ 363848.501931313541718, 5721268.328414870426059 ], [ 363849.405034313211218, 5721254.794541338458657 ], [ 363849.787854824622627, 5721241.230164193548262 ], [ 363849.637743798724841, 5721227.680136250331998 ], [ 363848.705601437599398, 5721213.639269964769483 ], [ 363847.275512573774904, 5721201.169749870896339 ], [ 363847.102391192107461, 5721199.627600241452456 ], [ 363845.188314822677057, 5721185.646557247266173 ], [ 363840.373971907072701, 5721164.532573621720076 ], [ 363835.099515727022663, 5721138.67926892451942 ], [ 363832.076084733242169, 5721109.738502529449761 ], [ 363831.181257734016981, 5721084.223527505993843 ], [ 363835.700299743621144, 5721042.660676131956279 ], [ 363909.005903230863623, 5721032.964505110867321 ], [ 363978.080092243035324, 5721028.179438032209873 ], [ 364009.426376991788857, 5721026.001036057248712 ], [ 364011.143072967999615, 5721028.536595816724002 ], [ 364041.470428661443293, 5721027.876959592103958 ], [ 364059.171141790458933, 5721027.49013889208436 ], [ 364071.22992092196364, 5721027.221640611998737 ], [ 364109.439440928108525, 5721026.038968911394477 ], [ 364115.543623060570098, 5721025.852690003812313 ], [ 364114.755047194368672, 5721017.127187468111515 ], [ 364195.645962794194929, 5721016.979608351364732 ], [ 364195.699479094182607, 5721014.329683784395456 ], [ 364195.859623617725447, 5721006.880685461685061 ], [ 364196.040257093496621, 5720997.873203321360052 ], [ 364262.301496561965905, 5721005.686687837354839 ], [ 364292.547069509804714, 5721011.785507681779563 ], [ 364360.210682126285974, 5721025.415998236276209 ], [ 364428.200992588535883, 5721039.105387535877526 ], [ 364558.215919661335647, 5721075.248626037500799 ], [ 364676.374024543969426, 5721110.733127664774656 ], [ 364684.534696660295594, 5721094.479231169447303 ], [ 364691.274408331373706, 5721065.499494475312531 ], [ 364704.581441992719192, 5721053.125167962163687 ], [ 364707.62220107507892, 5720988.400976596400142 ], [ 364711.605541745899245, 5720946.219263103790581 ], [ 364720.817014973901678, 5720916.149686425924301 ], [ 364734.759965466568246, 5720881.435594961978495 ], [ 364743.039125827956013, 5720849.387961237691343 ], [ 364717.903286798507906, 5720739.892627893015742 ], [ 364721.779250538966153, 5720698.860013589262962 ], [ 364721.285028324753512, 5720684.785131656564772 ], [ 364718.12613122689072, 5720662.246315401047468 ], [ 364713.800411069474649, 5720655.907755922526121 ], [ 364718.112226718803868, 5720650.072609902359545 ], [ 364727.454602352168877, 5720648.698800451122224 ], [ 364724.476819269708358, 5720636.815800616517663 ], [ 364712.521168673760258, 5720620.254344197921455 ], [ 364716.402575166837778, 5720606.095808577723801 ], [ 364721.971316973387729, 5720596.23208250105381 ], [ 364740.170040112454444, 5720573.489289669319987 ], [ 364744.624683628731873, 5720566.515292061492801 ], [ 364753.089693078538403, 5720549.162883257493377 ], [ 364766.556948301265948, 5720520.181484706699848 ], [ 364772.736656276509166, 5720524.612140199169517 ], [ 364786.885782999219373, 5720529.163591420277953 ], [ 364790.835970423766412, 5720530.782837767153978 ], [ 364793.643018704489805, 5720532.655205587856472 ], [ 364795.474250021856278, 5720534.820732402615249 ], [ 364805.753337382804602, 5720535.569748287089169 ], [ 364848.765463335148524, 5720518.262353761121631 ], [ 364858.321023663855158, 5720512.153690875507891 ], [ 364876.131034757941961, 5720505.423912918195128 ], [ 364883.143397234729491, 5720501.352901806123555 ], [ 364893.089735011104494, 5720495.089204521849751 ], [ 364903.582105332869105, 5720486.963692184537649 ], [ 364928.049559077131562, 5720475.31575551815331 ], [ 364950.169305140152574, 5720455.384614018723369 ], [ 365000.947362309903838, 5720432.86361694522202 ], [ 365027.546705665998161, 5720426.845695764757693 ], [ 365034.90320940176025, 5720416.71208643168211 ], [ 365039.607705141417682, 5720410.25472323782742 ], [ 365040.754935268894769, 5720410.413289097137749 ], [ 365045.656546985846944, 5720411.083724270574749 ], [ 365048.842009739251807, 5720411.043246626853943 ], [ 365052.001265996368602, 5720410.280149849131703 ], [ 365055.129965935018845, 5720409.150646140798926 ], [ 365058.202101798378862, 5720407.978141442872584 ], [ 365059.258946096117143, 5720407.604978630319238 ], [ 365061.076754271169193, 5720406.933315115980804 ], [ 365063.906610624690074, 5720405.767277465201914 ], [ 365066.676936407224275, 5720404.447037478908896 ], [ 365069.337792190024629, 5720402.918287239968777 ], [ 365071.702867986285128, 5720401.208252511918545 ], [ 365073.909720984578598, 5720399.279879519715905 ], [ 365076.080480763339438, 5720397.296830329112709 ], [ 365078.337276769801974, 5720395.42276722099632 ], [ 365080.889659735257737, 5720393.462924787774682 ], [ 365077.338484236854129, 5720394.336609092541039 ], [ 365127.470763004675973, 5720376.652582077309489 ], [ 365252.68170523212757, 5720385.233539954759181 ], [ 365259.647630826220848, 5720393.705547056160867 ], [ 365260.213158953702077, 5720394.391545394435525 ], [ 365260.714608414506074, 5720395.012482817284763 ], [ 365262.08805574500002, 5720396.122079328633845 ], [ 365264.544615557126235, 5720398.104191499762237 ], [ 365268.330670376250055, 5720399.806075618602335 ], [ 365271.943649902124889, 5720406.453397330828011 ], [ 365278.231878936756402, 5720418.09269822947681 ], [ 365279.023248859448358, 5720419.195546576753259 ], [ 365280.052753188472707, 5720420.136260660365224 ], [ 365281.196382465073839, 5720420.940399497747421 ], [ 365282.379768248996697, 5720421.676711797714233 ], [ 365283.456653369707055, 5720422.315709040500224 ], [ 365284.566372787579894, 5720422.887064103968441 ], [ 365285.735134968359489, 5720423.334439074620605 ], [ 365286.940099882078357, 5720423.580546420998871 ], [ 365288.333558624901343, 5720423.62133021093905 ], [ 365289.728016490931623, 5720423.439528125338256 ], [ 365291.111405959411059, 5720423.102229448035359 ], [ 365292.442785554972943, 5720422.632780504412949 ], [ 365297.624529359512962, 5720420.558513534255326 ], [ 365325.290030903241131, 5720409.561830611899495 ], [ 365330.554572424502112, 5720407.474266026169062 ], [ 365353.328250339545775, 5720393.825992671772838 ], [ 365360.87645086622797, 5720389.307412087917328 ], [ 365456.486856704868842, 5720332.024867405183613 ], [ 365474.921423456049524, 5720310.180000547319651 ], [ 365536.534241073764861, 5720237.244962488301098 ], [ 365562.753712228615768, 5720206.191002045758069 ], [ 365563.004429396358319, 5720203.113023930229247 ], [ 365563.9155798421707, 5720191.259795471094549 ], [ 365564.877935616008472, 5720178.726401712745428 ], [ 365565.086574208631646, 5720176.150300073437393 ], [ 365565.380094580468722, 5720172.336740023456514 ], [ 365545.058426378411241, 5720146.414577453397214 ], [ 365544.248378654941916, 5720145.39008086360991 ], [ 365558.189490098156966, 5720127.771220920607448 ], [ 365559.94561204733327, 5720125.554598184302449 ], [ 365558.425147220492363, 5720117.349195543676615 ], [ 365557.964942011982203, 5720114.891021262854338 ], [ 365571.358313769684173, 5720112.109190285205841 ], [ 365597.200817616074346, 5720106.726515345275402 ], [ 365605.494935627444647, 5720097.926507631316781 ], [ 365629.085529666393995, 5720102.173859915696084 ], [ 365636.643845620914362, 5720095.663551385514438 ], [ 365652.779913874051999, 5720088.680624739266932 ], [ 365672.737430029199459, 5720082.119288344867527 ], [ 365675.726427092857193, 5720084.06520423386246 ], [ 365678.701281026937068, 5720086.000369396060705 ], [ 365699.534162043826655, 5720078.748220939189196 ], [ 365723.570509501732886, 5720055.943298487924039 ], [ 365725.628407634270843, 5720054.130460952408612 ], [ 365780.133354300400242, 5720006.26942178234458 ], [ 365865.367944776895456, 5719990.688562081195414 ], [ 365869.989797368994914, 5719990.988875814713538 ], [ 365953.866617180290632, 5719996.31036205496639 ], [ 365964.074637432640884, 5719996.963499350473285 ], [ 365972.168520536390133, 5719996.526494227349758 ], [ 365987.878610118292272, 5719995.665177079848945 ], [ 365989.568529979442246, 5719996.432746934704483 ], [ 365993.228818290925119, 5719998.093994077295065 ], [ 366011.734814876457676, 5720006.539512837305665 ], [ 366012.471141265588813, 5720006.876103245653212 ], [ 366018.585931125737261, 5720009.663043976761401 ], [ 366024.770826182677411, 5720012.481518869288266 ], [ 366030.263446768512949, 5720013.226288324221969 ], [ 366031.731532687321305, 5720013.465607124380767 ], [ 366033.193873529904522, 5720013.749590100720525 ], [ 366034.643546399311163, 5720014.078420583158731 ], [ 366036.086296204826795, 5720014.407434804365039 ], [ 366037.38278234063182, 5720014.706938984803855 ], [ 366038.672639924974646, 5720015.017746925354004 ], [ 366039.95645789115224, 5720015.362098830752075 ], [ 366041.214939981931821, 5720015.796145195141435 ], [ 366042.663283625035547, 5720016.336443286389112 ], [ 366044.098959079652559, 5720016.921588847413659 ], [ 366045.455093432567082, 5720017.642375873401761 ], [ 366046.663635903736576, 5720018.545117867179215 ], [ 366047.806777316553053, 5720019.594254647381604 ], [ 366050.306338726251852, 5720021.898311690427363 ], [ 366055.561456236406229, 5720015.505283627659082 ], [ 366074.439205766422674, 5720014.972093580290675 ], [ 366087.497540562064387, 5720004.488887065090239 ], [ 366102.420708185527474, 5720005.829823780804873 ], [ 366108.828201739757787, 5719999.261690597049892 ], [ 366116.699826652067713, 5720004.038654663600028 ], [ 366119.748343036568258, 5720005.883100630715489 ], [ 366129.530676295049489, 5719999.615156927146018 ], [ 366142.3991451478214, 5719998.707111621275544 ], [ 366143.623023438849486, 5719998.619087854400277 ], [ 366155.424095692753326, 5719991.930559792555869 ], [ 366157.884510887553915, 5720022.344759965315461 ], [ 366154.860852633486502, 5720040.029086558148265 ], [ 366153.084738233243115, 5720050.40276516508311 ], [ 366143.75333999627037, 5720061.666287397965789 ], [ 366163.179075787018519, 5720075.829995413310826 ], [ 366157.598109717655461, 5720076.979164899326861 ], [ 366154.565854411106557, 5720120.780890820547938 ], [ 366168.139414226752706, 5720246.033440351486206 ], [ 366171.563971014285926, 5720269.166754939593375 ], [ 366179.966003888752311, 5720341.142258428968489 ], [ 366194.264832007989753, 5720411.882372725754976 ], [ 366227.797506709757727, 5720528.895463023334742 ], [ 366280.072746504913084, 5720667.913767809048295 ], [ 366327.693999768234789, 5720790.285796532407403 ], [ 366356.560054604429752, 5720865.882509838789701 ], [ 366368.464567664079368, 5720896.470089741051197 ], [ 366383.697523409908172, 5720935.593866241164505 ], [ 366385.821621483250055, 5720939.176566048525274 ], [ 366386.414985529147089, 5720938.827052492648363 ], [ 366392.20219496457139, 5720949.190010792575777 ], [ 366428.095925345667638, 5720927.466092057526112 ], [ 366462.804974875471089, 5720906.508163142949343 ], [ 366483.213907089782879, 5720894.0513497274369 ], [ 366514.30388798401691, 5720875.57070679590106 ], [ 366542.002671006252058, 5720859.549990572966635 ], [ 366571.093357744277455, 5720843.24789790995419 ], [ 366620.14236863818951, 5720814.969005134887993 ], [ 366683.422439112793654, 5720776.567453837953508 ], [ 366697.68171690532472, 5720768.847211284562945 ], [ 366702.119926635466982, 5720769.831891696900129 ], [ 366767.129555917112157, 5720792.833842358551919 ], [ 366824.584617275977507, 5720807.266787026077509 ], [ 366850.428051931667142, 5720811.493708177469671 ], [ 366879.175849553314038, 5720816.067168328911066 ], [ 366907.280868542613462, 5720828.591853402554989 ], [ 366979.057074289768934, 5720858.751627338118851 ], [ 366998.378007715626154, 5720867.557470049709082 ], [ 367065.560265754815191, 5720902.702102727256715 ], [ 367091.349053232232109, 5720917.002340261824429 ], [ 367151.675902306451462, 5720948.834100125357509 ], [ 367241.89696974074468, 5720995.749947571195662 ], [ 367325.282459585519973, 5721039.586219431832433 ], [ 367454.715222070168238, 5721111.582925891503692 ], [ 367495.637138297432102, 5721001.191122327931225 ], [ 367498.926934466464445, 5720992.725702901370823 ], [ 367498.889925088500604, 5720992.370583431795239 ], [ 367506.04144563205773, 5720989.601566615514457 ], [ 367502.967328345868737, 5720955.542063091881573 ], [ 367626.84910400561057, 5721013.689842633903027 ], [ 367664.082971544936299, 5721033.223838852718472 ], [ 367648.108725140569732, 5721063.297401326708496 ], [ 367804.172558386926539, 5721129.175543450750411 ], [ 367928.819100649678148, 5721182.970586095936596 ], [ 367995.579645423335023, 5721211.149915064685047 ], [ 368001.30978155991761, 5721212.569347913376987 ], [ 368069.464073136332445, 5721229.429711549542844 ], [ 368207.439197653555311, 5721265.502160157077014 ], [ 368207.947127927094698, 5721263.997806808911264 ], [ 368211.560964811476879, 5721251.718762441538274 ], [ 368213.946069452213123, 5721246.504465809091926 ], [ 368269.893860167008825, 5721123.977117136120796 ], [ 368275.636544850887731, 5721111.520272434689105 ], [ 368285.884671973821241, 5721093.081778736785054 ], [ 368307.74993514601374, 5721107.701649090275168 ], [ 368460.262450938171241, 5721209.489892953075469 ], [ 368483.149623376782984, 5721224.562389716506004 ], [ 368484.165915198449511, 5721225.025576644577086 ], [ 368720.638057382253464, 5721353.225399454124272 ], [ 368870.462365041661542, 5721437.969695861451328 ], [ 368881.219703988987021, 5721400.657861274667084 ], [ 368892.112165953323711, 5721366.413790289312601 ], [ 368905.469917375128716, 5721317.728897405788302 ], [ 368906.318348075263202, 5721313.589666784740984 ], [ 368909.141018444322981, 5721307.329509517177939 ], [ 368920.707361586741172, 5721264.86696732416749 ], [ 368928.737334847042803, 5721235.860441472381353 ], [ 368945.079797009762842, 5721184.995204472914338 ], [ 368959.348280592239462, 5721133.193420642055571 ], [ 368977.483647203189321, 5721076.117147048003972 ], [ 368988.1147536522476, 5721035.737668288871646 ], [ 368994.372702081222087, 5721010.482703570276499 ], [ 368997.050682394008618, 5721001.833914465270936 ], [ 369040.053067933651619, 5721022.363397693261504 ], [ 369100.589287860086188, 5721041.994239771738648 ], [ 369137.329132347833365, 5721051.525608926080167 ], [ 369170.035356433945708, 5721066.580748180858791 ], [ 369211.879917412879877, 5721104.790014324709773 ], [ 369228.970184281817637, 5721125.835484582930803 ], [ 369250.428333301446401, 5721144.92088414542377 ], [ 369292.048221422941424, 5721168.85983417276293 ], [ 369339.295373812550679, 5721190.806521874852479 ], [ 369390.426575249584857, 5721199.044239886105061 ], [ 369438.707024774746969, 5721211.684710896573961 ], [ 369474.19691146700643, 5721225.189894814044237 ], [ 369556.376224681909662, 5721242.854201035574079 ], [ 369583.338482654769905, 5721248.512608229182661 ], [ 369611.232608928577974, 5721254.859293921850622 ], [ 369620.992840595194139, 5721171.395486996509135 ], [ 369625.671827865880914, 5721133.407656366936862 ], [ 369645.870527997554746, 5721087.30833706445992 ], [ 369700.409655450901482, 5721087.215821044519544 ], [ 369820.843812998849899, 5721081.554759487509727 ], [ 369859.686640425701626, 5721081.378435560502112 ], [ 369899.446059890266042, 5721090.448090529069304 ], [ 369918.27242708299309, 5721097.519394028000534 ], [ 369935.14711316593457, 5721107.879083287902176 ], [ 369986.183018616924528, 5721162.805369729176164 ], [ 370001.335612780298106, 5721180.008480127900839 ], [ 370014.491394283308182, 5721252.900748696178198 ], [ 370021.626818632357754, 5721300.39891900587827 ], [ 369980.234375190571882, 5721347.063819689676166 ], [ 369977.284302919171751, 5721355.151522219181061 ], [ 369979.037598784256261, 5721365.699879003688693 ], [ 369979.365701226168312, 5721375.227764442563057 ], [ 369993.145484155684244, 5721405.051405345089734 ], [ 370055.775977849378251, 5721337.555227204225957 ], [ 370109.960171734273899, 5721278.466730697080493 ], [ 370112.232008936058264, 5721279.554512108676136 ], [ 370130.534391193941701, 5721264.106740077957511 ], [ 370155.249394930899143, 5721289.899970508180559 ], [ 370154.18142313847784, 5721290.383623566478491 ], [ 370158.364927102054935, 5721295.79546245187521 ], [ 370159.767792807193473, 5721310.781627424992621 ], [ 370134.073945632262621, 5721344.757325944490731 ], [ 370131.98463723884197, 5721342.685623762197793 ], [ 370101.155242755659856, 5721381.622764983214438 ], [ 370093.003476617392153, 5721391.846985578536987 ], [ 370113.294705684122164, 5721406.392423520796001 ], [ 370122.707300791575108, 5721409.934014475904405 ], [ 370156.450001926859841, 5721415.677189786918461 ], [ 370170.878870431217365, 5721393.685868427157402 ], [ 370198.831419662281405, 5721388.617368370294571 ], [ 370207.430873849953059, 5721407.157662779092789 ], [ 370212.962101855082437, 5721417.865040350705385 ], [ 370229.562859418161679, 5721449.998150683939457 ], [ 370230.671939506661147, 5721515.878123301081359 ], [ 370292.890254499332514, 5721502.987215301021934 ], [ 370326.002207860525232, 5721494.971780302003026 ], [ 370349.61955002846662, 5721497.214791171252728 ], [ 370419.578540601301938, 5721512.880514428950846 ], [ 370476.062600569683127, 5721529.437600694596767 ], [ 370484.581142520415597, 5721537.297970904037356 ], [ 370549.864856971427798, 5721590.573815229348838 ], [ 370573.084567842364777, 5721609.229982232674956 ], [ 370639.870571576233488, 5721655.524894789792597 ], [ 370683.93026987684425, 5721678.099389601498842 ], [ 370773.067748830653727, 5721748.226950290612876 ], [ 370832.899513546726666, 5721794.601877412758768 ], [ 370836.678485363605432, 5721808.347934722900391 ], [ 370845.507540784892626, 5721815.121573605574667 ], [ 370844.439109524537344, 5721823.717037859372795 ], [ 370847.380440429958981, 5721826.089947143569589 ], [ 370853.507689977413975, 5721849.356798578985035 ], [ 370854.570118511852343, 5721857.87557405885309 ], [ 370863.151282738195732, 5721867.148130387999117 ], [ 370861.76136768469587, 5721885.38821168243885 ], [ 370865.288524107192643, 5721893.076234999112785 ], [ 370866.207727833185345, 5721915.508037284016609 ], [ 370865.269256006809883, 5721927.293769223615527 ], [ 370874.368787440238521, 5721931.924062242731452 ], [ 370879.969326302118134, 5721938.101436237804592 ], [ 370881.004943556326907, 5721950.181698393076658 ], [ 370891.773558640736155, 5721960.789365332573652 ], [ 370893.02325135585852, 5721973.932401214726269 ], [ 370906.304803380451631, 5721984.78749134670943 ], [ 370912.165966172527988, 5721997.378804503940046 ], [ 370916.468590187083464, 5721995.577563181519508 ], [ 370927.422752748825587, 5722012.645633516833186 ], [ 370943.385411941504572, 5722042.004140892997384 ], [ 370943.654225713515189, 5722042.498015478253365 ], [ 370957.091353970288765, 5722052.948667023330927 ], [ 370958.773286596813705, 5722054.819662331603467 ], [ 370971.531534836976789, 5722063.362623501569033 ], [ 370976.454874348768499, 5722073.674549023620784 ], [ 370979.1750742001459, 5722079.057592405006289 ], [ 370985.455693984986283, 5722091.81631495244801 ], [ 371001.005236999946646, 5722123.18847425095737 ], [ 371013.969022609526291, 5722122.156652178615332 ], [ 371022.207174845912959, 5722121.81293080933392 ], [ 371034.174789282842539, 5722120.817704282701015 ], [ 371042.413227382232435, 5722120.485136135481298 ], [ 371045.166198841470759, 5722120.370399804785848 ], [ 371047.34300814429298, 5722130.785831567831337 ], [ 371050.142780933296308, 5722144.178665758110583 ], [ 371072.900253263651393, 5722162.258996343240142 ], [ 371083.69458320440026, 5722163.319007799960673 ], [ 371100.88080965197878, 5722179.616483232937753 ], [ 371100.900489170220681, 5722180.116717906668782 ], [ 371101.471707640099339, 5722194.100519114173949 ], [ 371101.178966558654793, 5722211.133024296723306 ], [ 371118.041553827584721, 5722213.930046391673386 ], [ 371119.817993736069184, 5722214.352109665051103 ], [ 371132.159487192577217, 5722216.351992594078183 ], [ 371141.597872831742279, 5722226.971807113848627 ], [ 371153.821556441835128, 5722238.47760664485395 ], [ 371207.225969905150123, 5722277.809843726456165 ], [ 371224.718782986863516, 5722289.593274477869272 ], [ 371227.084816655842587, 5722292.504034441895783 ], [ 371226.855377517640591, 5722293.010615344159305 ], [ 371227.890854679164477, 5722293.974581802263856 ], [ 371231.620659601700027, 5722299.320900551043451 ], [ 371233.737578980973922, 5722302.238009179010987 ], [ 371265.079488934366964, 5722334.454914985224605 ], [ 371274.268561274278909, 5722345.092435300350189 ], [ 371278.758052263525315, 5722350.909048299305141 ], [ 371296.645140701089986, 5722378.194355255924165 ], [ 371304.37906400981592, 5722389.881574637256563 ], [ 371305.414224060194101, 5722390.8344363020733 ], [ 371306.790963172621559, 5722393.781544980593026 ], [ 371314.70869143679738, 5722409.970721097663045 ], [ 371316.622656103747431, 5722413.894499512389302 ], [ 371318.260939612518996, 5722417.32456089835614 ], [ 371319.906423573149368, 5722420.76556690223515 ], [ 371321.066444518044591, 5722424.719667549245059 ], [ 371325.825277240073774, 5722443.025600884109735 ], [ 371325.844935221946798, 5722443.525836248882115 ], [ 371330.341715569433291, 5722467.858400764875114 ], [ 371336.856467143981718, 5722474.090859083458781 ], [ 371340.244754274201114, 5722477.454126874916255 ], [ 371342.866372217540629, 5722480.347302544862032 ], [ 371359.269178496324457, 5722465.664423693902791 ], [ 371369.96354724833509, 5722433.712393096648157 ], [ 371371.090840624412522, 5722430.668165568262339 ], [ 371371.320286760223098, 5722430.161591242998838 ], [ 371410.622828986961395, 5722443.048672014847398 ], [ 371457.513981349708047, 5722458.124338492751122 ], [ 371537.894807383418083, 5722484.344578641466796 ], [ 371540.430838047410361, 5722485.237087255343795 ], [ 371543.47198055050103, 5722486.116760426200926 ], [ 371544.903447603806853, 5722486.59224443230778 ], [ 371551.578256983775645, 5722488.781638294458389 ], [ 371554.121484710951336, 5722489.685098133981228 ], [ 371604.099031593010295, 5722506.64208849798888 ], [ 371664.666452775127254, 5722519.658620185218751 ], [ 371691.915439828531817, 5722525.543158911168575 ], [ 371731.308770073927008, 5722534.435617023147643 ], [ 371734.873095709364861, 5722566.303137421607971 ], [ 371734.453382029780187, 5722568.316725121811032 ], [ 371717.720754267473239, 5722642.048872148618102 ], [ 371714.194552515342366, 5722659.697455115616322 ], [ 371705.949799105757847, 5722702.569297604262829 ], [ 371682.441125192330219, 5722836.60628726426512 ], [ 371668.286478285794146, 5722851.197671541012824 ], [ 371675.855238447431475, 5722858.894846542738378 ], [ 371677.408016152097844, 5722860.335370480082929 ], [ 371688.325259899895173, 5722876.393270806409419 ], [ 371701.483166210760828, 5722904.35630576312542 ], [ 371704.478090567397885, 5722910.244584552943707 ], [ 371705.605396359111182, 5722913.198120901361108 ], [ 371735.944368982687593, 5722981.996780572459102 ], [ 371739.358599791536108, 5722985.860369755886495 ], [ 371740.413178383372724, 5722987.313554738648236 ], [ 371746.42210043099476, 5722987.572775176726282 ], [ 371784.769626223540399, 5722995.501703386195004 ], [ 371809.742824337910861, 5723000.47642117459327 ], [ 371880.179628523706924, 5723010.084762007929385 ], [ 371907.347307491581887, 5723013.96947244182229 ], [ 371943.846778475912288, 5723019.47614221367985 ], [ 371948.77565533912275, 5723026.84000501409173 ], [ 371950.706854389747605, 5723028.193127674981952 ], [ 371972.023812830098905, 5723029.322169353254139 ], [ 371985.251948534452822, 5723030.344620711170137 ], [ 372001.629288129450288, 5723031.610039521940053 ], [ 372002.880990763951559, 5723031.556082583032548 ], [ 372043.148428262211382, 5723031.404324773699045 ], [ 372047.394756718131248, 5723031.230048882775009 ], [ 372059.908557851566002, 5722976.68938553892076 ], [ 372060.977356994524598, 5722972.144601929932833 ], [ 372404.206263015745208, 5722967.03928152564913 ], [ 372404.972148383152671, 5722973.518331930972636 ], [ 372425.408441916166339, 5723117.747301016934216 ], [ 372428.583473011385649, 5723140.133322204463184 ], [ 372434.984922067669686, 5723186.39514097943902 ], [ 372465.127370296861045, 5723311.229026732966304 ], [ 372466.628059122769628, 5723311.168897967785597 ], [ 372467.126169766415842, 5723311.156326872296631 ], [ 372467.374944440554827, 5723311.138921051286161 ], [ 372481.672550952469464, 5723312.057754125446081 ], [ 372530.27744384505786, 5723320.067178462632 ], [ 372558.740176859428175, 5723324.890712916851044 ], [ 372585.021089401911013, 5723331.316121772862971 ], [ 372645.227936190727632, 5723347.846982689574361 ], [ 372647.501941727183294, 5723348.257021548226476 ], [ 372665.231907224457245, 5723353.529682253487408 ], [ 372665.978786246560048, 5723353.499734601005912 ], [ 372800.3018206084962, 5723390.008319570682943 ], [ 372801.324177992646582, 5723390.472187932580709 ], [ 372810.928957029245794, 5723393.079025925137103 ], [ 372814.722823577234522, 5723393.918232217431068 ], [ 372815.738260672253091, 5723394.382277589291334 ], [ 372900.480718618549872, 5723417.409000317566097 ], [ 372902.249930092249997, 5723417.842975861392915 ], [ 372914.741517948627006, 5723405.322110213339329 ], [ 372915.954121931805275, 5723404.267898699268699 ], [ 373254.791322672099341, 5723523.421296956017613 ], [ 373255.223804548499174, 5723521.897134830243886 ], [ 373261.729130629741121, 5723503.618706129491329 ], [ 373262.168813499971293, 5723502.10549149569124 ], [ 373263.813948714057915, 5723499.527202685363591 ], [ 373280.598525505862199, 5723506.350126181729138 ], [ 373334.81010772602167, 5723529.1260089520365 ], [ 373347.775462950114161, 5723534.097610469907522 ], [ 373395.606202370021492, 5723553.640237240120769 ], [ 373397.892579970532097, 5723554.551025632768869 ], [ 373395.498537631414365, 5723563.156773992814124 ], [ 373393.766607802419458, 5723569.731892954558134 ], [ 373393.575935042987112, 5723571.238855686970055 ], [ 373405.309008215845097, 5723576.764457870274782 ], [ 373407.333795065176673, 5723577.181075640954077 ], [ 373452.602407224359922, 5723595.330733121372759 ], [ 373452.182128661021125, 5723597.344171669334173 ], [ 373447.692327055265196, 5723622.04793921019882 ], [ 373446.510892707272433, 5723629.599580303765833 ], [ 373444.626866145408712, 5723638.671004259958863 ], [ 373443.650721123616677, 5723639.21843646466732 ], [ 373444.423927018709946, 5723639.688671023584902 ], [ 373447.751673434569966, 5723641.55259917024523 ], [ 373456.66711635934189, 5723645.691208406351507 ], [ 373494.204013125738129, 5723664.157251846045256 ], [ 373498.278557050682139, 5723665.991386978887022 ], [ 373499.300512198649812, 5723666.444274512119591 ], [ 373502.130424566217698, 5723668.331828156486154 ], [ 373676.5237714779214, 5723754.711722505278885 ], [ 373678.024328111729119, 5723754.651951543055475 ], [ 373680.520736833161209, 5723754.5561563372612 ], [ 373683.016867585189175, 5723754.449242039583623 ], [ 373685.26424387190491, 5723754.359675129875541 ], [ 373688.507194322475698, 5723754.222965779714286 ], [ 373689.260931493481621, 5723754.192995557561517 ], [ 373693.441452740051318, 5723752.51954154483974 ], [ 373695.853237265720963, 5723750.422960082069039 ], [ 373731.088616506545804, 5723718.964530833996832 ], [ 373753.796831684361678, 5723668.992017648182809 ], [ 373760.695605235116091, 5723654.209549646824598 ], [ 373761.377261422225274, 5723652.679210722446442 ], [ 373751.153610263892915, 5723592.569228664971888 ], [ 373750.826885632472113, 5723590.574484216980636 ], [ 373754.197974696871825, 5723581.432661687023938 ], [ 373755.326378465804737, 5723578.388979624956846 ], [ 373757.575994755432475, 5723572.290668873116374 ], [ 373758.771745015925262, 5723564.738762865774333 ], [ 373759.414574228168931, 5723562.2079405952245 ], [ 373760.044901949935593, 5723559.17670386377722 ], [ 373760.661672688380349, 5723556.156933223828673 ], [ 373761.265664388774894, 5723552.625627801753581 ], [ 373761.8959947815747, 5723549.594391377642751 ], [ 373762.500266242423095, 5723546.07420648355037 ], [ 373764.145911771804094, 5723543.507204443216324 ], [ 373766.269947815744672, 5723540.416397546418011 ], [ 373768.171280432143249, 5723537.831882081925869 ], [ 373770.039638120506424, 5723534.758591596968472 ], [ 373772.393028578429949, 5723531.150203895755112 ], [ 373790.214990898093674, 5723514.414713541045785 ], [ 373791.814910024637356, 5723510.847410263493657 ], [ 373793.631683171784971, 5723506.262110589072108 ], [ 373795.442097432154696, 5723501.699225078336895 ], [ 373797.259155382402241, 5723497.125047191046178 ], [ 373798.846587547217496, 5723493.057331839576364 ], [ 373802.473524602944963, 5723483.89803200121969 ], [ 373809.363298685231712, 5723475.113468270748854 ], [ 373813.381858089123853, 5723469.438356858678162 ], [ 373817.171071876189671, 5723464.280830052681267 ], [ 373820.271671841503121, 5723460.653808777220547 ], [ 373823.589136758004315, 5723456.00879401806742 ], [ 373826.899967644829303, 5723451.375074625015259 ], [ 373828.565091919444967, 5723449.308336696587503 ], [ 373830.505318244802766, 5723447.724329658783972 ], [ 373862.851675070996862, 5723419.376829610206187 ], [ 373870.82184082333697, 5723412.546040400862694 ], [ 373875.181040059193037, 5723408.86538621969521 ], [ 373880.234465327113867, 5723404.154829208739102 ], [ 373881.696310958883259, 5723403.094636591151357 ], [ 373899.105538308154792, 5723388.372772394679487 ], [ 373899.596443546877708, 5723388.349394714459777 ], [ 373921.358399969467428, 5723369.958273897878826 ], [ 373923.521415875060484, 5723367.868020410649478 ], [ 373924.248889338283334, 5723367.338016788475215 ], [ 374015.122497966047376, 5723411.616806557402015 ], [ 374019.885721512546297, 5723411.920886911451817 ], [ 374020.755872880865354, 5723414.892420354299247 ], [ 374024.537308984959964, 5723427.739125322550535 ], [ 374032.989938230544794, 5723456.915441673249006 ], [ 374039.113001392106526, 5723478.171610416844487 ], [ 374040.859903428645339, 5723484.10339115280658 ], [ 374048.51953166432213, 5723512.298045083880424 ], [ 374050.83210695325397, 5723513.709197174757719 ], [ 374052.371517122897785, 5723514.65002329275012 ], [ 374067.829564677434973, 5723525.514383350498974 ], [ 374121.148543494171463, 5723429.270539539866149 ], [ 374125.646195760753471, 5723423.083032131195068 ], [ 374129.539589615014847, 5723420.426785366609693 ], [ 374139.945622061321046, 5723417.997777597978711 ], [ 374144.382529126422014, 5723416.31832854449749 ], [ 374152.026489445881452, 5723407.493221681565046 ], [ 374152.65707571618259, 5723404.462038527242839 ], [ 374152.594936751760542, 5723396.963835242204368 ], [ 374160.048309042293113, 5723389.656791809014976 ], [ 374194.109887390222866, 5723396.753501253202558 ], [ 374266.460366154904477, 5723489.044494829140604 ], [ 374336.27342124003917, 5723514.480475245974958 ], [ 374358.675059943809174, 5723463.038678685203195 ], [ 374380.813258755079005, 5723466.137996129691601 ], [ 374398.215423864196055, 5723530.454622577875853 ], [ 374433.706111097359098, 5723584.529812475666404 ], [ 374433.191672711400315, 5723602.546415314078331 ], [ 374455.479107957333326, 5723645.666878897696733 ], [ 374456.597730173205491, 5723648.621175657957792 ], [ 374457.370834260305855, 5723649.091563700698316 ], [ 374536.096021639590617, 5723714.388921039178967 ], [ 374548.186243775300682, 5723746.913952651433647 ], [ 374610.32833978155395, 5723737.348685912787914 ], [ 374641.027251468913164, 5723766.107363165356219 ], [ 374666.394252693105955, 5723756.565166997723281 ], [ 374703.18287503067404, 5723732.530434174463153 ], [ 374726.542690393456724, 5723716.562307073734701 ], [ 374747.044389385962859, 5723771.255978625267744 ], [ 374750.261352876434103, 5723794.64345595613122 ], [ 374744.248691282991786, 5723824.891539519652724 ], [ 374801.117541781626642, 5723802.551797762513161 ], [ 374861.32115972333122, 5723758.053813533857465 ], [ 374956.625365055806469, 5723721.622904760763049 ], [ 375055.835606557375286, 5723695.022677484899759 ], [ 375113.335423360695131, 5723663.657972577959299 ], [ 375181.315452639537398, 5723735.395062542520463 ] ] ] ] } },
{ "type": "Feature", "properties": { "full_id": "r63504", "osm_id": "63504", "osm_type": "relation", "boundary": "administrative", "note:de": null, "name:es": null, "name:de": null, "ref:nuts:2": null, "ref:nuts": null, "population": null, "name:sr": null, "name:ru": null, "name:la": null, "name:ksh": null, "name:ja": null, "name:ar": null, "de:place": null, "ref:nuts:3": null, "license_plate_code": null, "admin_centre:postal_code": null, "wikipedia": "de:Gladbeck", "wikidata": "Q3905", "website": "https://www.gladbeck.de", "opendata_portal": "no", "name:prefix": "Stadt", "de:regionalschluessel": "055620014014", "de:amtlicher_gemeindeschluessel": "05562014", "admin_title:de": "Stadt", "admin_title": "town", "TMC:cid_58:tabcd_1:LocationCode": "1342", "TMC:cid_58:tabcd_1:LCLversion": "9.00", "TMC:cid_58:tabcd_1:Class": "Area", "type": "boundary", "name": "Gladbeck", "admin_level": "8" }, "geometry": { "type": "MultiPolygon", "coordinates": [ [ [ [ 362860.87256255367538, 5712082.662779714912176 ], [ 362860.859701414243318, 5712072.692394441924989 ], [ 362860.802338442474138, 5712035.670923824422061 ], [ 362813.707552014268003, 5712033.606151676736772 ], [ 362814.379920924431644, 5712017.674848081544042 ], [ 362807.556020793737844, 5712013.975738814100623 ], [ 362775.843826272874139, 5712013.932277987711132 ], [ 362742.200256733223796, 5712016.623145760968328 ], [ 362717.271189269784372, 5712023.640854164026678 ], [ 362701.731304387620185, 5712028.635143153369427 ], [ 362701.301869901712053, 5712024.56276863720268 ], [ 362692.416056096320972, 5712014.676784500479698 ], [ 362678.510160826379433, 5712002.367276947014034 ], [ 362675.530755679646973, 5712000.734223740175366 ], [ 362662.229854802950285, 5711997.188422387465835 ], [ 362652.650739932316355, 5711990.147805751301348 ], [ 362649.218065739667509, 5711993.045037976466119 ], [ 362605.352382268989459, 5711978.286623714491725 ], [ 362605.482102308189496, 5711974.366028017364442 ], [ 362588.612549308454618, 5711968.702601455152035 ], [ 362588.939975060638972, 5711967.469642447307706 ], [ 362606.920340980519541, 5711899.123556918464601 ], [ 362530.608450593077578, 5711909.53736315947026 ], [ 362488.037827356194612, 5711774.939892280846834 ], [ 362187.985864317510277, 5711689.284604297019541 ], [ 362255.064392464235425, 5711453.472046320326626 ], [ 362227.076848805707414, 5711416.952964650467038 ], [ 362219.194431885553058, 5711402.689393557608128 ], [ 362200.743816561647691, 5711372.376846275292337 ], [ 362170.306787839974277, 5711306.780084052123129 ], [ 362149.050939900334924, 5711257.281171599403024 ], [ 362123.676068607019261, 5711219.923758742399514 ], [ 362106.364227707847022, 5711233.848166225478053 ], [ 362074.385549831320532, 5711196.114078942686319 ], [ 362059.618645467911847, 5711206.642152877524495 ], [ 362020.043229720380623, 5711162.649513359181583 ], [ 361960.771886501810513, 5711169.714682591147721 ], [ 361952.36470850254409, 5710995.921929464675486 ], [ 361948.592474405071698, 5710989.15852362010628 ], [ 361945.871564328786917, 5710984.302805162966251 ], [ 361944.407663189282175, 5710939.941453481093049 ], [ 361853.644483315467369, 5710947.508673002943397 ], [ 361838.640703236334957, 5710946.292520720511675 ], [ 361836.621272454562131, 5710946.047053929418325 ], [ 361829.014451747003477, 5710946.810614556074142 ], [ 361822.825595141272061, 5710948.670637756586075 ], [ 361794.346686879987828, 5710962.354964080266654 ], [ 361759.553279683867004, 5710979.39415346737951 ], [ 361765.92943401588127, 5711029.497337026521564 ], [ 361757.942754081683233, 5711032.107502527534962 ], [ 361754.568624123523477, 5711034.614248260855675 ], [ 361737.953317315841559, 5711039.707457819953561 ], [ 361729.144320431631058, 5711039.647070346400142 ], [ 361720.931008137064055, 5711029.866724445484579 ], [ 361717.137711216462776, 5711027.688845264725387 ], [ 361704.684034125122707, 5711029.630752893164754 ], [ 361694.330901725566946, 5711034.030388829298317 ], [ 361672.793788412353024, 5711045.701184595003724 ], [ 361661.082534872111864, 5711045.597637097351253 ], [ 361652.181387169635855, 5711048.266292130574584 ], [ 361642.930533595441375, 5711057.198519071564078 ], [ 361641.23639375588391, 5711066.080469983629882 ], [ 361633.789411951438524, 5711073.461221903562546 ], [ 361628.795787237235345, 5711083.256649535149336 ], [ 361631.81022826989647, 5711106.499035985209048 ], [ 361624.215498973266222, 5711111.51353922393173 ], [ 361617.763597111799754, 5711112.880232771858573 ], [ 361609.114364367444068, 5711117.400499874725938 ], [ 361599.884277334494982, 5711115.638093430548906 ], [ 361597.405790880788118, 5711106.95897881872952 ], [ 361586.8558300115983, 5711106.679262073710561 ], [ 361578.279828170081601, 5711105.488840848207474 ], [ 361545.619542909844313, 5711084.157125804573298 ], [ 361534.348022474790923, 5711085.922532565891743 ], [ 361518.200463933346327, 5711091.103865726850927 ], [ 361513.946742949658073, 5711095.960573547519743 ], [ 361499.502642391482368, 5711098.202147455886006 ], [ 361488.395900782314129, 5711098.883727999404073 ], [ 361478.462211311154533, 5711104.908207518979907 ], [ 361469.476131791714579, 5711116.660094026476145 ], [ 361459.573150145122781, 5711126.856837330386043 ], [ 361439.378632201463915, 5711125.650095283985138 ], [ 361428.643919056281447, 5711122.671608976088464 ], [ 361425.304474547447171, 5711118.055607267655432 ], [ 361420.975565090076998, 5711103.640460476279259 ], [ 361409.686377601930872, 5711113.140709488652647 ], [ 361400.334986422327347, 5711106.941835059784353 ], [ 361373.098838333098684, 5711094.666016754694283 ], [ 361349.614899139734916, 5711092.714894785545766 ], [ 361327.496235875063576, 5711097.548136436380446 ], [ 361320.998702706943732, 5711107.908026296645403 ], [ 361310.142531320161652, 5711107.091972895897925 ], [ 361296.922454903949983, 5711105.361290378496051 ], [ 361280.621186227712315, 5711089.682249770499766 ], [ 361259.118698045262136, 5711085.83008670154959 ], [ 361235.038297855178826, 5711079.077296580187976 ], [ 361226.99535616429057, 5711082.157235218212008 ], [ 361212.178140404168516, 5711082.429017808288336 ], [ 361207.884443665388972, 5711074.144694906659424 ], [ 361207.230398108193185, 5711071.547462869435549 ], [ 361180.60693305102177, 5711093.86456772685051 ], [ 361167.81754852773156, 5711120.810919693671167 ], [ 361164.946545172831975, 5711148.031156015582383 ], [ 361166.593866402981803, 5711172.468107271939516 ], [ 361175.582338857639115, 5711196.592885919846594 ], [ 361188.783131297910586, 5711212.590117873623967 ], [ 361179.636097789974883, 5711230.856956334784627 ], [ 361162.695661639852915, 5711238.23115214612335 ], [ 361180.601949489326216, 5711271.225880830548704 ], [ 361184.298176532669459, 5711297.498565155081451 ], [ 361176.032397729402874, 5711337.563703502528369 ], [ 361171.976952281664126, 5711349.392678537406027 ], [ 361151.629536585067399, 5711408.750975590199232 ], [ 361148.846546111511998, 5711416.861712099052966 ], [ 361129.943110031890683, 5711489.144962789490819 ], [ 361116.745766233070754, 5711602.780306775122881 ], [ 361106.506435644463636, 5711644.223919104784727 ], [ 361086.934416214295197, 5711682.15067602135241 ], [ 361068.186740283854306, 5711709.371856792829931 ], [ 361047.153739340719767, 5711729.411251053214073 ], [ 360997.017780506866984, 5711765.950133010745049 ], [ 360870.274075036635622, 5711855.212666855193675 ], [ 360689.414102188777179, 5711979.79459535703063 ], [ 360356.573087531782221, 5712208.586851003579795 ], [ 360172.596992047678214, 5712339.305739051662385 ], [ 360158.458106737816706, 5712344.925908251665533 ], [ 360148.79683042812394, 5712348.608721344731748 ], [ 359906.80640449677594, 5712442.767772263847291 ], [ 359690.502780408249237, 5712525.856340060941875 ], [ 359646.102235144760925, 5712540.873101164586842 ], [ 359578.579959817463532, 5712557.5431610904634 ], [ 359143.693557548278477, 5712653.50154672935605 ], [ 359051.048622801026795, 5712669.87512506917119 ], [ 359038.694641418522224, 5712671.743129733018577 ], [ 358966.835989384097047, 5712682.566069320775568 ], [ 358891.021389251109213, 5712690.350772745907307 ], [ 358789.384880487574264, 5712694.994067124091089 ], [ 358612.409105242229998, 5712707.782290602102876 ], [ 358564.277644704445265, 5712713.019539493136108 ], [ 358522.44205019203946, 5712725.315101887099445 ], [ 358494.0724213248468, 5712743.022025872021914 ], [ 358464.188757161726244, 5712773.346576848998666 ], [ 358447.062305875238962, 5712808.545562230050564 ], [ 358404.497929293080233, 5712931.357390660792589 ], [ 358388.603156092925929, 5712963.172549786046147 ], [ 358368.413638322497718, 5712987.77404903806746 ], [ 358340.832196462550201, 5713008.787336084060371 ], [ 358268.474515856476501, 5713053.431701695546508 ], [ 358065.5668957712478, 5713189.523205935023725 ], [ 357988.262471221736632, 5713240.430998229421675 ], [ 357955.864775583439041, 5713257.575150698423386 ], [ 357903.699828482232988, 5713277.621641932055354 ], [ 357850.119770757853985, 5713293.702082402072847 ], [ 357741.04873255151324, 5713329.924615929834545 ], [ 357704.886165419360623, 5713351.304786111228168 ], [ 357687.347213678644039, 5713376.491422262974083 ], [ 357624.292425030376762, 5713484.973914016038179 ], [ 357606.664104752824642, 5713506.947220333851874 ], [ 357586.189474645187147, 5713523.658829142339528 ], [ 357551.913327611167915, 5713542.972917483188212 ], [ 357495.765907922293991, 5713573.463071671314538 ], [ 357331.821130796684884, 5713663.887198657728732 ], [ 357299.46614275930915, 5713682.38113874103874 ], [ 357271.482799859542865, 5713693.518594146706164 ], [ 357226.399118738248944, 5713708.587694495916367 ], [ 357197.117529345443472, 5713720.418729835189879 ], [ 357181.712242686422542, 5713732.315239718183875 ], [ 357126.210420496528968, 5713733.879273064434528 ], [ 357125.509345882630441, 5713734.110477430745959 ], [ 357126.894304538960569, 5713783.493765366263688 ], [ 357115.433443016721867, 5713795.279318898916245 ], [ 357101.087857629172504, 5713800.457904053851962 ], [ 357087.265470405051019, 5713802.294313170947134 ], [ 357029.126918464899063, 5713804.056199349462986 ], [ 357005.424444908509031, 5713807.061804620549083 ], [ 356976.541201719664969, 5713813.552296525798738 ], [ 356973.419621036620811, 5713823.144253810867667 ], [ 356955.717170004034415, 5713822.931547406129539 ], [ 356924.863480374915525, 5713845.380815085023642 ], [ 356899.400986913009547, 5713869.581083441153169 ], [ 356875.286146675527561, 5713895.06775117944926 ], [ 356859.429753756616265, 5713923.125750165432692 ], [ 356844.568433688138612, 5713952.023741350509226 ], [ 356829.543650160776451, 5713989.617903053760529 ], [ 356803.790354548254982, 5714040.313196387141943 ], [ 356790.335020969738252, 5714067.391070993617177 ], [ 356775.782603977480903, 5714114.309057747945189 ], [ 356764.09879656881094, 5714137.786908996291459 ], [ 356745.427591221116018, 5714166.581481507979333 ], [ 356732.114866357296705, 5714196.226244186982512 ], [ 356710.687821722123772, 5714255.35779963247478 ], [ 356679.022104697476607, 5714322.791668522171676 ], [ 356657.255442495807074, 5714362.023863340727985 ], [ 356636.999717574683018, 5714394.091054181568325 ], [ 356620.4317312897183, 5714425.820303947664797 ], [ 356609.886315981624648, 5714460.061234386637807 ], [ 356601.126849198946729, 5714479.216766361147165 ], [ 356587.811031387769617, 5714493.738162249326706 ], [ 356557.629992155299988, 5714507.156652679666877 ], [ 356550.142958405194804, 5714510.484616753645241 ], [ 356547.396041070926003, 5714492.099824275821447 ], [ 356525.310416152933612, 5714502.852174455299973 ], [ 356504.517555367841851, 5714506.100645850412548 ], [ 356474.827395884203725, 5714507.94299453496933 ], [ 356437.651247687987052, 5714505.557212929241359 ], [ 356385.142902584164403, 5714500.367707758210599 ], [ 356359.796232601860538, 5714494.186238569207489 ], [ 356337.97101847990416, 5714495.027461498975754 ], [ 356313.159789469093084, 5714488.163318246603012 ], [ 356295.55290992022492, 5714493.447909627109766 ], [ 356271.084893065970391, 5714493.796794560737908 ], [ 356249.461455317330547, 5714499.306751331314445 ], [ 356190.927736291079782, 5714526.229689775034785 ], [ 356177.099026315729134, 5714527.523555621504784 ], [ 356162.966216297703795, 5714520.791125954128802 ], [ 356136.617507382819895, 5714508.640800688415766 ], [ 356108.930347435874864, 5714510.428436392918229 ], [ 356090.534348168061115, 5714497.930131101049483 ], [ 356064.258702490362339, 5714503.016557314433157 ], [ 356024.091297656297684, 5714524.512070005759597 ], [ 355983.556306654820219, 5714528.423764682374895 ], [ 355975.873872277035844, 5714704.487952630966902 ], [ 356054.116737698961515, 5714837.012028942815959 ], [ 356144.537392273545265, 5714814.746352109126747 ], [ 356145.248634531686548, 5714824.408188642933965 ], [ 356150.651013429742306, 5714897.927268042229116 ], [ 356145.680736013804562, 5714906.081082307733595 ], [ 355954.25609015696682, 5715080.765779729001224 ], [ 355908.405839770333841, 5715221.724742500111461 ], [ 355989.662089339573868, 5715265.254032647237182 ], [ 356012.351724071893841, 5715253.702951170504093 ], [ 356137.971799259190448, 5715347.834067714400589 ], [ 356166.947791323531419, 5715328.092459466308355 ], [ 356183.394797755754553, 5715308.929231114685535 ], [ 356196.395710239477921, 5715278.301077650859952 ], [ 356210.816625350795221, 5715251.516607570461929 ], [ 356246.379316157195717, 5715221.906545571982861 ], [ 356295.408624411153141, 5715207.383765294216573 ], [ 356318.03040902200155, 5715193.165118254721165 ], [ 356368.420745829003863, 5715155.690370261669159 ], [ 356419.278436720313039, 5715186.0771410362795 ], [ 356521.688411117182113, 5715205.322271045297384 ], [ 356620.392387607833371, 5715441.873727384954691 ], [ 356647.454257050878368, 5715551.004144478589296 ], [ 356660.856487425393425, 5715605.077808146364987 ], [ 356714.343009324860759, 5715811.983552038669586 ], [ 356753.162512091279496, 5715966.009007334709167 ], [ 356761.32994715240784, 5716004.71746714040637 ], [ 356764.350881110643968, 5716045.585765766911209 ], [ 356764.648961999861058, 5716085.306902833282948 ], [ 356758.540329809766263, 5716129.204432490281761 ], [ 356748.976555620727595, 5716171.307809971272945 ], [ 356737.10647217737278, 5716204.918450823053718 ], [ 356723.665011849603616, 5716231.996494926512241 ], [ 356676.891229315137025, 5716308.995274451561272 ], [ 356629.597178074531257, 5716381.769234811887145 ], [ 356584.68399325851351, 5716448.466760449111462 ], [ 356554.800081890425645, 5716494.718405042774975 ], [ 356539.505071581108496, 5716525.076871369965374 ], [ 356529.864069311530329, 5716563.866625770926476 ], [ 356520.783260560187045, 5716686.295472455210984 ], [ 356517.386599893681705, 5716776.857463692314923 ], [ 356524.01835700799711, 5716793.140147168189287 ], [ 356553.120394620811567, 5716856.183703627437353 ], [ 356577.397407791169826, 5716900.901433398015797 ], [ 356601.473115659726318, 5716938.279979626648128 ], [ 356614.382113961211871, 5716946.361169854179025 ], [ 356663.007411636062898, 5716986.717395751737058 ], [ 356713.839431922941003, 5717014.436119610443711 ], [ 356755.045185182592832, 5717035.182817069813609 ], [ 356781.817245309357531, 5717057.907202555797994 ], [ 356809.367867849592585, 5717068.701944944448769 ], [ 356844.725699355709367, 5717082.236351514235139 ], [ 356846.996482968796045, 5717083.106968358159065 ], [ 356860.979920558398589, 5717085.816582574509084 ], [ 356863.40594783553388, 5717086.293312206864357 ], [ 356889.10008440510137, 5717091.264978522434831 ], [ 356890.699859137530439, 5717092.432797375135124 ], [ 356932.426927064196207, 5717122.84814163018018 ], [ 356951.870464055449702, 5717136.999869991093874 ], [ 356986.297760356334038, 5717170.637742455117404 ], [ 357058.851215289323591, 5717196.844879005104303 ], [ 357147.63103808258893, 5717225.944946619682014 ], [ 357149.173905831237789, 5717280.877270607277751 ], [ 357198.412643310672138, 5717286.721999899484217 ], [ 357204.038207424047869, 5717294.464727700687945 ], [ 357212.332376103673596, 5717286.218149172142148 ], [ 357231.406449840869755, 5717284.122266246937215 ], [ 357251.419474723166786, 5717271.316426984034479 ], [ 357287.355264646117575, 5717259.953734562732279 ], [ 357309.46021154965274, 5717258.151101235300303 ], [ 357337.492697812558617, 5717255.869946083985269 ], [ 357402.36602861888241, 5717243.581549615599215 ], [ 357491.366982084349729, 5717218.829596361145377 ], [ 357533.724935558857396, 5717217.39278359990567 ], [ 357539.978975936130155, 5717217.183434649370611 ], [ 357571.962336917524226, 5717216.105616801418364 ], [ 357739.036450809217058, 5717286.08203914295882 ], [ 357751.394539623928722, 5717296.863489574752748 ], [ 357785.652479585143737, 5717341.740074544213712 ], [ 357833.224568657286, 5717372.23203373234719 ], [ 357846.240309765446, 5717398.797912208363414 ], [ 357853.722029653377831, 5717403.807193323038518 ], [ 357895.612622593645938, 5717424.554715741425753 ], [ 357921.488701683934778, 5717425.4978162124753 ], [ 357933.073654203675687, 5717432.962782614864409 ], [ 357937.628290942404419, 5717447.302215063013136 ], [ 357942.721173148835078, 5717475.637506234459579 ], [ 357982.779123205458745, 5717532.16005274746567 ], [ 357998.516932333237492, 5717544.850410992279649 ], [ 358011.685688233701512, 5717559.61601800378412 ], [ 358014.648911127820611, 5717566.655240715481341 ], [ 358009.882711418205872, 5717579.364267375320196 ], [ 358021.160863492870703, 5717596.174943909049034 ], [ 358030.6041637994349, 5717616.275527633726597 ], [ 358039.920172076963354, 5717624.917203231714666 ], [ 358065.964597423560917, 5717639.321916261687875 ], [ 358105.558374086685944, 5717669.483493384905159 ], [ 358121.176716540358029, 5717680.163269094191492 ], [ 358132.888191467907745, 5717690.195822197012603 ], [ 358147.589456916088238, 5717692.888763852417469 ], [ 358159.44143055472523, 5717707.691617291420698 ], [ 358182.583426137047354, 5717739.761437657289207 ], [ 358199.602503217407502, 5717750.969759800471365 ], [ 358239.361083667725325, 5717799.701356899924576 ], [ 358252.344040587136988, 5717810.35514865629375 ], [ 358267.728603315073997, 5717830.289769169874489 ], [ 358283.372586474113632, 5717856.771922647021711 ], [ 358285.28572920395527, 5717870.640261487103999 ], [ 358304.86541388661135, 5717886.92977536842227 ], [ 358324.271446824772283, 5717901.477027707733214 ], [ 358328.161512122373097, 5717931.749265627935529 ], [ 358336.799498820328154, 5717980.35099973063916 ], [ 358338.344450930482708, 5718050.418015509843826 ], [ 358370.697279505431652, 5718064.970358113758266 ], [ 358453.309220143069979, 5718094.710013804957271 ], [ 358464.020674109982792, 5718096.302364541217685 ], [ 358489.790354116761591, 5718095.804462892003357 ], [ 358497.296305305091664, 5718101.492791198194027 ], [ 358508.128073909203522, 5718109.870314200408757 ], [ 358523.695690691354685, 5718116.334918534383178 ], [ 358534.844631076441146, 5718128.376066707074642 ], [ 358553.214476081775501, 5718140.872041566297412 ], [ 358560.401670629740693, 5718145.82374906912446 ], [ 358564.090777633129619, 5718148.369273581542075 ], [ 358580.817817308416124, 5718151.685644131153822 ], [ 358640.152024184935726, 5718259.077306916005909 ], [ 358643.272802999126725, 5718271.554325999692082 ], [ 358661.530398785253055, 5718280.058633897453547 ], [ 358693.397977673390415, 5718314.557772800326347 ], [ 358701.397914577042684, 5718335.478746062144637 ], [ 358720.546694881282747, 5718363.756117996759713 ], [ 358730.84978758537909, 5718372.593978549353778 ], [ 358740.661581145017408, 5718386.676001940853894 ], [ 358758.677958899876103, 5718389.289221623912454 ], [ 358771.290493648732081, 5718406.631717763841152 ], [ 358787.720010467397515, 5718419.193746293894947 ], [ 358804.768771642120555, 5718448.987838469445705 ], [ 358925.320560801075771, 5718433.384871701709926 ], [ 358933.170788462157361, 5718443.504503743723035 ], [ 358942.701165328733623, 5718450.249882283620536 ], [ 359059.138927007617895, 5718421.299229121766984 ], [ 359089.94361180847045, 5718412.773964791558683 ], [ 359111.415975761134177, 5718404.608811909332871 ], [ 359125.476164174324367, 5718392.08734776545316 ], [ 359155.572677224641666, 5718415.387566663324833 ], [ 359214.009503612294793, 5718432.268530678004026 ], [ 359319.628674652427435, 5718410.246354884468019 ], [ 359407.033034253749065, 5718392.393624677322805 ], [ 359372.347647884278558, 5718511.453029544092715 ], [ 359369.971776621881872, 5718527.711038679815829 ], [ 359369.471385647193529, 5718546.865995412692428 ], [ 359379.551700508338399, 5718662.979100117459893 ], [ 359397.997839066199958, 5718660.908615185879171 ], [ 359411.687174580525607, 5718672.213269133120775 ], [ 359419.110167535836808, 5718675.234343159012496 ], [ 359437.159629663918167, 5718696.311201578006148 ], [ 359451.876299571478739, 5718699.697306762449443 ], [ 359469.16479334817268, 5718706.105766150169075 ], [ 359476.699466199614108, 5718707.910812015645206 ], [ 359493.158881317242049, 5718706.674827481620014 ], [ 359518.767017746751662, 5718718.20529362000525 ], [ 359540.120721064100508, 5718721.273881192319095 ], [ 359553.64774403598858, 5718729.244851478375494 ], [ 359564.814495184109546, 5718742.066607527434826 ], [ 359600.303365162224509, 5718752.55543150473386 ], [ 359659.268213512725197, 5718769.93855890724808 ], [ 359675.491702207829803, 5718777.946351350285113 ], [ 359694.589926138170995, 5718791.661309790797532 ], [ 359714.325939888251014, 5718788.888490631245077 ], [ 359738.444163038162515, 5718796.455072059296072 ], [ 359777.661250973294955, 5718816.723871956579387 ], [ 359797.05070094630355, 5718821.205617034807801 ], [ 359817.637308335979469, 5718838.886037100106478 ], [ 359940.700191324111074, 5718966.883662270382047 ], [ 359961.431121669302229, 5718987.565314248204231 ], [ 359989.554919042973779, 5718994.688335440121591 ], [ 359989.671710922615603, 5719013.937352378852665 ], [ 360005.787609903840348, 5719030.629327246919274 ], [ 360012.169090024952311, 5719043.128112697042525 ], [ 360024.517429376137443, 5719046.12506977468729 ], [ 360029.252653385978192, 5719062.241648770868778 ], [ 360054.100873894116376, 5719086.248460265807807 ], [ 360084.884037496929523, 5719139.704114076681435 ], [ 360095.955421809456311, 5719154.421423717401922 ], [ 360099.347163212485611, 5719166.56895590107888 ], [ 360106.90679235663265, 5719166.805096553638577 ], [ 360106.039549758308567, 5719173.283578492701054 ], [ 360111.341277847299352, 5719194.614934945479035 ], [ 360127.02198182157008, 5719197.853854304179549 ], [ 360135.144234435632825, 5719203.405013663694263 ], [ 360143.740617720643058, 5719211.068615938536823 ], [ 360149.32888526795432, 5719217.702523247338831 ], [ 360148.296639266307466, 5719298.189793813042343 ], [ 360148.703459085314535, 5719302.629932784475386 ], [ 360149.486797980847768, 5719311.166066125035286 ], [ 360143.964368527638726, 5719627.778754375874996 ], [ 360119.38292538782116, 5719738.619012907147408 ], [ 360147.349998124525882, 5719848.006542646326125 ], [ 360139.917427596985362, 5719852.329546830616891 ], [ 360153.351319872308522, 5719904.69599143974483 ], [ 360174.461663837602828, 5719949.29405536595732 ], [ 360177.675707809510641, 5719967.56719365529716 ], [ 360183.908434647019021, 5719977.744406039826572 ], [ 360218.51922845817171, 5719991.922669093124568 ], [ 360271.602819396881387, 5720012.701979867182672 ], [ 360266.625641080958303, 5720035.430230120196939 ], [ 360249.985283464367967, 5720050.023044148460031 ], [ 360250.040025266818702, 5720099.654476094990969 ], [ 360241.104284402274061, 5720107.234999207779765 ], [ 360193.949176679598168, 5720120.445466595701873 ], [ 360145.883738806820475, 5720125.780335097573698 ], [ 360138.13927136932034, 5720131.336117534898221 ], [ 360147.612250027479604, 5720231.6533726695925 ], [ 360147.729404910409357, 5720234.888520191423595 ], [ 360156.652341589448042, 5720307.299652655608952 ], [ 360157.904222334560473, 5720322.511056182906032 ], [ 360155.677258260024246, 5720331.920544158667326 ], [ 360150.938863246003166, 5720345.962143918499351 ], [ 360151.722268105251715, 5720364.525043098255992 ], [ 360140.951854425598867, 5720393.423023447394371 ], [ 360140.280558140715584, 5720409.232898126356304 ], [ 360145.03209035663167, 5720428.242504775524139 ], [ 360173.485695042472798, 5720475.408467792905867 ], [ 360188.688237793336157, 5720506.604230491444468 ], [ 360193.038548668730073, 5720523.388139753602445 ], [ 360188.972720765334088, 5720546.970484454184771 ], [ 360186.062357636692468, 5720556.966407629661262 ], [ 360174.824489313759841, 5720556.164215399883687 ], [ 360166.418595891445875, 5720592.898018905892968 ], [ 360161.405882310005836, 5720632.086450763046741 ], [ 360150.211157012498006, 5720665.659014732576907 ], [ 360139.216243126196787, 5720688.665153457783163 ], [ 360120.558679511363152, 5720717.892624232918024 ], [ 360110.30851510487264, 5720742.770084667019546 ], [ 360109.316667421429884, 5720767.269068388268352 ], [ 360110.297048865060788, 5720804.967535071074963 ], [ 360107.842646680597682, 5720844.207714626565576 ], [ 360112.340248900232837, 5720856.547221236862242 ], [ 360137.152431552181952, 5720842.740493698045611 ], [ 360151.161868210940156, 5720850.354468389414251 ], [ 360246.060554809460882, 5720973.572065869346261 ], [ 360256.78544345672708, 5720993.195681052282453 ], [ 360266.628269521403126, 5721008.726150293834507 ], [ 360279.519239554007072, 5721026.275703150779009 ], [ 360295.230233457288705, 5721041.098802915774286 ], [ 360308.768484533531591, 5721049.738889008760452 ], [ 360322.479772110003978, 5721057.372667301446199 ], [ 360357.34391879546456, 5721079.245463332161307 ], [ 360363.994893903727643, 5721085.060058324597776 ], [ 360378.1559358597151, 5721075.120835088193417 ], [ 360400.503874802670907, 5721085.231719339266419 ], [ 360426.694919214700349, 5721091.786803756840527 ], [ 360505.047757469234057, 5721090.926923353224993 ], [ 360533.951967554516159, 5721094.147077715024352 ], [ 360565.717203820764553, 5721088.586060055531561 ], [ 360593.192981686966959, 5721080.194450369104743 ], [ 360608.033900708833244, 5721074.29903210606426 ], [ 360629.08346149767749, 5721063.959224983118474 ], [ 360640.221498103870545, 5721066.211820919066668 ], [ 360636.725011917937081, 5721088.387010145932436 ], [ 360641.310431719874032, 5721092.65638196375221 ], [ 360656.579477225197479, 5721093.248319433070719 ], [ 360680.184768191189505, 5721093.710791298188269 ], [ 360682.069389308686368, 5721087.193247072398663 ], [ 360689.14032682380639, 5721005.927775501273572 ], [ 360691.675944513408467, 5720940.812211499549448 ], [ 360691.681229951442219, 5720928.682070136070251 ], [ 360744.94117947621271, 5720930.887639608234167 ], [ 360860.12818609556416, 5720921.262749204412103 ], [ 360859.994415447115898, 5720918.918333024717867 ], [ 360957.010374707053415, 5720913.256565880961716 ], [ 361000.86972041655099, 5720898.808114531449974 ], [ 361132.820817059720866, 5720884.388683916069567 ], [ 361138.264504507242236, 5720906.05086057446897 ], [ 361144.214974081260152, 5720905.553627738729119 ], [ 361179.379995640134439, 5720882.220190922729671 ], [ 361200.763003147440031, 5720846.356310951523483 ], [ 361209.227946435043123, 5720811.525856639258564 ], [ 361244.292852114478592, 5720799.657895137555897 ], [ 361309.667942978674546, 5720763.934308774769306 ], [ 361352.763298210804351, 5720747.061719978228211 ], [ 361384.659046515997034, 5720677.414151675999165 ], [ 361398.855386829760391, 5720659.553568398579955 ], [ 361397.137943965033628, 5720644.911195445805788 ], [ 361376.168453273479827, 5720569.824145935475826 ], [ 361366.835134794004261, 5720542.704184181056917 ], [ 361353.383017545565963, 5720516.709818170405924 ], [ 361340.927980535314418, 5720497.020188403315842 ], [ 361306.248109366279095, 5720496.234987623058259 ], [ 361263.570123569457792, 5720497.83943051751703 ], [ 361263.790403085295111, 5720495.262734585441649 ], [ 361263.374454349046573, 5720495.251886911690235 ], [ 361266.368379598832689, 5720417.504867997951806 ], [ 361267.165298089093994, 5720413.977573847398162 ], [ 361266.155849868897349, 5720399.905616213567555 ], [ 361271.657773703918792, 5720394.146016225218773 ], [ 361277.546427502471488, 5720368.133315091021359 ], [ 361291.446064658812247, 5720326.799747365526855 ], [ 361293.351042876485735, 5720315.930738175287843 ], [ 361293.35522108245641, 5720315.830468315631151 ], [ 361252.279833906679414, 5720302.167383796535432 ], [ 361252.418458100873977, 5720300.149346607737243 ], [ 361252.560344856698066, 5720297.997679517604411 ], [ 361246.751765853783581, 5720295.86456495989114 ], [ 361259.255922295909841, 5720199.105409985408187 ], [ 361254.603968509356491, 5720196.206086758524179 ], [ 361252.366302918759175, 5720193.429728749208152 ], [ 361252.39676665852312, 5720192.772319528274238 ], [ 361252.796087194932625, 5720183.335640138015151 ], [ 361254.595883426314685, 5720140.341910414397717 ], [ 361255.128130551544018, 5720118.827310310676694 ], [ 361254.543954882770777, 5720116.472990972921252 ], [ 361253.832911874342244, 5720114.545029225759208 ], [ 361246.680307532660663, 5720095.244316348806024 ], [ 361235.862979852827266, 5720076.711838758550584 ], [ 361232.397934832726605, 5720060.25900817848742 ], [ 361215.233576346072368, 5720026.042757267132401 ], [ 361221.247065754374489, 5720026.289533694274724 ], [ 361226.081821741187014, 5720026.501882269978523 ], [ 361196.202134931168985, 5719935.401318133808672 ], [ 361218.787688829295803, 5719796.467247822321951 ], [ 361145.353515287395567, 5719740.959667175076902 ], [ 361108.979185338597745, 5719713.72543918248266 ], [ 361108.631904408568516, 5719713.189682787284255 ], [ 361106.870432103401981, 5719711.869250632822514 ], [ 361115.827884136466309, 5719645.442932469770312 ], [ 361117.271486660232767, 5719597.573575887829065 ], [ 361117.555089041008614, 5719595.284475522115827 ], [ 361116.774962006369606, 5719595.639741067774594 ], [ 361119.290717616095208, 5719581.526683687232435 ], [ 361122.816290962451603, 5719553.464323196560144 ], [ 361126.186783013283275, 5719542.721962622366846 ], [ 361126.979529660544358, 5719538.282242183573544 ], [ 361124.438654023804702, 5719533.811610211618245 ], [ 361113.917186691309325, 5719517.530276011675596 ], [ 361107.631155553972349, 5719504.348790272139013 ], [ 361105.914346426608972, 5719501.124178804457188 ], [ 361082.205190805019811, 5719459.28696971014142 ], [ 361126.180046437308192, 5719431.905886743217707 ], [ 361137.149738291976973, 5719423.614651239477098 ], [ 361146.385764513106551, 5719419.310457381419837 ], [ 361148.74294515280053, 5719417.843596998602152 ], [ 361149.375756378285587, 5719417.926386557519436 ], [ 361150.682637322053779, 5719417.322976759634912 ], [ 361160.50928124593338, 5719418.633552527986467 ], [ 361180.126525598810986, 5719420.699331521987915 ], [ 361187.839969134598505, 5719399.032237594015896 ], [ 361201.36757462710375, 5719350.864847675897181 ], [ 361208.292154721100815, 5719320.639474832452834 ], [ 361210.264680930413306, 5719317.525072393007576 ], [ 361210.345236592693254, 5719317.177883857861161 ], [ 361258.695381229394116, 5719238.788101346231997 ], [ 361231.785807758802548, 5719140.628366347402334 ], [ 361225.393743940163404, 5719119.793340346775949 ], [ 361224.435601253295317, 5719116.692551082000136 ], [ 361221.893889135157224, 5719108.40486746840179 ], [ 361221.811298441840336, 5719106.404029820114374 ], [ 361223.117305979249068, 5719089.341840240173042 ], [ 361250.633689337526448, 5719004.156540758907795 ], [ 361251.554837986128405, 5719002.117054252885282 ], [ 361252.469063069263939, 5719000.077757782302797 ], [ 361271.743283544201404, 5718938.766336491331458 ], [ 361276.363874150789343, 5718924.050418125465512 ], [ 361295.536457159323618, 5718879.234102046117187 ], [ 361297.054816986666992, 5718876.733124031685293 ], [ 361297.413197777583264, 5718876.155756344087422 ], [ 361298.286493293766398, 5718873.12717030197382 ], [ 361309.160830940352753, 5718854.979290450923145 ], [ 361330.075154690770432, 5718808.457281246781349 ], [ 361331.775061042280868, 5718803.981626407243311 ], [ 361325.101275032153353, 5718792.335079691372812 ], [ 361330.210576320649125, 5718788.867706892080605 ], [ 361319.27712223934941, 5718709.021059131249785 ], [ 361318.485286150535103, 5718707.18432601634413 ], [ 361316.651456530322321, 5718689.829868044704199 ], [ 361315.04858859651722, 5718678.122273695655167 ], [ 361301.790578880347311, 5718664.686466408893466 ], [ 361269.124096588348038, 5718673.59420860093087 ], [ 361248.218879659310915, 5718613.528996584005654 ], [ 361244.992971165163908, 5718612.393320362083614 ], [ 361243.136713512940332, 5718580.327833959832788 ], [ 361241.088766695815139, 5718553.909670482389629 ], [ 361239.260709036141634, 5718530.456745029427111 ], [ 361237.933199947874527, 5718524.250144757330418 ], [ 361228.587088718428276, 5718491.744572300463915 ], [ 361228.268056430621073, 5718491.230287849903107 ], [ 361215.533072211779654, 5718472.883870256133378 ], [ 361205.122826661274303, 5718477.398105068132281 ], [ 361182.997233941801824, 5718462.592148143798113 ], [ 361182.360430120141245, 5718462.62074214220047 ], [ 361182.347620584070683, 5718462.153703215532005 ], [ 361160.603170793154277, 5718447.604465113952756 ], [ 361136.181467051501386, 5718434.497553737834096 ], [ 361107.737662906991318, 5718424.082901836372912 ], [ 361106.722225527395494, 5718423.699018286541104 ], [ 361104.721772418066394, 5718423.787299603223801 ], [ 361102.686624632449821, 5718422.863854297436774 ], [ 361067.858650077017955, 5718410.387823308818042 ], [ 361065.10806038917508, 5718409.406132536940277 ], [ 361049.784232843259815, 5718426.040800125338137 ], [ 361036.338127805152908, 5718432.307980899699032 ], [ 361026.217365868506022, 5718437.014948587864637 ], [ 361016.558410770725459, 5718445.414998562075198 ], [ 361009.696313218795694, 5718424.682125721126795 ], [ 361010.700732552097179, 5718419.869350747205317 ], [ 361001.447248325741384, 5718368.588050503283739 ], [ 360995.601568272104487, 5718341.717812514863908 ], [ 361003.812490399810486, 5718341.40329622849822 ], [ 361003.630152953031939, 5718337.034860164858401 ], [ 361007.793099069269374, 5718255.683563676662743 ], [ 361010.904570661426987, 5718176.920680707320571 ], [ 361010.987203825148754, 5718174.881923591718078 ], [ 361011.44639365375042, 5718165.354575456120074 ], [ 361017.211688565323129, 5718122.908546675927937 ], [ 361012.801562483538873, 5718121.315870520658791 ], [ 361014.133205821271986, 5718116.048982916399837 ], [ 361009.9131749055814, 5718105.982415688224137 ], [ 361009.594709051772952, 5718105.490384430624545 ], [ 361009.636484976857901, 5718104.487685915082693 ], [ 361014.299934028415009, 5717976.216717639937997 ], [ 361014.778809308772907, 5717972.453317011706531 ], [ 361014.829236108402256, 5717967.221609871834517 ], [ 361014.883951821364462, 5717966.185171430930495 ], [ 361014.801293314318173, 5717964.184338621795177 ], [ 361015.774264177889563, 5717941.055179573595524 ], [ 361015.818487457581796, 5717940.141441085375845 ], [ 361015.735829639947042, 5717938.140608333051205 ], [ 361015.636436067870818, 5717928.461676887236536 ], [ 361015.68754613614874, 5717920.225298319011927 ], [ 361015.681830669520423, 5717916.23037941660732 ], [ 361015.666136562416796, 5717912.124451057985425 ], [ 361017.067387791932561, 5717873.036619604565203 ], [ 361036.062262778868899, 5717775.197816791012883 ], [ 361035.979920231329743, 5717773.208104217424989 ], [ 361035.897272433387116, 5717771.207271690480411 ], [ 361046.210551132506225, 5717764.625543414615095 ], [ 361036.702685726224445, 5717758.632395887747407 ], [ 361265.175342336297035, 5717687.710536225698888 ], [ 361317.065442507853732, 5717673.613663570024073 ], [ 361404.979579646023922, 5717614.752272927202284 ], [ 361407.630894065485336, 5717612.854650775901973 ], [ 361412.499150819145143, 5717609.649973067454994 ], [ 361415.407580700935796, 5717607.522750941105187 ], [ 361416.753181805368513, 5717606.795962651260197 ], [ 361417.374339924252126, 5717606.445110563188791 ], [ 361423.615085321478546, 5717601.722811239771545 ], [ 361425.051873815886211, 5717600.782091634348035 ], [ 361431.478416669240687, 5717597.022879020310938 ], [ 361433.06849903985858, 5717596.111351018771529 ], [ 361442.425951729412191, 5717590.791871393099427 ], [ 361500.158906717435457, 5717554.080146895721555 ], [ 361521.467630278260913, 5717540.187830086797476 ], [ 361535.799198402557522, 5717530.959993437863886 ], [ 361557.861096142965835, 5717517.481243373826146 ], [ 361559.786665242747404, 5717516.415915916673839 ], [ 361561.876406945404597, 5717515.524152655154467 ], [ 361566.783570613828488, 5717512.9751369478181 ], [ 361574.216952634858899, 5717508.765711009502411 ], [ 361579.699561473797075, 5717505.967281089164317 ], [ 361591.937908020918258, 5717499.779221212491393 ], [ 361675.335443915973883, 5717450.950446479953825 ], [ 361729.070812635705806, 5717416.988099562004209 ], [ 361733.852809354488272, 5717414.1644656220451 ], [ 361744.89480281091528, 5717406.796484614722431 ], [ 361756.658896034758072, 5717398.963682159781456 ], [ 361776.900414499337785, 5717383.510300815105438 ], [ 361815.582618168671615, 5717349.848626333288848 ], [ 361817.537116477789823, 5717348.315226024016738 ], [ 361818.751075919368304, 5717346.824293489567935 ], [ 361827.626429302094039, 5717340.57282109092921 ], [ 361832.581611847504973, 5717337.232660390436649 ], [ 361833.496414488123264, 5717335.19348268955946 ], [ 361833.414390684454702, 5717333.203763609752059 ], [ 361835.415275228442624, 5717333.115777882747352 ], [ 361838.181613778811879, 5717331.103974155150354 ], [ 361873.30108209856553, 5717305.552337029948831 ], [ 361875.295354267698713, 5717305.475676197558641 ], [ 361910.607958703709301, 5717288.009280224330723 ], [ 361912.032332703354768, 5717287.369508278556168 ], [ 361919.626994258607738, 5717283.968581045977771 ], [ 361944.992389046703465, 5717272.593788970261812 ], [ 361948.500007641210686, 5717270.817786864936352 ], [ 361991.712750705657527, 5717248.930112644098699 ], [ 361985.655326179112308, 5717234.472717775963247 ], [ 361993.123191394959576, 5717233.790652404539287 ], [ 361996.407642975333147, 5717233.489695300348103 ], [ 362028.4712690646993, 5717230.568290174938738 ], [ 362036.40104786871234, 5717234.881406643427908 ], [ 362036.738986007636413, 5717235.072506801225245 ], [ 362036.718727571889758, 5717234.583416592329741 ], [ 362043.382695108361077, 5717235.180820006877184 ], [ 362056.406597750203218, 5717244.808006052859128 ], [ 362058.682277230196632, 5717241.574462859891355 ], [ 362063.400755385751836, 5717234.880262672901154 ], [ 362069.396093300892971, 5717225.691945769824088 ], [ 362070.061325530405156, 5717225.429003145545721 ], [ 362071.149192082462832, 5717223.885929697193205 ], [ 362112.304743286920711, 5717204.570344027131796 ], [ 362115.289131617872044, 5717203.431891545653343 ], [ 362158.92247750388924, 5717186.764511330984533 ], [ 362186.638624007347971, 5717171.309695306234062 ], [ 362203.101615211053286, 5717154.736858864314854 ], [ 362206.840085954987444, 5717127.304228856228292 ], [ 362208.281008476158604, 5717090.842376754619181 ], [ 362208.479416771966498, 5717085.651230632327497 ], [ 362218.983064057305455, 5717073.224533848464489 ], [ 362317.668041114287917, 5716991.118289926089346 ], [ 362318.590034386492334, 5716989.079016858711839 ], [ 362320.584430269780569, 5716989.00253361929208 ], [ 362325.888089091400616, 5716985.197155584581196 ], [ 362360.435089062899351, 5716960.343506552278996 ], [ 362365.967745187168475, 5716960.115227472037077 ], [ 362371.474410306662321, 5716946.177726016379893 ], [ 362378.018522260827012, 5716927.304503813385963 ], [ 362378.983857980521861, 5716924.562989465892315 ], [ 362379.898962248989847, 5716922.52391663286835 ], [ 362381.514642413007095, 5716920.755137556232512 ], [ 362381.79407655633986, 5716920.068723716773093 ], [ 362381.729173147294205, 5716918.445771518163383 ], [ 362383.94149577524513, 5716910.061760788783431 ], [ 362385.191573751624674, 5716905.29830711055547 ], [ 362389.022851404268295, 5716901.132400271482766 ], [ 362389.417658203979954, 5716897.293573632836342 ], [ 362389.67915080365492, 5716894.671342694200575 ], [ 362389.739938727929257, 5716894.102153047919273 ], [ 362393.571531254448928, 5716889.947369898669422 ], [ 362393.489430726971477, 5716887.946526626124978 ], [ 362395.509292422269937, 5716879.111496997997165 ], [ 362398.457484480401035, 5716877.907437526620924 ], [ 362400.007942028110847, 5716873.992697105742991 ], [ 362401.383542236231733, 5716871.551629580557346 ], [ 362426.054852050030604, 5716827.88199748005718 ], [ 362419.807131970708724, 5716814.809192233718932 ], [ 362438.86449851479847, 5716737.740695236250758 ], [ 362455.856671510613523, 5716641.020389541983604 ], [ 362434.946339494432323, 5716626.67658721562475 ], [ 362404.097129863628652, 5716619.068367055617273 ], [ 362354.850969088613056, 5716610.279957731254399 ], [ 362319.331388425664045, 5716611.690608580596745 ], [ 362328.200560714816675, 5716565.612477769143879 ], [ 362356.802655266248621, 5716533.887544590048492 ], [ 362407.967473423457704, 5716544.626950110308826 ], [ 362418.381578414060641, 5716532.670565572567284 ], [ 362483.848719315719791, 5716549.031426315195858 ], [ 362499.933346380246803, 5716554.158787391148508 ], [ 362542.116391789983027, 5716560.692121955566108 ], [ 362549.905695600667968, 5716564.153006917797029 ], [ 362553.681598108494654, 5716547.458429662510753 ], [ 362603.006831526290625, 5716247.373410091735423 ], [ 362578.815606288786512, 5716245.025104427710176 ], [ 362547.796429132926278, 5716246.300808059982955 ], [ 362509.771870772005059, 5716255.133708679117262 ], [ 362402.912977171537932, 5716264.156088276766241 ], [ 362342.331268677371554, 5716256.777306761592627 ], [ 362344.813917930645403, 5716192.511349950917065 ], [ 362345.430908429436386, 5716176.43661617487669 ], [ 362345.609727081842721, 5716171.79130488820374 ], [ 362346.014694803976454, 5716156.078435960225761 ], [ 362346.518245674378704, 5716148.074717372655869 ], [ 362561.656653315585572, 5716056.990793293341994 ], [ 362592.357331655046437, 5716046.487497720867395 ], [ 362617.678630889684428, 5716034.227378782816231 ], [ 362672.203952591749839, 5716025.292955597862601 ], [ 362685.746386455546599, 5716016.134582322090864 ], [ 362693.267981641110964, 5716002.020506154745817 ], [ 362699.291850252717268, 5715986.622791329398751 ], [ 362701.705411509727128, 5715970.532844703644514 ], [ 362651.47650593961589, 5715951.530053243972361 ], [ 362621.549577292404138, 5715931.531971342861652 ], [ 362552.096987346652895, 5715868.216191371902823 ], [ 362462.735683218052145, 5715786.512791505083442 ], [ 362481.974143575178459, 5715578.483724614605308 ], [ 362404.532516561099328, 5715563.11527075432241 ], [ 362352.441171350888908, 5715552.066810695454478 ], [ 362307.010840690985788, 5715537.610658849589527 ], [ 362293.483066498884, 5715533.304520764388144 ], [ 362284.593662606086582, 5715530.252220991067588 ], [ 362230.382397270645015, 5715511.650941462256014 ], [ 362243.339732330758125, 5715473.807762957178056 ], [ 362247.731563836801797, 5715467.011438912712038 ], [ 362317.520867779618129, 5715348.201777648180723 ], [ 362339.908140783722047, 5715310.280701632611454 ], [ 362352.465427054557949, 5715310.49593246076256 ], [ 362374.002094305295032, 5715286.430441227741539 ], [ 362388.546988424146548, 5715237.527720887213945 ], [ 362390.148433374939486, 5715212.234434560872614 ], [ 362384.855480681057088, 5715180.763098241761327 ], [ 362397.140769053134136, 5715125.244908983819187 ], [ 362405.752903910237364, 5715092.527946173213422 ], [ 362422.445765311305877, 5715048.118462854996324 ], [ 362444.758661015192047, 5715042.627407398074865 ], [ 362488.938046470750123, 5715017.491584594361484 ], [ 362486.39318370615365, 5715014.68958886153996 ], [ 362481.775302405934781, 5715009.606945834122598 ], [ 362472.781765906140208, 5714999.679916 ], [ 362450.010380032705143, 5714993.398576200008392 ], [ 362432.423494140733965, 5714984.205666093155742 ], [ 362411.804480884457007, 5714962.954334683716297 ], [ 362412.875499634421431, 5714961.278286414220929 ], [ 362417.724465929379221, 5714953.668505750596523 ], [ 362357.078714703151491, 5714888.335183611139655 ], [ 362367.038737152004614, 5714876.891975045204163 ], [ 362484.715033082524315, 5714741.772940715774894 ], [ 362532.292457610368729, 5714675.616145290434361 ], [ 362565.124869083811063, 5714620.654011933133006 ], [ 362448.517997026327066, 5714570.513996021822095 ], [ 362367.337188670411706, 5714528.094270439818501 ], [ 362342.215609439997934, 5714511.973096843808889 ], [ 362330.087234687292948, 5714507.194739538244903 ], [ 362286.225201603898313, 5714469.883067164570093 ], [ 362376.202410074882209, 5714307.994783817790449 ], [ 362380.848186609044205, 5714292.623077442869544 ], [ 362425.135863377363421, 5714324.638173368759453 ], [ 362435.450639212212991, 5714332.092238679528236 ], [ 362502.648370327777229, 5714147.889820115640759 ], [ 362529.163279649917968, 5714148.850922453217208 ], [ 362534.89440876012668, 5714127.440764022059739 ], [ 362564.525555458501913, 5714122.842502798885107 ], [ 362631.454026827239431, 5714125.479342652484775 ], [ 362672.541185932932422, 5714142.293305739760399 ], [ 362709.72610102512408, 5714145.392184609547257 ], [ 362741.512087535229512, 5714146.089206827804446 ], [ 362741.769591097836383, 5714089.006197889335454 ], [ 362733.130236122873612, 5714069.654707652516663 ], [ 362728.830349078052677, 5714046.624708799645305 ], [ 362728.768249625631142, 5713995.670814392156899 ], [ 362746.539201512932777, 5713993.631625940091908 ], [ 362747.1153758422588, 5713994.417246766388416 ], [ 362729.81273300095927, 5713822.934429366141558 ], [ 362734.124466224224307, 5713804.133590633049607 ], [ 362730.386336346680764, 5713732.180397436954081 ], [ 362728.334249856474344, 5713692.775742528028786 ], [ 362721.527233578148298, 5713561.804362749680877 ], [ 362714.467140238033608, 5713516.782114734873176 ], [ 362705.342725491034798, 5713458.551095306873322 ], [ 362744.622838015435264, 5713446.35934903845191 ], [ 362733.859812495182268, 5713330.929776025936007 ], [ 362706.742143621435389, 5713330.662556509487331 ], [ 362707.640253322955687, 5713242.915509711019695 ], [ 362706.966410306515172, 5713239.294872845523059 ], [ 362712.870129805465695, 5713172.945140637457371 ], [ 362728.357990241318475, 5713114.65973611548543 ], [ 362770.47834401903674, 5713125.537823263555765 ], [ 362819.784193298895843, 5713132.772123697213829 ], [ 362820.579479080624878, 5713129.089468849822879 ], [ 362830.508227029349655, 5713072.724217776209116 ], [ 362835.839566857903264, 5713072.591111285611987 ], [ 362843.223676411085762, 5713029.859862071461976 ], [ 362844.484435407037381, 5713025.174222992733121 ], [ 362885.128213144023903, 5713032.74367690179497 ], [ 362909.050506926956587, 5713035.112496277317405 ], [ 362921.591982371930499, 5713034.539715958759189 ], [ 362942.62182189244777, 5713029.742526708170772 ], [ 362958.386976004694588, 5713028.31486002728343 ], [ 362975.671130909700878, 5713028.41524672601372 ], [ 363003.523566846211907, 5713029.888205247931182 ], [ 363004.382313945447095, 5712987.467112929560244 ], [ 363025.695030913571827, 5712990.563554084859788 ], [ 363041.012697945581749, 5712992.597935262136161 ], [ 363059.791808880341705, 5712991.278353312052786 ], [ 363144.966386855230667, 5712976.437312546186149 ], [ 363154.111653056635987, 5712973.408463847823441 ], [ 363161.090128673589788, 5712967.210978880524635 ], [ 363169.526223359396681, 5712966.438034323044121 ], [ 363173.614368466776796, 5712965.993868679739535 ], [ 363191.312775197206065, 5712973.98472514282912 ], [ 363193.841200046881568, 5712975.129458163864911 ], [ 363227.192892351304181, 5712964.425871441140771 ], [ 363258.378572235407773, 5712950.576052909716964 ], [ 363293.251194624812342, 5712929.371551610529423 ], [ 363324.59881709550973, 5712903.499527792446315 ], [ 363351.365833345276769, 5712877.294910211116076 ], [ 363382.773917181533761, 5712835.619863918982446 ], [ 363431.398860370391048, 5712763.42454120516777 ], [ 363452.979098267445806, 5712724.907982512377203 ], [ 363471.132119126385078, 5712683.034127878025174 ], [ 363479.384186525829136, 5712651.442109308205545 ], [ 363491.910602921503596, 5712625.276786115951836 ], [ 363549.457837725407444, 5712448.250598039478064 ], [ 363541.496410171152093, 5712446.584195351228118 ], [ 363543.834943115245551, 5712431.899087064899504 ], [ 363545.874024511431344, 5712423.876577189192176 ], [ 363530.525951460527722, 5712420.506068060174584 ], [ 363504.740953749802429, 5712405.732119218446314 ], [ 363516.128630922117736, 5712375.380040006712079 ], [ 363480.983776833745651, 5712358.298674962483346 ], [ 363473.620776086929254, 5712373.19697770755738 ], [ 363277.6007631176617, 5712277.858458892442286 ], [ 363272.181164146459196, 5712276.034913240931928 ], [ 363218.426890319387894, 5712266.467707408592105 ], [ 363125.976201543118805, 5712203.952111699618399 ], [ 363085.64810644602403, 5712176.686456999741495 ], [ 363095.540357092046179, 5712160.406175820156932 ], [ 363049.902713337331079, 5712160.85938142798841 ], [ 363039.946147903508972, 5712159.336639103479683 ], [ 363035.624344128591474, 5712150.89589402358979 ], [ 363035.528447006188799, 5712116.512857034802437 ], [ 362913.047721433104016, 5712115.593380053527653 ], [ 362907.886291118804365, 5712119.738992990925908 ], [ 362860.933821967220865, 5712120.340703026391566 ], [ 362860.829897035728209, 5712110.595340504311025 ], [ 362860.682638401573058, 5712099.760600914247334 ], [ 362860.87256255367538, 5712082.662779714912176 ] ] ] ] } },
{ "type": "Feature", "properties": { "full_id": "r63505", "osm_id": "63505", "osm_type": "relation", "boundary": "administrative", "note:de": null, "name:es": null, "name:de": null, "ref:nuts:2": null, "ref:nuts": null, "population": null, "name:sr": null, "name:ru": null, "name:la": null, "name:ksh": null, "name:ja": null, "name:ar": null, "de:place": null, "ref:nuts:3": null, "license_plate_code": null, "admin_centre:postal_code": null, "wikipedia": "de:Dorsten", "wikidata": "Q3886", "website": "https://www.dorsten.de", "opendata_portal": "no", "name:prefix": "Stadt", "de:regionalschluessel": "055620012012", "de:amtlicher_gemeindeschluessel": "05562012", "admin_title:de": "Stadt", "admin_title": "town", "TMC:cid_58:tabcd_1:LocationCode": "1107", "TMC:cid_58:tabcd_1:LCLversion": "9.00", "TMC:cid_58:tabcd_1:Class": "Area", "type": "boundary", "name": "Dorsten", "admin_level": "8" }, "geometry": { "type": "MultiPolygon", "coordinates": [ [ [ [ 360363.994893903727643, 5721085.060058324597776 ], [ 360368.380657504545525, 5721094.131077538244426 ], [ 360427.61928972939495, 5721355.906611900776625 ], [ 360372.040297084720805, 5721381.945908684283495 ], [ 360357.408750114263967, 5721388.860112306661904 ], [ 360331.495949436211959, 5721401.104894890449941 ], [ 360311.650601248838939, 5721408.83095992077142 ], [ 360304.441815262311138, 5721411.645303650759161 ], [ 360278.728007986152079, 5721432.587346865795553 ], [ 360268.21567730238894, 5721444.685160599648952 ], [ 360261.045887962216511, 5721452.918066176585853 ], [ 360248.693837352737319, 5721467.114409394562244 ], [ 360245.557014852645807, 5721476.916279346682131 ], [ 360236.513240295695141, 5721486.258226089179516 ], [ 360219.217478942591697, 5721527.065988420508802 ], [ 360221.335446372802835, 5721562.340409580618143 ], [ 360218.459885478951037, 5721582.33991115540266 ], [ 360210.970753517642152, 5721593.541910506784916 ], [ 360203.058112037018873, 5721603.95438018720597 ], [ 360197.279181980644353, 5721608.120421690866351 ], [ 360183.189086022204719, 5721618.803890484385192 ], [ 360166.550500138429925, 5721631.249413911253214 ], [ 360163.6395551051246, 5721645.952771884389222 ], [ 360155.854795035207644, 5721638.444897178560495 ], [ 360139.696630880760495, 5721618.927290637977421 ], [ 360137.094100097252522, 5721614.981890183873475 ], [ 359954.426525971561205, 5721640.547945649363101 ], [ 359931.456248954345938, 5721643.176234331913292 ], [ 359922.463888099242467, 5721644.093065250664949 ], [ 359745.066019304678775, 5721665.570144196040928 ], [ 359745.098020783974789, 5721665.725056106224656 ], [ 359744.213390835095197, 5721681.273915017955005 ], [ 359741.819636319298297, 5721683.866497819311917 ], [ 359733.52425830962602, 5721689.182367240078747 ], [ 359723.387364350724965, 5721696.274266818538308 ], [ 359647.378366488788743, 5721701.666568388231099 ], [ 359637.426322834100574, 5721702.688452592119575 ], [ 359589.440137399127707, 5721707.581974787637591 ], [ 359543.788582843844779, 5721712.244171273894608 ], [ 359538.020256614428945, 5721711.035604041069746 ], [ 359532.878935313143302, 5721707.216667897067964 ], [ 359524.560906163766049, 5721675.063636935316026 ], [ 359512.911417681025341, 5721642.914152693934739 ], [ 359501.820735592162237, 5721641.597551911137998 ], [ 359485.210972923203371, 5721651.284706886857748 ], [ 359470.344196888967417, 5721654.902917656116188 ], [ 359468.351634131162427, 5721654.980556131340563 ], [ 359465.356178353540599, 5721655.108327662572265 ], [ 359459.612009425763972, 5721655.768774783238769 ], [ 359438.472249992948491, 5721658.214890739880502 ], [ 359435.469566180545371, 5721658.331752436235547 ], [ 359434.598279420519248, 5721661.371818722225726 ], [ 359418.512576864217408, 5721830.138786787167192 ], [ 359418.503064583521336, 5721830.294851399026811 ], [ 359417.874818171025254, 5721837.590411537326872 ], [ 359405.742348269443028, 5721949.22473173122853 ], [ 359402.725709554622881, 5722061.395729968324304 ], [ 359404.278566064313054, 5722117.729962685145438 ], [ 359406.705202803364955, 5722139.741592490114272 ], [ 359406.438124133856036, 5722170.230221290141344 ], [ 359414.934948115493171, 5722243.420344124548137 ], [ 359413.041248393710703, 5722258.997389669530094 ], [ 359412.947489264421165, 5722266.333737306296825 ], [ 359415.888451200211421, 5722291.402559284120798 ], [ 359408.047976022586226, 5722292.110269227065146 ], [ 359390.897829461959191, 5722310.916066554374993 ], [ 359383.576177136041224, 5722318.075097188353539 ], [ 359372.604719842551276, 5722329.208423412404954 ], [ 359347.764878216898069, 5722355.372867375612259 ], [ 359341.197611264069565, 5722362.510975247249007 ], [ 359310.208022950217128, 5722387.411156329326332 ], [ 359276.872676480910741, 5722410.874482925049961 ], [ 359280.36481115029892, 5722413.181045810692012 ], [ 359278.970302406174596, 5722414.332727120257914 ], [ 359272.618594376544934, 5722419.506297024898231 ], [ 359248.618665728718042, 5722395.46899644844234 ], [ 359217.382347320439294, 5722365.735167021863163 ], [ 359199.990508720045909, 5722356.437513370066881 ], [ 359198.369217186351307, 5722355.414325623773038 ], [ 359196.905116745270789, 5722354.564817734062672 ], [ 359170.361485449131578, 5722341.660556421615183 ], [ 359144.067453553434461, 5722334.736669477075338 ], [ 359100.646436872833874, 5722332.752843845635653 ], [ 359078.475114374363329, 5722331.378850233741105 ], [ 359067.893013915512711, 5722331.863049123436213 ], [ 359043.966162961267401, 5722333.843351764604449 ], [ 359033.626181404222734, 5722335.311319262720644 ], [ 359024.065356263658032, 5722336.657421174459159 ], [ 359005.494746255397331, 5722347.435953671112657 ], [ 358909.045405542943627, 5722435.450330223888159 ], [ 358859.165042798151262, 5722463.518196661025286 ], [ 358826.433260620571673, 5722494.869099386036396 ], [ 358823.305424760386813, 5722497.182187147438526 ], [ 358819.451478520291857, 5722500.027475292794406 ], [ 358793.416850781068206, 5722519.239389268681407 ], [ 358800.980758315417916, 5722532.938912631012499 ], [ 358773.358804660965689, 5722553.57523635122925 ], [ 358774.706262896303087, 5722561.650380804203451 ], [ 358767.095512442174368, 5722566.103046380914748 ], [ 358760.794227915583178, 5722569.339496369473636 ], [ 358731.378894867608324, 5722583.527039487846196 ], [ 358714.101454899879172, 5722591.71097997482866 ], [ 358705.022164242516737, 5722595.648358852602541 ], [ 358650.89026582823135, 5722620.910416033118963 ], [ 358640.930049357120879, 5722605.230442091822624 ], [ 358637.40530936117284, 5722603.993576757609844 ], [ 358599.105884090065956, 5722545.404011538252234 ], [ 358555.364639373729005, 5722546.038002983666956 ], [ 358537.052744384738617, 5722538.782633732073009 ], [ 358460.287144709960558, 5722496.91763911396265 ], [ 358438.227816606522538, 5722495.821554816327989 ], [ 358399.354481823625974, 5722499.425455472432077 ], [ 358397.348410267266445, 5722499.503909726627171 ], [ 358393.273585688206367, 5722497.670540191233158 ], [ 358391.754068804031704, 5722497.813266999088228 ], [ 358391.422549184178934, 5722497.84481181576848 ], [ 358320.520499301492237, 5722504.65034067351371 ], [ 358308.158980538952164, 5722502.170143970288336 ], [ 358298.668670519371517, 5722502.558593915775418 ], [ 358298.689617890398949, 5722503.058798405341804 ], [ 358287.373830104363151, 5722526.022944794036448 ], [ 358275.058042904536705, 5722555.058048627339303 ], [ 358268.348310699569993, 5722574.343046894297004 ], [ 358257.820443062344566, 5722573.781346253119409 ], [ 358252.216520406422205, 5722571.501306107267737 ], [ 358242.128576350223739, 5722563.415420705452561 ], [ 358230.367159974470269, 5722557.390786821953952 ], [ 358215.871368655585684, 5722545.477886781096458 ], [ 358195.197016930149402, 5722529.320254120975733 ], [ 358184.417536147637293, 5722522.756253336556256 ], [ 358171.001179959974252, 5722512.794100502505898 ], [ 358145.165050612180494, 5722492.853055926039815 ], [ 358125.660701653687283, 5722480.646937023848295 ], [ 358115.779239390103612, 5722471.542778197675943 ], [ 358098.820872556068935, 5722460.734285418875515 ], [ 358079.807273259793874, 5722448.503428036347032 ], [ 358064.033300767303444, 5722442.14666941575706 ], [ 358060.726287512225099, 5722440.781664825975895 ], [ 358041.936296779313125, 5722434.05338448099792 ], [ 358036.090237529599108, 5722431.791501392610371 ], [ 358022.300968598865438, 5722424.844950278289616 ], [ 357993.629056317266077, 5722409.012885657139122 ], [ 357987.213194421376102, 5722417.283717680722475 ], [ 357974.587781908747274, 5722414.299810666590929 ], [ 357961.714193391380832, 5722429.841125824488699 ], [ 357921.813634897000156, 5722475.510805402882397 ], [ 357894.309998044162057, 5722506.16461646836251 ], [ 357884.741162331542, 5722517.061588152311742 ], [ 357878.383147712564096, 5722514.324616834521294 ], [ 357860.838058915454894, 5722507.539749721065164 ], [ 357824.758535668021068, 5722494.009147472679615 ], [ 357784.028751193429343, 5722476.670045989565551 ], [ 357779.977464626310393, 5722481.836484516970813 ], [ 357775.007216834113933, 5722488.553422706201673 ], [ 357761.525752996094525, 5722519.625878601334989 ], [ 357750.20838526415173, 5722548.600913971662521 ], [ 357772.196400847169571, 5722560.201551393605769 ], [ 357792.08774515602272, 5722569.401811925694346 ], [ 357827.921833463129587, 5722576.929539220407605 ], [ 357830.959045587689616, 5722577.812314262613654 ], [ 357850.209174546587747, 5722577.515748336911201 ], [ 357846.399861176905688, 5722582.174536535516381 ], [ 357831.840085744042881, 5722599.288284850306809 ], [ 357800.335440217866562, 5722636.109249013476074 ], [ 357786.003458509454504, 5722652.693684779107571 ], [ 357763.369888544548303, 5722680.150866138748825 ], [ 357723.171205716440454, 5722730.838637836277485 ], [ 357722.217144650523551, 5722731.878211595118046 ], [ 357715.370929562253878, 5722735.654394997283816 ], [ 357694.486317831790075, 5722745.022952032275498 ], [ 357692.031399935600348, 5722746.127046026289463 ], [ 357689.327387757657561, 5722747.238154721446335 ], [ 357661.519599476072472, 5722758.382071523927152 ], [ 357619.694382950197905, 5722775.60780166555196 ], [ 357578.132371147046797, 5722792.826474225148559 ], [ 357570.006643222062849, 5722796.160380261018872 ], [ 357535.076969662215561, 5722810.610648310743272 ], [ 357511.74473748379387, 5722821.072830252349377 ], [ 357503.896133017260581, 5722824.899829649366438 ], [ 357503.647041368414648, 5722824.906852356158197 ], [ 357495.279237758019008, 5722828.247708045877516 ], [ 357482.955771047854796, 5722832.757351453416049 ], [ 357486.483129419269972, 5722845.622933695092797 ], [ 357491.009770095814019, 5722864.458761189132929 ], [ 357496.268912540399469, 5722882.750885431654751 ], [ 357501.941774019622244, 5722899.017038035206497 ], [ 357511.69008258957183, 5722917.138093184679747 ], [ 357518.979998625523876, 5722930.342770569957793 ], [ 357525.175955032813363, 5722941.096575376577675 ], [ 357520.771160192263778, 5722943.279575238004327 ], [ 357515.065363321802579, 5722944.508794471621513 ], [ 357513.813642553985119, 5722944.566340867429972 ], [ 357509.303720822965261, 5722944.248336535878479 ], [ 357503.770135771599598, 5722943.4806595062837 ], [ 357485.183872652240098, 5722941.734446982853115 ], [ 357482.788532498641871, 5722950.34890609420836 ], [ 357482.181564282858744, 5722953.871592312119901 ], [ 357463.107311474042945, 5722970.668670777231455 ], [ 357424.710105139878578, 5723004.270078173838556 ], [ 357371.180835479055531, 5723052.988855056464672 ], [ 357348.526897364296019, 5723073.93831560947001 ], [ 357324.642196750734001, 5723095.434558046981692 ], [ 357293.533849144354463, 5723123.734284806996584 ], [ 357268.965546487248503, 5723146.752507554367185 ], [ 357248.247874537482858, 5723166.11199610773474 ], [ 357221.797205315204337, 5723198.220247235149145 ], [ 357212.571396867395379, 5723211.11212648730725 ], [ 357107.252867032948416, 5723345.01973291952163 ], [ 357106.54119997570524, 5723346.052580908872187 ], [ 357040.694344008574262, 5723417.792973414063454 ], [ 357036.697749792481773, 5723422.146131364628673 ], [ 357033.036700661468785, 5723426.122547566890717 ], [ 357032.538575814687647, 5723426.136640462093055 ], [ 356990.098106888704933, 5723464.908556144684553 ], [ 356988.895278997137211, 5723465.955322987399995 ], [ 356977.815468702639919, 5723476.418421397916973 ], [ 356950.852300370461307, 5723502.043510584160686 ], [ 356939.060726693074685, 5723513.528448546305299 ], [ 356937.374286675476469, 5723515.10084805265069 ], [ 356937.132146835676394, 5723515.107703419402242 ], [ 356889.318715788191184, 5723563.113815899938345 ], [ 356746.295488472678699, 5723497.944837204180658 ], [ 356706.060318279778585, 5723480.589427649974823 ], [ 356613.679444130393676, 5723436.346150982193649 ], [ 356611.525872290600091, 5723432.434244086034596 ], [ 356603.531039282097481, 5723432.761266154237092 ], [ 356553.738435830455273, 5723408.288652424700558 ], [ 356537.183022628421895, 5723400.968399978242815 ], [ 356481.025042776716873, 5723373.761414575390518 ], [ 356466.716968044464011, 5723366.344171256758273 ], [ 356387.963581908377819, 5723331.054946826770902 ], [ 356301.436836850596592, 5723289.076871617697179 ], [ 356277.968324072600808, 5723278.036633211188018 ], [ 356215.214235907420516, 5723248.59396443516016 ], [ 356213.671206462895498, 5723247.658521167002618 ], [ 356209.680402368074283, 5723247.816586023196578 ], [ 356207.639544032514095, 5723246.906438257545233 ], [ 356184.13490231015021, 5723234.85491244867444 ], [ 356183.047689804283436, 5723232.904902556911111 ], [ 356181.055741174321156, 5723232.983848134055734 ], [ 356136.428656155010685, 5723212.307807344943285 ], [ 355980.84566632338101, 5723139.648977709934115 ], [ 355950.235039374209009, 5723125.397144506685436 ], [ 355948.442843156284653, 5723124.468880374915898 ], [ 355899.759310605819337, 5723102.452572915703058 ], [ 355899.510231232212391, 5723102.459674936719239 ], [ 355897.511311512091197, 5723102.538928673602641 ], [ 355825.300456102122553, 5723067.995262167416513 ], [ 355819.95184539508773, 5723065.710603863932192 ], [ 355817.95291091199033, 5723065.789888818748295 ], [ 355565.969281525816768, 5722948.56288150511682 ], [ 355431.073877971677575, 5722886.057438998483121 ], [ 355430.305692222551443, 5722885.589735992252827 ], [ 355428.29976619721856, 5722885.669371752999723 ], [ 355412.992640812706668, 5722878.294684476219118 ], [ 355390.814376139838714, 5722868.200831712223589 ], [ 355381.361446381139103, 5722863.585669983178377 ], [ 355379.369349902844988, 5722863.664929047226906 ], [ 355315.018264330923557, 5722831.796888350509107 ], [ 355279.516938253422268, 5722814.238954806700349 ], [ 355278.250538738560863, 5722813.785539201460779 ], [ 355206.179222512291744, 5722782.729723753407598 ], [ 355188.623295300756581, 5722775.442367284558713 ], [ 355178.551500241446774, 5722767.851591599173844 ], [ 355174.17706963152159, 5722765.027740687131882 ], [ 355170.19279781752266, 5722765.186421583406627 ], [ 355169.183209812501445, 5722765.237608733586967 ], [ 355069.154909289325587, 5722717.311937404796481 ], [ 355054.998793567996472, 5722713.889478301629424 ], [ 355038.531565275567118, 5722702.56494829710573 ], [ 355036.532484906027094, 5722702.644539841450751 ], [ 355001.761129844700918, 5722690.565282130613923 ], [ 354994.910836375667714, 5722688.346798180602491 ], [ 354992.8404887735378, 5722686.425223633646965 ], [ 354981.473556993878447, 5722677.881490230560303 ], [ 354974.487439333926886, 5722678.170964578166604 ], [ 354828.862691995222121, 5722616.6120052523911 ], [ 354826.529099076928105, 5722620.718875586055219 ], [ 354710.246661982149817, 5722828.623425239697099 ], [ 354818.802976220962591, 5722986.775328003801405 ], [ 354792.473862482933328, 5723082.418171893805265 ], [ 354804.600410869927146, 5723182.977051149122417 ], [ 354812.359257108997554, 5723201.172754665836692 ], [ 354813.638588908361271, 5723293.184555458836257 ], [ 354816.02519623900298, 5723333.113878297619522 ], [ 354827.305639863945544, 5723418.706253780983388 ], [ 354806.289815851952881, 5723552.658650048077106 ], [ 354792.732022366079036, 5723563.721019485034049 ], [ 354777.011692963482346, 5723576.871070982888341 ], [ 354749.475588182453066, 5723613.019625827670097 ], [ 354793.733740026713349, 5723667.248336798511446 ], [ 354686.17905667721061, 5723746.708133759908378 ], [ 354665.551958803087473, 5723762.069704440422356 ], [ 354656.736085718031973, 5723768.499935418367386 ], [ 354666.29084371170029, 5723780.055331692099571 ], [ 354701.98662598291412, 5723808.609861634671688 ], [ 354717.334179861703888, 5723822.981365841813385 ], [ 354741.5570068070665, 5723852.50041273329407 ], [ 354760.417185662081465, 5723879.246763167902827 ], [ 354770.928312827367336, 5723891.331301550380886 ], [ 354784.291525106120389, 5723906.294224237091839 ], [ 354794.717027161095757, 5723916.366903494112194 ], [ 354658.429519313620403, 5724124.604744853451848 ], [ 354714.433714297483675, 5724568.091317736543715 ], [ 354714.83156426838832, 5724571.574415282346308 ], [ 354712.705152314272709, 5724574.662691212259233 ], [ 354687.474397634796333, 5724575.700043709948659 ], [ 354469.555387272383086, 5724581.161089488305151 ], [ 354305.482512013462838, 5724581.895277965813875 ], [ 354340.363987101241946, 5724846.141503270715475 ], [ 354342.682695778436027, 5724854.054239929653704 ], [ 354472.365680794871878, 5725075.369695675559342 ], [ 354522.487963871913962, 5725162.858689225278795 ], [ 354527.621900483383797, 5725172.159450640901923 ], [ 354503.851462983293459, 5725184.140262114815414 ], [ 354512.000189934973605, 5725199.820189289748669 ], [ 354523.365458034561016, 5725227.204364381730556 ], [ 354534.097349689807743, 5725247.261570809409022 ], [ 354536.982051077997312, 5725251.529977313242853 ], [ 354543.892311740783043, 5725259.544254233129323 ], [ 354546.639891351456754, 5725263.137737382203341 ], [ 354552.699956625234336, 5725327.912867086008191 ], [ 354559.160188019392081, 5725379.187960834242404 ], [ 354569.701938807789702, 5725373.909650845453143 ], [ 354671.689424436422996, 5725370.261462454684079 ], [ 354677.660419544263277, 5725371.625458482652903 ], [ 354675.646912214811891, 5725413.74037860520184 ], [ 354670.93928834865801, 5725469.744086408987641 ], [ 354675.232523862156086, 5725476.787697553634644 ], [ 354670.552973117562942, 5725539.534861536696553 ], [ 354671.775337510043755, 5725550.984948474913836 ], [ 354670.758377941208892, 5725570.000516385771334 ], [ 354671.444914169318508, 5725586.641071289777756 ], [ 354674.148474512796383, 5725602.422281302511692 ], [ 354665.171656002174132, 5725604.105159251019359 ], [ 354643.165242919581942, 5725617.91545978281647 ], [ 354616.577406056749169, 5725631.735340046696365 ], [ 354625.493827555561438, 5725659.691009832546115 ], [ 354628.022030667751096, 5725665.049246591515839 ], [ 354629.694082510715816, 5725665.190306600183249 ], [ 354639.834783917525783, 5725693.845275615341961 ], [ 354652.453600091976114, 5725726.123804180882871 ], [ 354657.194424936547875, 5725743.192993408069015 ], [ 354663.585828230076004, 5725756.052381009794772 ], [ 354668.343784104916267, 5725763.138249114155769 ], [ 354672.077164468239062, 5725765.646146199665964 ], [ 354679.381969014066271, 5725766.237212826497853 ], [ 354798.681827229098417, 5725723.018659728579223 ], [ 354800.141812548739836, 5725747.316070663742721 ], [ 354799.984047307632864, 5725803.444780439138412 ], [ 354799.719768573180772, 5725819.044283959083259 ], [ 354800.399933939159382, 5725853.046461508609354 ], [ 354801.884933855209965, 5725889.284709547646344 ], [ 354801.409781868918799, 5725913.916001013480127 ], [ 354801.962502748821862, 5725941.800828291103244 ], [ 354828.704805756104179, 5725933.39730491861701 ], [ 354871.512755336007103, 5725922.673570738174021 ], [ 354899.786418953852262, 5726003.915977793745697 ], [ 354900.347859212197363, 5726005.3911452004686 ], [ 354913.063295339990873, 5726046.893490556627512 ], [ 354915.949034553719684, 5726056.281447590328753 ], [ 354920.9527097416576, 5726074.589746525511146 ], [ 354925.252792876854073, 5726087.921292097307742 ], [ 354928.827670830243733, 5726101.785617157816887 ], [ 354931.400210007966962, 5726115.689872873947024 ], [ 354933.617665220168419, 5726127.111409570090473 ], [ 354933.943534049089067, 5726141.102476679719985 ], [ 354932.065345777198672, 5726156.180751013569534 ], [ 354927.16585346282227, 5726176.899270162917674 ], [ 354916.777382733649574, 5726216.361157587729394 ], [ 354906.225648108986206, 5726251.821284461766481 ], [ 354898.759176949621178, 5726283.141768226400018 ], [ 354893.852747758268379, 5726303.849406718276441 ], [ 354891.612501998548396, 5726322.454918806441128 ], [ 354890.296600254368968, 5726339.030622323043644 ], [ 354888.624984564026818, 5726353.101368774659932 ], [ 354887.771528869867325, 5726362.652432452887297 ], [ 354887.984156554332003, 5726374.142709073610604 ], [ 354890.307808891870081, 5726388.054103404283524 ], [ 354891.472956184181385, 5726398.014569781720638 ], [ 354894.273129980196245, 5726411.411458155140281 ], [ 354897.016315404616762, 5726423.307553499005735 ], [ 354902.133467235486023, 5726438.106895620934665 ], [ 354905.225381997646764, 5726446.487296538427472 ], [ 354910.442336447071284, 5726457.778102188371122 ], [ 354915.90818352100905, 5726469.061759481206536 ], [ 354923.975572188501246, 5726482.741325663402677 ], [ 354931.730125642963685, 5726494.927460731938481 ], [ 354939.96776997554116, 5726506.587785139679909 ], [ 354948.454609048203565, 5726518.252090494148433 ], [ 354956.955467908701394, 5726530.405687131918967 ], [ 354964.354831341246609, 5726540.109147795476019 ], [ 354972.009991685859859, 5726549.805269478820264 ], [ 354979.352346456318628, 5726558.007956130430102 ], [ 354989.274880512093659, 5726568.106390031054616 ], [ 354996.098395896551665, 5726575.834321276284754 ], [ 355007.726924168411642, 5726584.859906847588718 ], [ 355018.751807001128327, 5726591.421060447581112 ], [ 355030.238183376379311, 5726596.945105156861246 ], [ 355045.236478758277372, 5726602.835753699764609 ], [ 355067.46378354053013, 5726607.929051430895925 ], [ 355084.374414671037812, 5726611.739411221817136 ], [ 355099.25844138325192, 5726614.617506555281579 ], [ 355115.344431369390804, 5726616.459527809172869 ], [ 355126.639483889332041, 5726617.493115836754441 ], [ 355140.145334029104561, 5726617.439410027116537 ], [ 355155.157813185069244, 5726617.320252452045679 ], [ 355170.554838554759044, 5726614.686058728024364 ], [ 355181.978083519497886, 5726612.711234699934721 ], [ 355195.612153978727292, 5726609.649142227135599 ], [ 355209.872595490887761, 5726603.575394170358777 ], [ 355222.383802284486592, 5726597.551854536868632 ], [ 355232.940345274924766, 5726592.619407104328275 ], [ 355243.20929482288193, 5726611.199878851883113 ], [ 355247.537011055042967, 5726619.021956062875688 ], [ 355251.417180196498521, 5726628.370426269248128 ], [ 355253.101339286949951, 5726632.807160495780408 ], [ 355239.231118238181807, 5726648.384975889697671 ], [ 355225.865707225631922, 5726663.948356145061553 ], [ 355217.513206186587922, 5726667.793734607286751 ], [ 355204.952211273193825, 5726672.316294893622398 ], [ 355191.851419712824281, 5726676.353562496602535 ], [ 355180.513395892339759, 5726680.329164697788656 ], [ 355158.15747872350039, 5726684.242526169866323 ], [ 355156.913599708117545, 5726684.30047494918108 ], [ 355133.28564740793081, 5726687.771895240992308 ], [ 355110.65992988506332, 5726691.203531813807786 ], [ 355101.170552301686257, 5726691.598327972926199 ], [ 355090.506206186604686, 5726712.048145210370421 ], [ 355084.91825186542701, 5726722.2804069314152 ], [ 355083.531877336499747, 5726724.84651564899832 ], [ 355061.777509932057001, 5726761.752007450908422 ], [ 355051.967018691357225, 5726778.671733986586332 ], [ 355049.862719881930389, 5726782.26008945889771 ], [ 355049.130712209094781, 5726782.793048717081547 ], [ 355014.242462338414043, 5726804.239195585250854 ], [ 354992.924694236018695, 5726815.123721580021083 ], [ 354937.942525034537539, 5726840.898212444968522 ], [ 354909.928981372970156, 5726853.055057604797184 ], [ 354892.48584244097583, 5726854.769541436806321 ], [ 354867.266495676129125, 5726855.806201555766165 ], [ 354860.392724298406392, 5726865.096348303370178 ], [ 354859.375978807220235, 5726870.645636823959649 ], [ 354858.252603141998406, 5726886.203088980168104 ], [ 354861.017186831333674, 5726892.589627146720886 ], [ 354866.489663994929288, 5726903.873032483272254 ], [ 354866.781159674341325, 5726904.866273825056851 ], [ 354871.514409375493415, 5726916.671749749220908 ], [ 354873.198830747976899, 5726921.108363239094615 ], [ 354876.794936787104234, 5726929.463117168284953 ], [ 354880.042670759721659, 5726941.344697034917772 ], [ 354880.326928800437599, 5726942.32701794616878 ], [ 354883.048973797238432, 5726953.734030888415873 ], [ 354873.466754122346174, 5726970.135651526972651 ], [ 354866.00965630391147, 5726983.437932908535004 ], [ 354865.405508390336763, 5726986.972113084979355 ], [ 354867.068614812393207, 5726990.908525760285556 ], [ 354871.773529940168373, 5726995.71458475664258 ], [ 354925.264052177488338, 5727049.555468467064202 ], [ 354945.924657345283777, 5727071.219946773722768 ], [ 355063.468843206181191, 5727100.90790558885783 ], [ 355090.455937503138557, 5727106.298564628697932 ], [ 355092.140112851629965, 5727110.735247762873769 ], [ 355092.431554763112217, 5727111.728501409292221 ], [ 355093.881210921448655, 5727116.672728464007378 ], [ 355094.982498572557233, 5727119.122905062511563 ], [ 355101.591480656410567, 5727133.868449294008315 ], [ 355115.497638464788906, 5727167.813710492104292 ], [ 355124.764232868212275, 5727186.444958587177098 ], [ 355131.585972962144297, 5727200.171678829006851 ], [ 355138.343851892277598, 5727212.397808831185102 ], [ 355145.059469352301676, 5727223.634668044745922 ], [ 355157.140190955833532, 5727243.654244682751596 ], [ 355173.193256629689131, 5727269.013124435208738 ], [ 355182.822150596126448, 5727284.128396197222173 ], [ 355221.849800011026673, 5727272.013145828619599 ], [ 355285.910821914905682, 5727254.372592552565038 ], [ 355346.296925201080739, 5727238.374012134037912 ], [ 355417.06793691101484, 5727219.452203720808029 ], [ 355477.633364548441023, 5727201.958797495812178 ], [ 355543.429818919976242, 5727183.737704145722091 ], [ 355551.340693869569805, 5727181.407896784134209 ], [ 355586.951371592178475, 5727171.452216127887368 ], [ 355632.206923717167228, 5727158.5833191704005 ], [ 355675.024363258504309, 5727147.309236395172775 ], [ 355670.407539347652346, 5727169.020508460700512 ], [ 355668.322784342803061, 5727179.107410444878042 ], [ 355668.088215376716107, 5727179.614926129579544 ], [ 355670.02732907643076, 5727184.033358315005898 ], [ 355672.457282582297921, 5727188.437755222432315 ], [ 355674.887232090346515, 5727192.842153251171112 ], [ 355680.507260026992299, 5727201.618087962269783 ], [ 355708.288153660658281, 5727244.505355222150683 ], [ 355727.002810629433952, 5727273.762847152538598 ], [ 355665.719857746793423, 5727292.286532736383379 ], [ 355668.803780769463629, 5727294.15705547388643 ], [ 355671.979989726445638, 5727298.528980671428144 ], [ 355680.752333405660465, 5727323.184975233860314 ], [ 355689.66064577997895, 5727348.727419488132 ], [ 355696.456951081985608, 5727370.57976898830384 ], [ 355715.625454637920484, 5727435.325942956842482 ], [ 355738.112495180102997, 5727501.457476681098342 ], [ 355759.739124116837047, 5727565.098515128716826 ], [ 355784.944228500826284, 5727642.615463809110224 ], [ 355794.744611623347737, 5727674.23128939140588 ], [ 355794.203257189132273, 5727679.254836427979171 ], [ 355793.790715671377257, 5727681.280985257588327 ], [ 355793.143302728596609, 5727683.803524573333561 ], [ 355791.579048955347389, 5727688.377753280103207 ], [ 355791.344495358061977, 5727688.885263795033097 ], [ 355788.583018054952845, 5727693.204350896179676 ], [ 355781.564198271196801, 5727694.284130465239286 ], [ 355776.989973759453278, 5727694.481632203795016 ], [ 355805.139685870555695, 5727811.400412333197892 ], [ 355825.409194782027043, 5727896.615182107314467 ], [ 355825.809537833614741, 5727918.617028476670384 ], [ 355824.468900202424265, 5727971.206768888048828 ], [ 355821.852111014828552, 5728042.56319665722549 ], [ 355821.216385862557217, 5728069.70289465598762 ], [ 355820.921666836482473, 5728098.123821962624788 ], [ 355820.896470140549354, 5728121.451065718196332 ], [ 355820.358286098460667, 5728144.982163270004094 ], [ 355818.625936972908676, 5728169.571260337717831 ], [ 355819.579232445743401, 5728199.058308496139944 ], [ 355822.154048091848381, 5728222.834325725212693 ], [ 355832.60267816396663, 5728249.334557503461838 ], [ 355865.626166480593383, 5728328.498078220523894 ], [ 355870.932851521472912, 5728328.535674494691193 ], [ 355874.989852349157445, 5728329.86655907984823 ], [ 355879.475529866467696, 5728331.674880467355251 ], [ 355885.980666966876015, 5728335.406495190225542 ], [ 355895.672072705347091, 5728340.015339180827141 ], [ 355904.368494302965701, 5728344.663747020065784 ], [ 355911.068057882250287, 5728349.391455218195915 ], [ 355918.242421436822042, 5728359.603369046002626 ], [ 355924.813428808585741, 5728367.339611891657114 ], [ 355928.7617387889768, 5728378.188988613896072 ], [ 355931.54383140290156, 5728391.074900451116264 ], [ 355931.228769240784459, 5728401.600860005244613 ], [ 355930.80606955854455, 5728415.624418840743601 ], [ 355927.332765551109333, 5728440.786250964738429 ], [ 355925.872740985476412, 5728453.848948039114475 ], [ 355923.196246111532673, 5728473.968824736773968 ], [ 355918.285879928385839, 5728506.694956888444722 ], [ 355912.751069732708856, 5728536.445214324630797 ], [ 355906.332752946706023, 5728574.734453469514847 ], [ 355903.688031961675733, 5728590.39068766310811 ], [ 355899.288919247104786, 5728616.54723169002682 ], [ 355892.665245610522106, 5728656.355922556482255 ], [ 355891.44149161723908, 5728662.912515199743211 ], [ 355885.883996836724691, 5728698.150106055662036 ], [ 355879.494771206169389, 5728737.440194878727198 ], [ 355867.599337976891547, 5728806.96950862929225 ], [ 355866.404262415831909, 5728814.526909759268165 ], [ 355862.626187916030176, 5728838.195114573463798 ], [ 355858.257942905882373, 5728865.897785649634898 ], [ 355854.131162722012959, 5728893.092755595222116 ], [ 355855.641811400768347, 5728905.536415128037333 ], [ 355857.755771292839199, 5728920.455749217420816 ], [ 355863.6373478131718, 5728960.241080885753036 ], [ 355864.595176342641935, 5728965.199539454653859 ], [ 355871.961698331637308, 5729004.430510418489575 ], [ 355875.467351436556783, 5729022.79348767362535 ], [ 355886.401426199474372, 5729087.886684889905155 ], [ 355886.422633670445066, 5729088.38688755966723 ], [ 355889.196462917665485, 5729107.282718577422202 ], [ 355892.072371605725493, 5729146.697657929733396 ], [ 355899.544614779239055, 5729218.934492285363376 ], [ 355905.449535678722896, 5729277.226857949048281 ], [ 355908.490480530832428, 5729308.624154501594603 ], [ 355911.921386379108299, 5729343.504844270646572 ], [ 355918.826260855188593, 5729407.756104639731348 ], [ 355924.821889295068104, 5729474.559649729169905 ], [ 355930.236618121503852, 5729533.377985204569995 ], [ 355935.679386360163335, 5729592.696334732696414 ], [ 355935.785089837154374, 5729595.186230228282511 ], [ 355939.881052333861589, 5729640.041859795339406 ], [ 355942.156118392711505, 5729664.972798019647598 ], [ 355946.187183070462197, 5729714.337566780857742 ], [ 355947.451835265848786, 5729714.791122375056148 ], [ 355993.567396290251054, 5729722.900401865132153 ], [ 356088.582309374702163, 5729739.997863030992448 ], [ 356177.736862044897862, 5729754.348396675661206 ], [ 356261.441975452064071, 5729770.413869133219123 ], [ 356368.281892635102849, 5729789.038028294220567 ], [ 356371.549346684245393, 5729789.401257639750838 ], [ 356412.542625583242625, 5729794.722124433144927 ], [ 356441.260876398999244, 5729799.546935114078224 ], [ 356491.664838184369728, 5729808.484581021592021 ], [ 356494.42817771009868, 5729808.873363715596497 ], [ 356587.698450218827929, 5729826.040839615277946 ], [ 356593.25282332370989, 5729827.3073994750157 ], [ 356609.3559645608766, 5729829.654006712138653 ], [ 356620.429638497007545, 5729831.197693603113294 ], [ 356641.838354399660602, 5729834.818071777001023 ], [ 356643.872481988801155, 5729847.747809989377856 ], [ 356694.793822417035699, 5729857.162413718178868 ], [ 356768.89024475205224, 5729869.346961816772819 ], [ 356775.1429769101087, 5729870.371301967650652 ], [ 356800.343946191831492, 5729874.830599351786077 ], [ 356830.070143705932423, 5729880.118636874482036 ], [ 356836.356096113391686, 5729880.852754507213831 ], [ 356869.654340465785936, 5729887.497511847876012 ], [ 356914.011767800431699, 5729895.67608704417944 ], [ 356918.308683053823188, 5729896.50013046618551 ], [ 356954.887893789331429, 5729903.998312152922153 ], [ 356967.495614013867453, 5729906.489712361246347 ], [ 356975.819931811711285, 5729908.1455361796543 ], [ 356994.741521514137276, 5729911.871312225237489 ], [ 357042.891275686852168, 5729920.900548743084073 ], [ 357057.245743413106538, 5729923.298134689219296 ], [ 357103.108434321009554, 5729931.424545150250196 ], [ 357119.238617833936587, 5729934.261660674586892 ], [ 357136.654344599810429, 5729938.052884700708091 ], [ 357175.186903250694741, 5729944.47342933062464 ], [ 357219.010491459397599, 5729951.668151694349945 ], [ 357275.718058063532226, 5729961.848388529382646 ], [ 357318.427485125896055, 5729966.092935772612691 ], [ 357390.718294671154581, 5729978.137235117144883 ], [ 357424.946162327658385, 5729983.234636147506535 ], [ 357451.665619774255902, 5729988.132742841728032 ], [ 357454.341068516194355, 5730047.062748393043876 ], [ 357454.605107899114955, 5730126.604952400550246 ], [ 357456.749533225200139, 5730209.065436862409115 ], [ 357457.294352287019137, 5730240.56720208376646 ], [ 357458.162279157200828, 5730292.058547344990075 ], [ 357458.321929549681954, 5730381.107854334637523 ], [ 357461.78806831582915, 5730477.542349002324045 ], [ 357461.786353252246045, 5730562.589822855778039 ], [ 357462.116025762283243, 5730570.582217086106539 ], [ 357464.252024370012805, 5730628.52591588255018 ], [ 357465.660626911907457, 5730748.044418930076063 ], [ 357465.801836911472492, 5730763.554186901077628 ], [ 357466.835569825023413, 5730880.078497005626559 ], [ 357468.740768966963515, 5730987.07405957672745 ], [ 357470.317937700892799, 5731110.583161583170295 ], [ 357470.967274987138808, 5731175.112770246341825 ], [ 357478.540379027079325, 5731182.800202761776745 ], [ 357480.59199049056042, 5731281.278015587478876 ], [ 357505.803349314839579, 5731292.250640992075205 ], [ 357589.033217388438061, 5731326.846551047638059 ], [ 357686.055887988011818, 5731368.388301515951753 ], [ 357688.590627137338743, 5731369.28495230525732 ], [ 357736.406352937920019, 5731388.334478777833283 ], [ 357732.944072244165, 5731395.476821054704487 ], [ 357721.612223001138773, 5731417.954403634183109 ], [ 357677.448851503781043, 5731511.838594623841345 ], [ 357626.926491997670382, 5731615.473792139440775 ], [ 357605.833535750745796, 5731662.36614550743252 ], [ 357563.300803212332539, 5731748.726836983114481 ], [ 357538.349296518368647, 5731775.963547937572002 ], [ 357528.510614292114042, 5731783.464375199750066 ], [ 357504.504288614320103, 5731791.554981022141874 ], [ 357493.325073053536471, 5731791.003022320568562 ], [ 357346.438812204520218, 5731841.188137140125036 ], [ 357339.462730495957658, 5731843.578020767308772 ], [ 357310.346343990415335, 5731853.539229307323694 ], [ 357305.1977344659972, 5731855.28758308198303 ], [ 356906.166395542793907, 5731991.647696106694639 ], [ 357039.823112889484037, 5732084.543202207423747 ], [ 356858.680599994258955, 5732193.419187600724399 ], [ 356848.886602169484831, 5732201.944031528197229 ], [ 356760.252385989064351, 5732345.568058083765209 ], [ 356671.666826131986454, 5732485.130416341125965 ], [ 356581.661568826762959, 5732624.657098367810249 ], [ 356556.30188846483361, 5732673.389897990971804 ], [ 356548.752690966241062, 5732687.883450691588223 ], [ 356473.057834819715936, 5732869.518136468715966 ], [ 356426.380217403639108, 5732893.762977262958884 ], [ 356439.191313832183369, 5732909.457185631617904 ], [ 356426.963815085531678, 5732907.935949304141104 ], [ 356468.583449375641067, 5732957.954994711093605 ], [ 356505.688074378587771, 5732997.007245449349284 ], [ 356556.624184628832154, 5733051.714035930112004 ], [ 356570.335190370620694, 5733064.333549709059298 ], [ 356623.759579785401002, 5733105.748761703260243 ], [ 356663.569061835238244, 5733136.478444572538137 ], [ 356715.353031486971304, 5733187.089339974336326 ], [ 356753.681011090811808, 5733329.553222998976707 ], [ 356750.133595861843787, 5733341.862701877951622 ], [ 356740.809448392828926, 5733337.175435696728528 ], [ 356624.670928178355098, 5733546.85766969807446 ], [ 356580.332095195073634, 5733627.793203512206674 ], [ 356580.453060758882202, 5733630.82800333108753 ], [ 356577.459002413321286, 5733631.970524066127837 ], [ 356568.633212673244998, 5733639.433507684618235 ], [ 356531.893971620011143, 5733707.888868517242372 ], [ 356504.916794377844781, 5733758.549189483746886 ], [ 356472.437540714046918, 5733819.549618870019913 ], [ 356411.980208129738458, 5733933.087184748612344 ], [ 356395.367481622612104, 5733964.277243920601904 ], [ 356354.703344474022742, 5734035.939971968531609 ], [ 356280.780148715944961, 5734169.395162758417428 ], [ 356207.46508343424648, 5734301.743627360090613 ], [ 356200.598624578793533, 5734314.126125679351389 ], [ 356145.670670157298446, 5734384.250593577511609 ], [ 356157.8856229558005, 5734410.12194786965847 ], [ 355875.677363246912137, 5734725.023175174370408 ], [ 355886.343007602263242, 5734737.772427525371313 ], [ 355889.714593917946331, 5734745.744589012116194 ], [ 355755.317169228103012, 5734860.117296459153295 ], [ 355809.199052998214029, 5734881.9340696092695 ], [ 355759.951382587838452, 5734991.487268358469009 ], [ 355757.129296955652535, 5734996.910143961198628 ], [ 355753.303356273565441, 5734996.229587864130735 ], [ 355741.990233294665813, 5734994.149829799309373 ], [ 355733.819593246560544, 5734993.972175708971918 ], [ 355723.778599133831449, 5734997.954814256168902 ], [ 355716.513677013572305, 5735007.444779647514224 ], [ 355701.119554755510762, 5735030.010867822915316 ], [ 355650.379489770508371, 5735098.941932046785951 ], [ 355635.777461961028166, 5735115.865279065445065 ], [ 355632.015439069247805, 5735123.67458516638726 ], [ 355631.878502858628053, 5735132.871253307908773 ], [ 355635.631113386189099, 5735149.546514810062945 ], [ 355646.918793522403575, 5735200.617603581398726 ], [ 355651.541101111681201, 5735208.598268685862422 ], [ 355652.21986909856787, 5735212.997108712792397 ], [ 355660.679925566655584, 5735268.333889428526163 ], [ 355663.410423961526249, 5735314.898189142346382 ], [ 355668.805929351248778, 5735406.949140334501863 ], [ 355674.322784569580108, 5735501.066660843789577 ], [ 355684.868144389358349, 5735584.823386778123677 ], [ 355718.726805954589508, 5735840.670851574279368 ], [ 355723.098857415141538, 5735872.953846512362361 ], [ 355731.355702962609939, 5735901.007672022096813 ], [ 355761.441164753399789, 5735977.115135072730482 ], [ 355765.520778323814739, 5735986.190962953492999 ], [ 355767.203255452099256, 5735990.672342905774713 ], [ 355938.447608933784068, 5736447.229593402706087 ], [ 355974.369192761078011, 5736408.217330239713192 ], [ 355975.433134112448897, 5736409.678194677457213 ], [ 356101.449844824965112, 5736582.03698555752635 ], [ 356107.774134796578437, 5736593.330345974303782 ], [ 356112.522630979539827, 5736610.378056293353438 ], [ 356124.859875176218338, 5736663.623544836416841 ], [ 356140.81416722945869, 5736730.588116771541536 ], [ 356154.296372226323001, 5736787.184204690158367 ], [ 356154.838377047795802, 5736800.345690296031535 ], [ 356149.339471785817295, 5736814.770542747341096 ], [ 356139.756025969807524, 5736828.355073614045978 ], [ 356127.052100226050243, 5736840.036724048666656 ], [ 356078.479925384279341, 5736867.40143951959908 ], [ 356059.699259552289732, 5736879.323872136883438 ], [ 356051.087409211439081, 5736891.856906298547983 ], [ 356046.474314802093431, 5736903.196013164706528 ], [ 356046.045710001257248, 5736917.420290033333004 ], [ 356050.85042809357401, 5736935.467968956567347 ], [ 356103.612334665725939, 5737131.88069558236748 ], [ 356115.529114211793058, 5737176.245937372557819 ], [ 356117.220706904015969, 5737192.65767237637192 ], [ 356113.7467831709655, 5737305.384732397273183 ], [ 356114.806797636556439, 5737343.894908298738301 ], [ 356115.779353351914324, 5737379.347051648423076 ], [ 356129.71699571510544, 5737594.821972601115704 ], [ 356132.900471105473116, 5737618.013262675143778 ], [ 356138.425472233735491, 5737658.37675760127604 ], [ 356153.89210695726797, 5737750.863469442352653 ], [ 356162.645248754299246, 5737803.198750277049839 ], [ 356162.638350036810152, 5737803.198947553522885 ], [ 356185.995613714039791, 5737985.261826722882688 ], [ 356198.337498200125992, 5738021.390551839023829 ], [ 356208.110813387436792, 5738044.716219868510962 ], [ 356212.96759402519092, 5738096.751182768493891 ], [ 356215.267464855511207, 5738119.722932046279311 ], [ 356220.13903193268925, 5738139.193360412493348 ], [ 356252.50859131879406, 5738422.898055312223732 ], [ 356255.44486839894671, 5738452.684977008961141 ], [ 356251.379947605310008, 5738459.48983655218035 ], [ 356263.24227780662477, 5738450.147224414162338 ], [ 356274.677177138684783, 5738458.456684014759958 ], [ 356287.988859998062253, 5738452.72309638839215 ], [ 356327.190576568071265, 5738389.791274451650679 ], [ 356753.58714060834609, 5738357.828885917551816 ], [ 356783.82743718958227, 5738259.98800415545702 ], [ 356795.971175059850793, 5738264.116129133850336 ], [ 356804.653920592041686, 5738265.983441639691591 ], [ 356808.921471466426738, 5738253.898077010177076 ], [ 356808.836889011901803, 5738251.897234759293497 ], [ 356837.007947217789479, 5738163.274985552765429 ], [ 356847.110287602699827, 5738130.846404267475009 ], [ 356917.116031698242296, 5738127.96397450286895 ], [ 356981.734238467994146, 5738123.77780175767839 ], [ 356996.181029777333606, 5738123.18894227873534 ], [ 357049.450797601602972, 5738120.99570295214653 ], [ 357155.947907531284727, 5738115.844215483404696 ], [ 357146.638090999564156, 5738093.36069224588573 ], [ 357144.957889774814248, 5738089.624510892666876 ], [ 357180.12935473350808, 5738073.69034825079143 ], [ 357299.629972695605829, 5738014.853123606182635 ], [ 357448.601419083832297, 5737944.388293522410095 ], [ 357568.254705792583991, 5737887.322936207056046 ], [ 357619.109498358797282, 5737863.880917216651142 ], [ 357625.893470151349902, 5737862.075169577263296 ], [ 357635.910281823249534, 5737883.014796118251979 ], [ 357645.317183848994318, 5737889.481642599217594 ], [ 357720.326424979313742, 5737875.684873918071389 ], [ 357863.421905452210922, 5737852.274575230665505 ], [ 357941.484305581019726, 5737841.433105790056288 ], [ 357946.404472805385012, 5737831.322522778064013 ], [ 358059.876963567687199, 5737810.63540855422616 ], [ 358278.530234830803238, 5737771.149685816839337 ], [ 358367.760345590591896, 5737753.75691004935652 ], [ 358368.960174895764794, 5737744.38589364849031 ], [ 358382.16604706668295, 5737741.621336039155722 ], [ 358389.271895794197917, 5737731.616630917415023 ], [ 358438.795786674949341, 5737721.308303913101554 ], [ 358494.00604120711796, 5737710.651308269239962 ], [ 358535.473389985971153, 5737705.511872275732458 ], [ 358536.328527715872042, 5737705.476693710312247 ], [ 358653.749374017177615, 5737687.307468025013804 ], [ 358709.158980832668021, 5737678.316611460410058 ], [ 358754.023831474478357, 5737672.694052034057677 ], [ 358790.132138905581087, 5737668.230283997952938 ], [ 358864.834091760276351, 5737659.044607101008296 ], [ 358912.78042463719612, 5737655.952320767566562 ], [ 358941.869454138737638, 5737653.044266394339502 ], [ 358974.793923870485742, 5737650.262557713314891 ], [ 358979.154083504632581, 5737649.650645269080997 ], [ 358979.169107923167758, 5737653.634384047240019 ], [ 358981.88840073661413, 5737658.03198242560029 ], [ 358986.630464382469654, 5737672.767304172739387 ], [ 358986.368988775531761, 5737676.246863062493503 ], [ 358987.639147855748888, 5737682.888618716970086 ], [ 358995.538396796386223, 5737698.926558052189648 ], [ 358999.450289968226571, 5737712.127109820023179 ], [ 359003.471492474665865, 5737716.666286622174084 ], [ 359006.494301536935382, 5737722.780373730696738 ], [ 359013.212153772357851, 5737727.95622247364372 ], [ 359014.643432226264849, 5737738.377305803820491 ], [ 359015.926617118937429, 5737740.06632502283901 ], [ 359018.780168924131431, 5737749.256748951971531 ], [ 359019.410616774053778, 5737764.852976801805198 ], [ 359015.904974359436892, 5737769.592001235112548 ], [ 359008.462993088236544, 5737774.541524266824126 ], [ 359002.592075075895991, 5737786.769861136563122 ], [ 358999.904139878926799, 5737790.384211688302457 ], [ 358998.966991483990569, 5737793.404166772961617 ], [ 359001.027669768489432, 5737797.953782268799841 ], [ 358996.485102399543393, 5737800.674164668656886 ], [ 358987.544800668139942, 5737800.691087973304093 ], [ 358984.065881602582522, 5737803.426178777590394 ], [ 358979.425698225211818, 5737804.880614598281682 ], [ 358968.308115922904108, 5737809.732932360842824 ], [ 358962.077633777400479, 5737816.273386120796204 ], [ 358955.985425653518178, 5737828.97540617082268 ], [ 358955.133748166554142, 5737833.072482041083276 ], [ 358959.470294261758681, 5737839.995502447709441 ], [ 358961.793064361787401, 5737846.997250443324447 ], [ 358959.011968988983426, 5737853.19615335110575 ], [ 358952.11477490584366, 5737860.578860156238079 ], [ 358952.115710414480418, 5737860.612220759503543 ], [ 358950.03858596883947, 5737862.862870859913528 ], [ 358948.699078090023249, 5737868.520552169531584 ], [ 358949.535478200472426, 5737877.912185243330896 ], [ 358951.57400171563495, 5737883.886908015236259 ], [ 358953.279361040855292, 5737888.813724298030138 ], [ 358953.240617055504117, 5737887.924495102837682 ], [ 358957.968916860059835, 5737901.925665494054556 ], [ 358967.500763239106163, 5737911.685566226020455 ], [ 358977.961688505485654, 5737919.371708446182311 ], [ 358989.309221433941275, 5737923.961426203139126 ], [ 358998.461166259367019, 5737924.606299503706396 ], [ 359006.648093407857232, 5737926.290974318981171 ], [ 359019.939411269966513, 5737928.800804139114916 ], [ 359026.134368051076308, 5737931.5874645691365 ], [ 359032.336216216383036, 5737934.373939177021384 ], [ 359041.70550367468968, 5737940.065336310304701 ], [ 359049.970111799018923, 5737943.784498274326324 ], [ 359100.338454213109799, 5737959.968089437112212 ], [ 359107.427549861138687, 5737959.680470784194767 ], [ 359109.328324602451175, 5737956.555640860460699 ], [ 359116.241647821501829, 5737952.210898824967444 ], [ 359123.415035086043645, 5737953.946407436393201 ], [ 359132.651174599828664, 5737956.614628210663795 ], [ 359138.944101186585613, 5737961.42414428666234 ], [ 359145.181082816328853, 5737965.222501990385354 ], [ 359145.511584426858462, 5737973.326235008426011 ], [ 359147.150790368730668, 5737988.471316587179899 ], [ 359148.417667652480304, 5737994.512233106419444 ], [ 359151.585013944655657, 5737997.417215785942972 ], [ 359169.930386700783856, 5737999.707996566779912 ], [ 359178.201383075444028, 5738003.416052791289985 ], [ 359182.502254159422591, 5738009.327513439580798 ], [ 359188.823710463708267, 5738015.160149456001818 ], [ 359189.963839393400121, 5738018.155297299847007 ], [ 359187.133241360657848, 5738023.331592531874776 ], [ 359184.176886268425733, 5738025.495471763424575 ], [ 359185.815970012103207, 5738040.640564734116197 ], [ 359182.063118036370724, 5738047.890407120808959 ], [ 359182.393564597528894, 5738055.994142371229827 ], [ 359188.672838520724326, 5738060.815224840305746 ], [ 359198.886633007321507, 5738062.410066774114966 ], [ 359208.967461527325213, 5738060.981584003195167 ], [ 359218.083888804307207, 5738060.61510619148612 ], [ 359228.164724650501739, 5738059.186662045307457 ], [ 359245.629337730817497, 5738064.551683003082871 ], [ 359253.612263923918363, 5738061.17879643291235 ], [ 359260.736119714798406, 5738061.892017358914018 ], [ 359263.94609373935964, 5738065.830862750299275 ], [ 359269.388916548574343, 5738085.666100239381194 ], [ 359278.526558713521808, 5738095.682416239753366 ], [ 359281.731236368941609, 5738103.627830000594258 ], [ 359283.581605921499431, 5738106.102323040366173 ], [ 359282.773526441073045, 5738114.972421350888908 ], [ 359294.850276564829983, 5738120.978024017065763 ], [ 359296.177639906760305, 5738139.05876499786973 ], [ 359304.310725354589522, 5738146.732766970992088 ], [ 359321.26866454287665, 5738141.895864591933787 ], [ 359341.047780368244275, 5738158.447790453210473 ], [ 359347.288218636298552, 5738170.036523533985019 ], [ 359354.27040402952116, 5738192.844720891676843 ], [ 359404.344051073538139, 5738360.359214512631297 ], [ 359414.364634409255814, 5738393.343390104360878 ], [ 359457.867199018131942, 5738538.528223955072463 ], [ 359451.954288759734482, 5738542.83343505486846 ], [ 359470.048419627419207, 5738563.383645448833704 ], [ 359554.984242552425712, 5738729.279751827009022 ], [ 359593.783124717185274, 5738795.726397275924683 ], [ 359602.996669507527258, 5738811.494748857803643 ], [ 359657.418125165160745, 5738901.555189509876072 ], [ 359697.134671072009951, 5738966.596934332512319 ], [ 359700.924344146624207, 5738972.790141277015209 ], [ 359724.700441486318596, 5739012.279799373820424 ], [ 359756.727325043873861, 5739065.483906708657742 ], [ 359800.360462188255042, 5739140.377474657259881 ], [ 359832.14747020707, 5739197.906697322614491 ], [ 359839.633326340815984, 5739210.429444335401058 ], [ 359846.742696303408593, 5739222.818020796403289 ], [ 359848.505154621787369, 5739225.629012452438474 ], [ 359866.079263894527685, 5739258.36998063325882 ], [ 359869.54004604939837, 5739268.378543335013092 ], [ 359888.337658640113659, 5739306.149117104709148 ], [ 359948.464320276922081, 5739460.890149987302721 ], [ 359993.62818146252539, 5739589.472728844732046 ], [ 360016.254956293851137, 5739646.356627357192338 ], [ 360057.990209556533955, 5739756.505580911412835 ], [ 360066.880544906714931, 5739775.39974610041827 ], [ 360117.616943609318696, 5739899.087216905318201 ], [ 360160.432252092869021, 5740002.807718981988728 ], [ 360212.814289987785742, 5740141.652237377129495 ], [ 360234.597835814289283, 5740202.622438545338809 ], [ 360248.638087485684082, 5740237.521646102890372 ], [ 360272.566139373695478, 5740296.974472257308662 ], [ 360312.733369059453253, 5740407.179896018467844 ], [ 360313.733648525900207, 5740409.900922173634171 ], [ 360384.644650029600598, 5740506.376330708153546 ], [ 360415.845181732438505, 5740541.322284305468202 ], [ 360433.556932481587864, 5740561.162776147946715 ], [ 360475.264073386322707, 5740613.200549830682576 ], [ 360495.586931639467366, 5740618.000446680001915 ], [ 360533.662643266899977, 5740626.992946047335863 ], [ 360553.304451079457067, 5740631.622781855985522 ], [ 360563.604933409951627, 5740634.063531608320773 ], [ 360575.259440479218028, 5740636.81172904651612 ], [ 360577.690488106920384, 5740637.389753989875317 ], [ 360741.378583906101994, 5740671.212102489545941 ], [ 360758.79359719355125, 5740674.680262992158532 ], [ 360759.931717619532719, 5740674.915819379501045 ], [ 360771.990441054338589, 5740677.319398840889335 ], [ 360884.791947177785914, 5740699.791675696149468 ], [ 360995.193603603576776, 5740720.607856216840446 ], [ 360995.862413445429411, 5740736.804016400128603 ], [ 361057.956118423258886, 5740742.365010060369968 ], [ 361123.311798934708349, 5740752.866824869066477 ], [ 361176.377073027309962, 5740760.815513860434294 ], [ 361249.955387117923237, 5740774.018666830845177 ], [ 361301.126171718351543, 5740785.092503436841071 ], [ 361337.994828261376824, 5740793.71252201218158 ], [ 361374.488304797792807, 5740793.239826848730445 ], [ 361405.964146565413103, 5740793.963016071356833 ], [ 361422.048763114435133, 5740790.258690849877894 ], [ 361430.146726412582211, 5740789.924088613130152 ], [ 361460.619206920731813, 5740792.044125680811703 ], [ 361485.070309827744495, 5740793.740497602149844 ], [ 361545.824377171520609, 5740793.813395873643458 ], [ 361552.958790202683304, 5740793.817144888453186 ], [ 361557.091650716087315, 5740793.814567783847451 ], [ 361552.652007865428459, 5740809.227781512774527 ], [ 361557.758963282336481, 5740810.021893751807511 ], [ 361641.688205133890733, 5740806.564031978137791 ], [ 361729.05879390030168, 5740810.068494023755193 ], [ 361736.943634417722933, 5740627.451715053059161 ], [ 361740.031599261448719, 5740556.109540232457221 ], [ 361832.172632401343435, 5740555.289212945848703 ], [ 361929.505408711498603, 5740554.327931065112352 ], [ 361998.483296888647601, 5740554.525473369285464 ], [ 362068.356570014730096, 5740551.650124081410468 ], [ 362081.517047647095751, 5740551.478116540238261 ], [ 362212.30820227204822, 5740549.782243881374598 ], [ 362331.516551255015656, 5740548.930111602880061 ], [ 362399.481021083658561, 5740549.172042825259268 ], [ 362407.565185407409444, 5740549.329072212800384 ], [ 362426.791864802769851, 5740549.704117763787508 ], [ 362466.480895765824243, 5740550.476254608482122 ], [ 362505.035704397130758, 5740550.901361944153905 ], [ 362517.110918575024698, 5740548.389785254374146 ], [ 362562.882430474390276, 5740551.567000872455537 ], [ 362671.725507391849533, 5740559.263855543918908 ], [ 362763.357986048562452, 5740567.655590565875173 ], [ 362861.110539974062704, 5740576.816767921671271 ], [ 362949.827027435472701, 5740588.374070035293698 ], [ 363020.992706233868375, 5740595.481312995776534 ], [ 363064.919421625440009, 5740599.870720627717674 ], [ 363147.966902677086182, 5740611.819655803963542 ], [ 363245.761399049952161, 5740625.894796491600573 ], [ 363342.507641968608368, 5740638.998748848214746 ], [ 363385.444364835042506, 5740644.820046436972916 ], [ 363446.697972849942744, 5740653.115264909341931 ], [ 363490.530913708731532, 5740658.412310387007892 ], [ 363490.069651109399274, 5740647.27402959484607 ], [ 363525.342693298007362, 5740395.289316713809967 ], [ 363550.787696401413996, 5740200.516654491424561 ], [ 363571.877146940154489, 5740041.451544895768166 ], [ 363573.227692706976086, 5740031.210021647624671 ], [ 363633.933074699132703, 5740002.765177928842604 ], [ 363742.342586788348854, 5739950.625971954315901 ], [ 363732.268696406157687, 5739656.905998067930341 ], [ 363724.833266689616721, 5739500.996826248243451 ], [ 363724.061155721312389, 5739482.18832082208246 ], [ 363844.781188866763841, 5739483.301914678886533 ], [ 363837.323059576097876, 5739305.525890327058733 ], [ 363843.37357157986844, 5739291.941059597767889 ], [ 363907.324068650603294, 5739292.223773171193898 ], [ 363921.577097019704524, 5739269.325039587914944 ], [ 363994.72684019053122, 5739231.31162507366389 ], [ 364079.412363282870501, 5739188.013017457909882 ], [ 364199.462275186437182, 5739125.242814977653325 ], [ 364135.572533013357315, 5739000.082207484170794 ], [ 364088.15092161949724, 5738907.706718699075282 ], [ 364119.384117842419073, 5738811.981333298608661 ], [ 364129.369939693715423, 5738810.89911316242069 ], [ 364195.94760728161782, 5738790.171027491800487 ], [ 364248.668920565280132, 5738766.73533605132252 ], [ 364285.579686704091728, 5738749.769662617705762 ], [ 364295.009472663048655, 5738739.076686246320605 ], [ 364316.795465650851838, 5738738.911652757786214 ], [ 364315.100534154335037, 5738720.862551382742822 ], [ 364335.083616917952895, 5738712.96747496817261 ], [ 364356.97822743904544, 5738707.357886700890958 ], [ 364380.26105639670277, 5738706.640848515555263 ], [ 364423.04878699342953, 5738709.726940970867872 ], [ 364447.210171984275803, 5738717.789107108488679 ], [ 364469.866322802612558, 5738729.67561973631382 ], [ 364530.819435319979675, 5738774.739069506525993 ], [ 364535.469397492415737, 5738772.35472643096 ], [ 364535.339402922429144, 5738778.033720646984875 ], [ 364584.518273572670296, 5738814.456625028513372 ], [ 364592.080570814432576, 5738813.084486272186041 ], [ 364617.002116137475241, 5738788.39831468462944 ], [ 364624.564327565138228, 5738783.175800179131329 ], [ 364630.418679530615918, 5738779.635151744820178 ], [ 364643.62764094339218, 5738773.670844908803701 ], [ 364652.685492132150102, 5738772.469981691800058 ], [ 364678.896246306132525, 5738761.815738087520003 ], [ 364688.246374887879938, 5738757.624662989750504 ], [ 364719.169361397216562, 5738740.734342033043504 ], [ 364730.989354300312698, 5738732.136827209964395 ], [ 364755.778421138296835, 5738713.26397813949734 ], [ 364802.06246094458038, 5738669.787091304548085 ], [ 364838.154047277930658, 5738634.841882259584963 ], [ 364882.182778577902354, 5738595.488278743810952 ], [ 364915.68594416877022, 5738571.808373560197651 ], [ 364948.728826827602461, 5738561.305931352078915 ], [ 364983.183548729168251, 5738554.794274017214775 ], [ 365012.254950602073222, 5738546.502154946327209 ], [ 365045.2096718858229, 5738533.988495199941099 ], [ 365101.038817947206553, 5738510.38959579076618 ], [ 365149.86231570772361, 5738489.104711968451738 ], [ 365227.63538112747483, 5738456.483582620508969 ], [ 365310.259112799889408, 5738418.603617516346276 ], [ 365361.995449089503381, 5738394.16030890122056 ], [ 365416.520519496581983, 5738363.511215792968869 ], [ 365474.080367869348265, 5738332.748176790773869 ], [ 365512.777760359575041, 5738311.871383158490062 ], [ 365552.530594008625485, 5738291.990489459596574 ], [ 365600.385143206804059, 5738271.75986339058727 ], [ 365646.124122058099601, 5738249.583132966421545 ], [ 365678.075435810431372, 5738237.111707594245672 ], [ 365711.108435972593725, 5738226.625829585827887 ], [ 365724.699089946458116, 5738221.934043819084764 ], [ 365741.107666162832174, 5738216.26567623578012 ], [ 365762.314315896015614, 5738208.032197461463511 ], [ 365771.298639361630194, 5738202.740156141109765 ], [ 365804.898230439517647, 5738182.947673641145229 ], [ 365812.462917348137125, 5738176.447222664020956 ], [ 365818.455402864259668, 5738171.301867650821805 ], [ 365823.502949597837869, 5738166.960710138082504 ], [ 365834.435092450818047, 5738161.449897699989378 ], [ 365838.535001680254936, 5738168.162161185406148 ], [ 365845.305807244614698, 5738179.254492351785302 ], [ 365855.129153362417128, 5738196.096627526916564 ], [ 365877.060759020678233, 5738211.413996137678623 ], [ 365914.393466075067408, 5738231.172739247791469 ], [ 365937.168738718493842, 5738242.417171785607934 ], [ 365957.583191167272162, 5738245.634374364279211 ], [ 365988.085682643170003, 5738247.414362265728414 ], [ 366042.730965688708238, 5738244.155736705288291 ], [ 366101.375938464596402, 5738239.711774450726807 ], [ 366157.993893801234663, 5738235.35582958906889 ], [ 366187.272126030991785, 5738232.117380898445845 ], [ 366202.333215413964354, 5738228.45608972478658 ], [ 366201.723230521543883, 5738188.922533415257931 ], [ 366203.06725702912081, 5738122.940800596028566 ], [ 366204.689794780977536, 5738064.051486841402948 ], [ 366171.944123451015912, 5738007.578866486437619 ], [ 366303.783449045440648, 5738007.221825025044382 ], [ 366381.873301381361671, 5738007.049542753957212 ], [ 366532.982654931431171, 5738007.622134282253683 ], [ 366641.657138918992132, 5738011.260556911118329 ], [ 366681.228964738897048, 5738011.658120504580438 ], [ 366736.863504442502744, 5738016.983025650493801 ], [ 366747.99171585770091, 5738018.045819653198123 ], [ 366778.657498342683539, 5738023.876975799910724 ], [ 366841.562628537183627, 5738024.325483565218747 ], [ 366948.134538323676679, 5738026.023090758360922 ], [ 366983.657196333399042, 5738026.541272888891399 ], [ 367021.196155944257043, 5738027.084291049279273 ], [ 367082.161897358018905, 5738029.645788254216313 ], [ 367202.343911970790941, 5738035.451485764235258 ], [ 367228.799167193588801, 5738037.401528565213084 ], [ 367228.981408079154789, 5738017.110109564848244 ], [ 367234.317916085245088, 5737980.78051255363971 ], [ 367241.527233540662564, 5737909.481384105980396 ], [ 367243.421929425210692, 5737905.681190078146756 ], [ 367249.467498742043972, 5737905.098753018304706 ], [ 367280.984269459848292, 5737808.453756077215075 ], [ 367322.233852683799341, 5737750.97925372980535 ], [ 367344.51406390836928, 5737725.709412016905844 ], [ 367373.478825764323119, 5737690.036675771698356 ], [ 367376.101060203625821, 5737679.785302069038153 ], [ 367387.920741286885459, 5737671.183221084997058 ], [ 367451.559040503983852, 5737613.642716833390296 ], [ 367484.666519421851262, 5737583.703784135170281 ], [ 367486.689273164491169, 5737581.869999063201249 ], [ 367517.201469904743135, 5737554.292059200815856 ], [ 367530.873471354134381, 5737541.557538330554962 ], [ 367581.060421972884797, 5737514.463454824872315 ], [ 367582.544464578910265, 5737513.66767771076411 ], [ 367612.242890319554135, 5737497.629360090941191 ], [ 367691.319712790427729, 5737455.465456859208643 ], [ 367719.431070479215123, 5737440.482201009057462 ], [ 367748.046847210032865, 5737421.045742525719106 ], [ 367837.720861951471306, 5737357.506823988631368 ], [ 367838.116944219567813, 5737285.07491391338408 ], [ 367837.666479895473458, 5737249.532555701211095 ], [ 367854.688570407452062, 5737193.956935490481555 ], [ 367858.156421420746483, 5737179.577404876239598 ], [ 367881.452824205276556, 5737103.417104203253984 ], [ 367910.539385193318594, 5737032.390758108347654 ], [ 367925.244335572584532, 5737007.100106881000102 ], [ 367940.780126207275316, 5736890.615529729984701 ], [ 367954.990179043263197, 5736865.64957088790834 ], [ 367964.299420273397118, 5736844.940773703157902 ], [ 368004.376849239110015, 5736756.912378145381808 ], [ 368041.212765178759582, 5736713.726371038705111 ], [ 368037.22701872990001, 5736691.808506070636213 ], [ 368053.38463415770093, 5736664.710856469348073 ], [ 368074.063720264239237, 5736648.622755561023951 ], [ 368074.619109802879393, 5736637.41338721755892 ], [ 368034.020502083760221, 5736589.292055157013237 ], [ 368008.225856447592378, 5736530.400210293009877 ], [ 367954.13408755994169, 5736401.521095738746226 ], [ 367949.925977215461899, 5736373.255006716586649 ], [ 367932.996391696622595, 5736332.280703676864505 ], [ 367899.885486406681594, 5736268.607109451666474 ], [ 367892.013327470282093, 5736226.516053727827966 ], [ 367890.041437342530116, 5736203.221176284365356 ], [ 367884.298430512892082, 5736175.952435407787561 ], [ 367880.097406566957943, 5736171.121872493065894 ], [ 367885.717573801754043, 5736161.882712240330875 ], [ 367837.873091826215386, 5736117.836674821563065 ], [ 367804.362447158782743, 5736057.178693125024438 ], [ 367804.28226475440897, 5736055.177749930880964 ], [ 367791.678652753937058, 5736040.686265585944057 ], [ 367796.710830752854235, 5736034.300107320770621 ], [ 367790.272600142750889, 5735976.64787605125457 ], [ 367776.695349051500671, 5735918.270703159272671 ], [ 367703.910722297849134, 5735828.777553679421544 ], [ 367695.605130758951418, 5735821.506695292890072 ], [ 367616.330400407139678, 5735751.347837061621249 ], [ 367607.467988383607008, 5735733.419946023263037 ], [ 367584.24010682181688, 5735687.638077898882329 ], [ 367561.709084072499536, 5735609.299500105902553 ], [ 367541.454182462650351, 5735562.62722519878298 ], [ 367533.324505819531623, 5735503.806772041134536 ], [ 367530.789008684514556, 5735468.608655427582562 ], [ 367533.022218504687771, 5735410.439126301556826 ], [ 367534.562905015656725, 5735381.065003632567823 ], [ 367537.386300321784802, 5735365.789770236238837 ], [ 367540.127037242171355, 5735359.708494872786105 ], [ 367547.373448053258471, 5735341.913221892900765 ], [ 367549.665368985151872, 5735336.622726880013943 ], [ 367550.662916349596344, 5735318.624659765511751 ], [ 367552.422947882325388, 5735285.505753162316978 ], [ 367547.662037221714854, 5735166.772211375646293 ], [ 367538.540006665862165, 5735092.821460673585534 ], [ 367530.162196976365522, 5735051.623272311873734 ], [ 367514.225898232252803, 5735005.360429473221302 ], [ 367488.550397640326992, 5734921.051182377152145 ], [ 367467.653347757761367, 5734783.713456952944398 ], [ 367454.052341398550197, 5734708.133626741357148 ], [ 367470.052230460918508, 5734705.854057607240975 ], [ 367465.101445239852183, 5734618.017089125700295 ], [ 367461.687304491002578, 5734584.622639987617731 ], [ 367468.367130060214549, 5734579.116471886634827 ], [ 367468.28773105412256, 5734572.163527620956302 ], [ 367462.884834111027885, 5734564.249032444320619 ], [ 367463.39519535243744, 5734489.688763160258532 ], [ 367454.672995240893215, 5734400.81603295635432 ], [ 367450.519556378014386, 5734336.716503792442381 ], [ 367450.926966621598694, 5734236.197225741110742 ], [ 367443.655943034798838, 5734172.023981799371541 ], [ 367424.289399205823429, 5734096.607123190537095 ], [ 367414.335524710942991, 5734052.301343309693038 ], [ 367410.420572880655527, 5734031.127586957067251 ], [ 367412.456533851800486, 5734006.647915584035218 ], [ 367414.547072404238861, 5733983.190590468235314 ], [ 367424.110799088492058, 5733944.179823886603117 ], [ 367433.627880486426875, 5733880.032059548422694 ], [ 367434.916515086020809, 5733763.109174877405167 ], [ 367435.283794504823163, 5733698.056106417439878 ], [ 367444.398692914459389, 5733573.705188480205834 ], [ 367439.796717702760361, 5733568.696280170232058 ], [ 367494.369286504341289, 5733533.431067649275064 ], [ 367577.773297260864638, 5733468.954037575051188 ], [ 367619.68311127735069, 5733440.254888605326414 ], [ 367670.846996578969993, 5733399.539543178863823 ], [ 367709.199967452324927, 5733368.486471011303365 ], [ 367737.58340498956386, 5733341.912994839251041 ], [ 367754.075326443882659, 5733322.940724941901863 ], [ 367787.960033365525305, 5733281.923647335730493 ], [ 367808.180127398460172, 5733254.663514099083841 ], [ 367829.239600571803749, 5733223.308602222241461 ], [ 367846.207638924184721, 5733191.115249142982066 ], [ 367869.401256017328706, 5733137.315027166157961 ], [ 367855.857271838351153, 5733134.899434451945126 ], [ 367883.430706276209094, 5733056.547349374741316 ], [ 367910.139999623177573, 5732948.628816885873675 ], [ 367830.934813174768351, 5732951.618720050901175 ], [ 367786.209746912820265, 5732943.81203780323267 ], [ 367745.483086136053316, 5732936.44604688230902 ], [ 367580.843800134316552, 5732913.674287169240415 ], [ 367463.276940345822368, 5732893.664173517376184 ], [ 367410.795749617915135, 5732891.039060170762241 ], [ 367379.950836075120606, 5732895.022448033094406 ], [ 367318.717774208984338, 5732899.338898098096251 ], [ 367275.578641828207765, 5732900.119152314029634 ], [ 367254.277115733246319, 5732899.667751939035952 ], [ 367225.569006802514195, 5732896.629630763083696 ], [ 367197.200155269703828, 5732892.570075913332403 ], [ 367174.60029839805793, 5732891.363144693896174 ], [ 367152.006633763434365, 5732892.225968530401587 ], [ 367147.611438535619527, 5732891.685317938216031 ], [ 367143.478080077213235, 5732890.592491419054568 ], [ 367140.885618714848533, 5732889.236469668336213 ], [ 367131.439348881714977, 5732897.609078943729401 ], [ 367062.865061966702342, 5732913.339355707168579 ], [ 367032.408411158248782, 5732860.027374232187867 ], [ 366977.391739552665967, 5732763.241201467812061 ], [ 366922.467071831924841, 5732668.445049144327641 ], [ 366925.630483258981258, 5732672.311956292018294 ], [ 366925.462886640336365, 5732668.321406519040465 ], [ 366945.702916932990775, 5732649.470043429173529 ], [ 366976.543377607653383, 5732632.442079493775964 ], [ 367031.633464683429338, 5732597.904128831811249 ], [ 367076.947809189092368, 5732636.513457569293678 ], [ 367085.291763016430195, 5732636.371222278103232 ], [ 367130.393287987797521, 5732523.344709530472755 ], [ 367156.362519838905428, 5732456.492586015723646 ], [ 367170.854214138467796, 5732431.072430985048413 ], [ 367240.915180072537623, 5732366.330282708629966 ], [ 367365.229812090808991, 5732226.059303373098373 ], [ 367413.94701820879709, 5732170.205412335693836 ], [ 367315.53556755988393, 5732165.506939734332263 ], [ 367314.31277142080944, 5732158.962477210909128 ], [ 367308.753737767692655, 5732127.894758127629757 ], [ 367246.40366788348183, 5731780.85147906281054 ], [ 367233.466155713947956, 5731711.096890836022794 ], [ 367223.4243187449174, 5731712.173789489082992 ], [ 367198.12584291328676, 5731711.048757144249976 ], [ 367183.938276510336436, 5731708.763037082739174 ], [ 367065.81483124603983, 5731695.252149350009859 ], [ 367069.290152066212613, 5731744.991827569901943 ], [ 367023.928640650061425, 5731747.579535148106515 ], [ 366971.518426130583975, 5731750.732061363756657 ], [ 366968.737696920987219, 5731687.019505494274199 ], [ 367011.82480369892437, 5731690.155513115227222 ], [ 367019.266081004752778, 5731620.642599926330149 ], [ 367036.039396327571012, 5731504.524113201536238 ], [ 367039.415365696884692, 5731463.239067777059972 ], [ 367046.032523217436392, 5731421.668225643225014 ], [ 367046.168713493621908, 5731380.71347473654896 ], [ 367043.419021353940479, 5731221.966757227666676 ], [ 367020.153745286399499, 5731100.973382895812392 ], [ 367188.046057024155743, 5731082.447785495780408 ], [ 367264.635460620746017, 5731014.430212518200278 ], [ 367253.588807210559025, 5731012.840472208335996 ], [ 367250.471783908433281, 5731009.973635994829237 ], [ 367247.89347102236934, 5730996.064761137589812 ], [ 367231.350122242118232, 5730935.641393974423409 ], [ 367228.066055601462722, 5730920.660570708103478 ], [ 367076.853842436685227, 5730789.951998925767839 ], [ 366955.367699505528435, 5730682.065628711134195 ], [ 366821.110690331261139, 5730569.845546888187528 ], [ 366795.87365339056123, 5730548.768087381497025 ], [ 366718.138121224939823, 5730483.798318105749786 ], [ 366711.104676982038654, 5730486.054074662737548 ], [ 366616.045578556135297, 5730516.599645545706153 ], [ 366585.65939709066879, 5730524.091608641669154 ], [ 366585.966965059924405, 5730509.850683228112757 ], [ 366589.310689589125104, 5730469.790219799615443 ], [ 366582.330585722462274, 5730464.655715637840331 ], [ 366434.979068822343834, 5730342.008763758465648 ], [ 366333.334852913045324, 5730373.001130045391619 ], [ 366310.27114638389321, 5730380.033532708883286 ], [ 366305.874965205264743, 5730381.107118143700063 ], [ 366300.543547530891374, 5730381.326389294117689 ], [ 366289.999851408298127, 5730384.432529026642442 ], [ 366228.556301346165128, 5730403.856195994652808 ], [ 366209.153824173088651, 5730407.642683728598058 ], [ 366196.003777583944611, 5730412.309352334588766 ], [ 366158.201458950643428, 5730422.749347564764321 ], [ 366029.176284513727296, 5730464.15638673119247 ], [ 366000.248313607298769, 5730473.438158762641251 ], [ 365954.56413965934189, 5730487.728103013709188 ], [ 365924.767191858263686, 5730380.611040532588959 ], [ 365931.807446450693533, 5730373.936136567033827 ], [ 365944.323041113442741, 5730362.052367630414665 ], [ 365954.457727888948284, 5730348.507073328830302 ], [ 365966.926185524789616, 5730336.146110276691616 ], [ 365980.021481442439836, 5730324.736664696596563 ], [ 366005.302677846746519, 5730295.788207271136343 ], [ 366006.692966447444633, 5730265.894545089453459 ], [ 366017.581478445034008, 5730183.134799058549106 ], [ 366019.104233776801266, 5730137.92535902839154 ], [ 366019.381122251274064, 5730123.106495046056807 ], [ 366019.980679733911529, 5730090.507476576603949 ], [ 366013.918993261177093, 5729998.205137088894844 ], [ 366013.623695821501315, 5729987.351955988444388 ], [ 365988.836185311432928, 5729977.70602900441736 ], [ 365982.560969132580794, 5729973.388177753426135 ], [ 365801.931666134507395, 5729880.965670954436064 ], [ 365691.993575836531818, 5729858.064192578196526 ], [ 365669.681138341024052, 5729852.871881944127381 ], [ 365574.37276054744143, 5729834.134635074064136 ], [ 365517.469091339269653, 5729821.997606649063528 ], [ 365491.350958721130155, 5729816.974331041797996 ], [ 365514.791205078363419, 5729737.139018005691469 ], [ 365518.766159612103365, 5729723.623601984232664 ], [ 365552.331907176412642, 5729599.495596849359572 ], [ 365556.602613176743034, 5729592.137326523661613 ], [ 365558.159979614138138, 5729588.824137312360108 ], [ 365521.198733999044634, 5729579.660728056915104 ], [ 365330.287791249225847, 5729526.198697553947568 ], [ 365271.828375855926424, 5729509.821468418464065 ], [ 365215.082655604579486, 5729493.933252663351595 ], [ 365201.092932713334449, 5729490.790651086717844 ], [ 365157.870946234907024, 5729481.062725178897381 ], [ 365133.654214373556897, 5729471.461206818930805 ], [ 365130.411727593513206, 5729470.190278798341751 ], [ 365070.790927313501015, 5729458.531344062648714 ], [ 365057.26225820730906, 5729450.402500601485372 ], [ 365054.91688374557998, 5729393.500091339461505 ], [ 365054.949445251608267, 5729345.870605872943997 ], [ 365056.6191029434558, 5729338.492462312802672 ], [ 365068.058938652509823, 5729310.922359480522573 ], [ 365073.363944103068206, 5729302.434304373338819 ], [ 365077.402373370714486, 5729295.972081415355206 ], [ 365101.026447545620613, 5729251.061163475736976 ], [ 365131.074190403509419, 5729193.181211892515421 ], [ 365136.463516531279311, 5729195.596586278639734 ], [ 365158.79224105871981, 5729151.599749910645187 ], [ 365170.739224357763305, 5729127.699796109460294 ], [ 365177.580503108794801, 5729117.167733654379845 ], [ 365189.702502786880359, 5729097.480729102157056 ], [ 365194.894272264151368, 5729087.326625529676676 ], [ 365203.929224950494245, 5729065.71909767575562 ], [ 365288.792407350847498, 5729012.273566035553813 ], [ 365291.78657624614425, 5729007.085781389847398 ], [ 365297.780953063629568, 5728996.676672640256584 ], [ 365341.846872031921521, 5728966.121792969293892 ], [ 365347.035628209589049, 5728963.868930577300489 ], [ 365352.125739335198887, 5728962.842802818864584 ], [ 365360.550760033191182, 5728962.395352534018457 ], [ 365362.792678936966695, 5728960.888853155076504 ], [ 365364.743333618505858, 5728958.8337218221277 ], [ 365373.671036949090194, 5728943.795010227710009 ], [ 365387.397251682647038, 5728932.089111773297191 ], [ 365395.728224258404225, 5728925.523755474947393 ], [ 365402.522312361106742, 5728923.561959775164723 ], [ 365413.9034176520654, 5728906.899924533441663 ], [ 365422.870640183566138, 5728908.886306177824736 ], [ 365434.38776514690835, 5728907.688801344484091 ], [ 365434.993241612974089, 5728914.572093289345503 ], [ 365447.914582192432135, 5728922.462229438126087 ], [ 365477.757183473615441, 5728931.347761862911284 ], [ 365487.831844716449268, 5728928.185782084241509 ], [ 365489.475324833882041, 5728919.795858520083129 ], [ 365489.179697252693586, 5728906.116141160018742 ], [ 365496.318661066645291, 5728880.776206034235656 ], [ 365502.112726549152285, 5728867.501650766469538 ], [ 365512.42794007062912, 5728857.534026902168989 ], [ 365521.286791830207221, 5728855.194633278995752 ], [ 365532.262339027132839, 5728823.298171027563512 ], [ 365532.72215432417579, 5728812.269070570357144 ], [ 365524.87722140760161, 5728805.690039214678109 ], [ 365510.644791767583229, 5728803.621280333027244 ], [ 365485.450631890445948, 5728797.39360130392015 ], [ 365453.625754671054892, 5728786.557799213565886 ], [ 365460.650408962392248, 5728777.156350268051028 ], [ 365461.138209982251283, 5728774.183257658965886 ], [ 365461.285599066293798, 5728771.152475251816213 ], [ 365461.225068749627098, 5728768.104981886222959 ], [ 365461.060875153401867, 5728765.060253271833062 ], [ 365460.694133604119997, 5728760.385091548785567 ], [ 365460.127568687545136, 5728755.737515497021377 ], [ 365459.326625312562101, 5728751.118446765467525 ], [ 365458.271163265046198, 5728746.550678850151598 ], [ 365456.827087334240787, 5728741.414613037370145 ], [ 365455.135994929936714, 5728736.351904579438269 ], [ 365453.143487657187507, 5728731.397388976067305 ], [ 365450.788849236560054, 5728726.608326627872884 ], [ 365441.914057128713466, 5728710.208487183786929 ], [ 365417.779352935147472, 5728669.055038729682565 ], [ 365390.701587669318542, 5728622.850150861777365 ], [ 365387.690933866600972, 5728617.065958390943706 ], [ 365386.635586579621304, 5728614.579160593450069 ], [ 365385.929440407722723, 5728611.960635434836149 ], [ 365385.483838430256583, 5728609.257261051796377 ], [ 365385.231450366612989, 5728606.537602839060128 ], [ 365385.250030758383218, 5728604.901271281763911 ], [ 365385.434477898466866, 5728603.260513748042285 ], [ 365385.681421958375722, 5728601.629216705448925 ], [ 365385.907336133415811, 5728599.987352710217237 ], [ 365386.064225644455291, 5728598.091383487917483 ], [ 365386.207293078885414, 5728596.195783107541502 ], [ 365386.39212414692156, 5728594.310196465812624 ], [ 365386.67371118394658, 5728592.422028047032654 ], [ 365387.135457435972057, 5728590.028286349959671 ], [ 365387.972877628984861, 5728585.643712676130235 ], [ 365391.248543073190376, 5728568.441239244304597 ], [ 365391.599542374256998, 5728566.562347368337214 ], [ 365399.965587157290429, 5728528.625889229588211 ], [ 365408.131451765366364, 5728500.031294528394938 ], [ 365416.552677361527458, 5728477.116380119696259 ], [ 365419.319470614136662, 5728474.794690001755953 ], [ 365437.409484113915823, 5728474.69050729367882 ], [ 365454.884507018723525, 5728475.125812469981611 ], [ 365453.725975564157125, 5728460.21163746342063 ], [ 365474.758451634435914, 5728459.18338122498244 ], [ 365492.503244677791372, 5728459.099731688387692 ], [ 365495.40638270531781, 5728458.77751187607646 ], [ 365498.255305025551934, 5728457.978229966945946 ], [ 365501.064038849319331, 5728456.968586832284927 ], [ 365503.887782189645804, 5728456.003057646565139 ], [ 365524.353351877187379, 5728449.793291191570461 ], [ 365524.170008605171461, 5728369.742502085864544 ], [ 365536.460995734843891, 5728369.247985873371363 ], [ 365536.900706864078529, 5728365.764294734224677 ], [ 365537.010981529718265, 5728364.971259525977075 ], [ 365537.135079111612868, 5728364.177855914458632 ], [ 365537.321676053514238, 5728363.393914704211056 ], [ 365537.620337945525534, 5728362.662627356126904 ], [ 365538.307712206791621, 5728361.464727500453591 ], [ 365539.15612455829978, 5728360.340432667173445 ], [ 365540.117787695140578, 5728359.313272756524384 ], [ 365541.171967290807515, 5728358.383800425566733 ], [ 365562.413827648153529, 5728341.058791319839656 ], [ 365586.796426059794612, 5728325.831312440335751 ], [ 365594.245224748621695, 5728323.22919803019613 ], [ 365596.683794001000933, 5728322.34075469430536 ], [ 365599.100444655516185, 5728321.408384030684829 ], [ 365601.53269652207382, 5728320.542367618530989 ], [ 365604.010565273696557, 5728319.830930773168802 ], [ 365605.971158817759715, 5728319.43373313266784 ], [ 365607.96927226067055, 5728319.146817909553647 ], [ 365609.968570734839886, 5728318.904384351335466 ], [ 365611.968757982132956, 5728318.695312241092324 ], [ 365630.530972645035945, 5728316.565080417320132 ], [ 365634.971324371930677, 5728314.488276390358806 ], [ 365631.913911162992008, 5728305.644962073303759 ], [ 365641.999607643345371, 5728302.327263857237995 ], [ 365673.091248459357303, 5728287.86744951736182 ], [ 365679.833218108746223, 5728283.392507591284811 ], [ 365681.9971802032087, 5728279.462318453937769 ], [ 365684.560129193472676, 5728269.734896931797266 ], [ 365676.431274377275258, 5728253.292542647570372 ], [ 365663.425050561199896, 5728236.546064784750342 ], [ 365660.779520799056627, 5728233.300330512225628 ], [ 365657.896522539143916, 5728230.227842023596168 ], [ 365654.75887396390317, 5728227.46259443834424 ], [ 365651.301308345980942, 5728225.150991476140916 ], [ 365629.547628062195145, 5728212.899592312052846 ], [ 365618.903828362061176, 5728203.579517489299178 ], [ 365591.853940572356805, 5728184.135914237238467 ], [ 365574.371471248450689, 5728173.072947870008647 ], [ 365558.143017166759819, 5728163.389894218184054 ], [ 365549.717498631333001, 5728159.196547470055521 ], [ 365547.035640068119392, 5728157.966024321503937 ], [ 365544.288515352527611, 5728156.881907230243087 ], [ 365541.490244458080269, 5728155.954948136582971 ], [ 365538.63332318351604, 5728155.163090898655355 ], [ 365535.657324350380804, 5728154.574714694172144 ], [ 365532.62475014582742, 5728154.199282118119299 ], [ 365529.586745541950222, 5728153.879636630415916 ], [ 365526.553873937926255, 5728153.493087474256754 ], [ 365524.915000828099437, 5728153.247436262667179 ], [ 365523.269512194907293, 5728153.013090008869767 ], [ 365521.636364899924956, 5728152.722774788737297 ], [ 365520.021581444772892, 5728152.342945726588368 ], [ 365517.766863834403921, 5728151.568433661013842 ], [ 365515.569905045209453, 5728150.625461356714368 ], [ 365513.365737270389218, 5728149.671554012224078 ], [ 365511.129677669377998, 5728148.81865070015192 ], [ 365494.50911133387126, 5728143.374928696081042 ], [ 365492.839264320675284, 5728144.821586891077459 ], [ 365470.28821364371106, 5728136.676119456067681 ], [ 365455.395933598570991, 5728129.127739566378295 ], [ 365454.407438284833916, 5728128.631077319383621 ], [ 365419.889475932810456, 5728111.635382633656263 ], [ 365417.404413232696243, 5728109.487170858308673 ], [ 365414.643262947909534, 5728107.101505865342915 ], [ 365411.611160553933587, 5728101.818629929795861 ], [ 365402.211053063394502, 5728084.954328638501465 ], [ 365392.60750683140941, 5728068.763157336041331 ], [ 365384.814345720689744, 5728055.617320254445076 ], [ 365384.148192837019451, 5728054.50002421438694 ], [ 365340.343233290943317, 5728070.792034165933728 ], [ 365287.482145079527982, 5728086.736426167190075 ], [ 365275.770019938237965, 5728089.508458537049592 ], [ 365273.215830737201031, 5728089.955015835352242 ], [ 365266.965139906154945, 5728091.067815721966326 ], [ 365258.013876754790545, 5728091.807615522295237 ], [ 365249.00570155098103, 5728091.97028808388859 ], [ 365240.022878234449308, 5728091.787327339872718 ], [ 365228.449173634464387, 5728091.195076012052596 ], [ 365227.395012992492411, 5728091.089695765636861 ], [ 365216.909589352901094, 5728090.067788890562952 ], [ 365205.437789658084512, 5728088.371181815862656 ], [ 365194.094788818387315, 5728086.05911145079881 ], [ 365181.232454679906368, 5728082.541310297325253 ], [ 365168.591511699487455, 5728078.249783040955663 ], [ 365156.109968859353103, 5728073.453260010108352 ], [ 365143.745978736493271, 5728068.397677587345243 ], [ 365138.29625768342521, 5728066.095144091174006 ], [ 365132.891942127957009, 5728063.680121129378676 ], [ 365127.585354209062643, 5728061.039928471669555 ], [ 365122.464861367247067, 5728058.116562865674496 ], [ 365084.999238389544189, 5728034.936734899878502 ], [ 365034.367546092136763, 5727997.943182558752596 ], [ 364960.812131640559528, 5727936.64759864192456 ], [ 364949.395287528866902, 5727926.425911182537675 ], [ 364915.946395427105017, 5727898.844290080480278 ], [ 364902.831847378518432, 5727889.291327397339046 ], [ 364880.512186730047688, 5727869.980657541193068 ], [ 364804.473714822204784, 5727812.448245212435722 ], [ 364778.379078871337697, 5727792.716114648617804 ], [ 364771.18769860942848, 5727787.38925321213901 ], [ 364768.989712920505553, 5727785.645392002537847 ], [ 364766.878604806261137, 5727783.787921644747257 ], [ 364764.834531535103451, 5727781.85075834300369 ], [ 364762.81059743091464, 5727779.890799717977643 ], [ 364761.446489231893793, 5727778.547464276663959 ], [ 364760.123257809900679, 5727777.180777289904654 ], [ 364758.820166400866583, 5727775.791294497437775 ], [ 364758.48545507970266, 5727775.433035229332745 ], [ 364746.898439726908691, 5727766.117717871442437 ], [ 364731.982691226876341, 5727747.199010040611029 ], [ 364715.147962332936004, 5727714.243510998785496 ], [ 364702.407161883369554, 5727666.288788677193224 ], [ 364699.114092858391814, 5727645.634151248261333 ], [ 364686.530986649740953, 5727606.666803157888353 ], [ 364679.630226345849223, 5727589.747828188352287 ], [ 364678.231321319181006, 5727586.33560374006629 ], [ 364678.194074988598004, 5727586.236448875628412 ], [ 364676.66174280247651, 5727582.749905413016677 ], [ 364675.013684799079783, 5727579.333234725520015 ], [ 364673.17445930140093, 5727576.010716339573264 ], [ 364671.02207973622717, 5727572.618698985315859 ], [ 364668.6998658690718, 5727569.342518715187907 ], [ 364666.221344387158751, 5727566.170684820972383 ], [ 364663.614463563193567, 5727563.113576191477478 ], [ 364626.687774543126579, 5727521.560956807807088 ], [ 364603.24406282248674, 5727496.550543968565762 ], [ 364557.28795986995101, 5727452.903732320293784 ], [ 364555.399637203780003, 5727451.107131997123361 ], [ 364552.342401714005973, 5727446.481959600932896 ], [ 364546.723157853120938, 5727439.188017672859132 ], [ 364543.521182395284995, 5727433.810017846524715 ], [ 364541.293097070592921, 5727427.860598069615662 ], [ 364541.277480721531902, 5727427.794248078018427 ], [ 364540.948892604908906, 5727426.634607607498765 ], [ 364539.563369638635777, 5727421.664110455662012 ], [ 364537.800268617400434, 5727415.513031888753176 ], [ 364536.128630452498328, 5727410.450061582960188 ], [ 364534.518607251695357, 5727405.363181461580098 ], [ 364533.142421705182642, 5727400.225512212142348 ], [ 364532.213475429220125, 5727394.997940845787525 ], [ 364531.674018051009625, 5727388.302121553570032 ], [ 364531.652423313935287, 5727381.570145163685083 ], [ 364532.011033980408683, 5727374.827963193878531 ], [ 364532.619403384742327, 5727368.112461850978434 ], [ 364532.65341806365177, 5727367.833344034850597 ], [ 364533.859862647135742, 5727359.68850911129266 ], [ 364535.593228556273971, 5727351.329223926179111 ], [ 364537.444716700236313, 5727342.989025559276342 ], [ 364539.053067555825692, 5727334.610841466113925 ], [ 364540.511324479943141, 5727325.279662486165762 ], [ 364541.816907355270814, 5727315.930325705558062 ], [ 364543.011292811133899, 5727306.561717748641968 ], [ 364544.07403994910419, 5727297.185515320859849 ], [ 364545.160217149648815, 5727287.908838300034404 ], [ 364546.21844929154031, 5727278.621783661656082 ], [ 364546.965304904035293, 5727269.331958268769085 ], [ 364547.102629140252247, 5727260.013979351148009 ], [ 364546.637039637716953, 5727252.203359019942582 ], [ 364545.70196289679734, 5727244.427595509216189 ], [ 364544.401091807871126, 5727236.683905995450914 ], [ 364542.825487701687962, 5727229.014359436929226 ], [ 364541.358398816548288, 5727221.264003480784595 ], [ 364541.277031807752792, 5727220.809931619092822 ], [ 364539.657650676905178, 5727212.54063864890486 ], [ 364537.445340324076824, 5727205.377822604030371 ], [ 364537.217951766506303, 5727204.63833711668849 ], [ 364535.459430241491646, 5727200.9798494707793 ], [ 364534.716941838385537, 5727199.864702937193215 ], [ 364534.024336870352272, 5727198.803858543746173 ], [ 364516.76826829300262, 5727179.12502711545676 ], [ 364485.950589201122057, 5727150.095445117913187 ], [ 364443.366266152821481, 5727113.136057143099606 ], [ 364426.073028528713621, 5727096.218301200307906 ], [ 364419.261268397211097, 5727090.136101767420769 ], [ 364409.735112598631531, 5727081.645242006517947 ], [ 364398.317382307373919, 5727071.502603850327432 ], [ 364387.047216248232871, 5727061.189101862721145 ], [ 364378.304582229116932, 5727052.510322151705623 ], [ 364363.799925647792406, 5727035.88506493717432 ], [ 364359.190322489361279, 5727029.888429339043796 ], [ 364352.67349218390882, 5727020.370900981128216 ], [ 364346.844124207855202, 5727010.43428857717663 ], [ 364341.923149218666367, 5727000.061523758806288 ], [ 364332.824354168551508, 5726978.138698406517506 ], [ 364316.166184530011378, 5726933.91786099690944 ], [ 364306.557970132562332, 5726914.156512659043074 ], [ 364297.046436693810392, 5726894.64852945972234 ], [ 364288.140764357289299, 5726879.664579862728715 ], [ 364282.537072347826324, 5726872.470630679279566 ], [ 364273.788039930048399, 5726863.057723042555153 ], [ 364264.171650125645101, 5726854.580666276626289 ], [ 364253.715522249869537, 5726847.294671343639493 ], [ 364197.757597825024277, 5726813.323115340434015 ], [ 364187.580299391760491, 5726807.92154458258301 ], [ 364176.987768380669877, 5726803.287884975783527 ], [ 364166.356129547115415, 5726798.744324862957001 ], [ 364155.993863868759945, 5726793.670510806143284 ], [ 364144.476582376810256, 5726787.069852833636105 ], [ 364140.042849286342971, 5726784.540668984875083 ], [ 364124.382207188522443, 5726774.891160813160241 ], [ 364109.033573816064745, 5726764.754785674624145 ], [ 364094.038728393614292, 5726754.141544004902244 ], [ 364080.91854669112945, 5726744.290226360782981 ], [ 364068.071893634274602, 5726734.064343536272645 ], [ 364055.647875297116116, 5726723.348595568910241 ], [ 364043.78236976620974, 5726712.050293865613639 ], [ 364032.941569057293236, 5726700.524108867160976 ], [ 364022.688138695026282, 5726688.459096278063953 ], [ 364012.894312948919833, 5726675.992233238182962 ], [ 364003.453067429945804, 5726663.259939227253199 ], [ 363996.138928511878476, 5726652.695997204631567 ], [ 363989.191215834231116, 5726641.866242498159409 ], [ 363982.488178274594247, 5726630.874108299612999 ], [ 363975.935419981717132, 5726619.811163116246462 ], [ 363948.254074407159351, 5726572.872666561044753 ], [ 363911.813042456400581, 5726511.058296356350183 ], [ 363882.537179641192779, 5726470.46168253198266 ], [ 363870.885295311221853, 5726455.574696722440422 ], [ 363858.162506704742555, 5726441.517848110757768 ], [ 363844.556091584614478, 5726428.308350118808448 ], [ 363830.244917010306381, 5726415.908000493422151 ], [ 363816.572671999747399, 5726405.39338218793273 ], [ 363802.2792522048112, 5726395.707918561063707 ], [ 363787.453644821012858, 5726386.815829265862703 ], [ 363772.21369493578095, 5726378.725067405961454 ], [ 363758.542836864013225, 5726372.372523630037904 ], [ 363744.539126934774686, 5726366.763463254086673 ], [ 363743.51253299677046, 5726366.412810372188687 ], [ 363730.250068987021223, 5726361.863222251646221 ], [ 363715.759239056380466, 5726357.691803593188524 ], [ 363703.570467796002049, 5726354.982845114544034 ], [ 363700.415194687258918, 5726354.467105561867356 ], [ 363691.255398783716373, 5726352.978405395522714 ], [ 363684.624981509463396, 5726352.144760637544096 ], [ 363678.855530311004259, 5726351.421415181830525 ], [ 363666.426186795230024, 5726350.054431349039078 ], [ 363590.895790221053176, 5726341.878949852660298 ], [ 363585.726043155591469, 5726341.32868614885956 ], [ 363515.614916237071157, 5726333.731225150637329 ], [ 363509.278441778966226, 5726333.02340058516711 ], [ 363502.966615698183887, 5726332.203634762205184 ], [ 363496.684247165569104, 5726331.193899646401405 ], [ 363490.456887792330235, 5726329.915606294758618 ], [ 363483.268437421531416, 5726328.151408817619085 ], [ 363476.149422912509181, 5726326.140521636232734 ], [ 363469.125395339040551, 5726323.804355513304472 ], [ 363462.276618211588357, 5726321.040584796108305 ], [ 363456.255743214394897, 5726318.187661620788276 ], [ 363450.371639739256352, 5726315.019454318098724 ], [ 363444.699461918789893, 5726311.500544743612409 ], [ 363439.293621130869724, 5726307.596075523644686 ], [ 363403.747454443946481, 5726279.924649049527943 ], [ 363323.276948813349009, 5726204.605152536183596 ], [ 363289.176651792717166, 5726176.717282855883241 ], [ 363281.704551129660103, 5726171.388860072009265 ], [ 363271.212497261702083, 5726163.905446004122496 ], [ 363264.206654712092131, 5726158.931654107756913 ], [ 363271.722733981441706, 5726145.952826674096286 ], [ 363272.674458612804301, 5726144.302322659641504 ], [ 363274.505463655223139, 5726141.136816570535302 ], [ 363286.43125599832274, 5726120.560389116406441 ], [ 363294.099263934593182, 5726107.310408038087189 ], [ 363296.386628196109086, 5726103.364702950231731 ], [ 363312.663824464892969, 5726077.885368351824582 ], [ 363317.211285295546986, 5726070.773697004653513 ], [ 363324.985017933591735, 5726058.61148024443537 ], [ 363330.156605588214006, 5726050.525895069353282 ], [ 363351.865764695568942, 5725992.304944166913629 ], [ 363331.055713781737722, 5725983.531566921621561 ], [ 363328.458736245636828, 5725982.433393716812134 ], [ 363349.561947616341058, 5725928.657907962799072 ], [ 363358.152298341039568, 5725906.769801156595349 ], [ 363361.12308975495398, 5725899.177820319309831 ], [ 363371.259063458186574, 5725872.262448416091502 ], [ 363385.242064669087995, 5725835.0940315797925 ], [ 363404.686118322308175, 5725783.377949893474579 ], [ 363410.579306355328299, 5725767.672341463156044 ], [ 363427.489446665160358, 5725722.546082954853773 ], [ 363435.551387304323725, 5725701.050798474811018 ], [ 363436.100979242182802, 5725699.622645257040858 ], [ 363454.098195154801942, 5725652.452886515296996 ], [ 363462.395798010693397, 5725630.706463151611388 ], [ 363476.348681220901199, 5725594.162369563244283 ], [ 363483.6900656305952, 5725574.923445289023221 ], [ 363493.869244603149127, 5725548.274301779456437 ], [ 363499.259400759357959, 5725534.162637504749 ], [ 363503.104420961695723, 5725524.07666046731174 ], [ 363514.905681529897265, 5725493.166118642315269 ], [ 363546.435402976232581, 5725410.955423487350345 ], [ 363572.522682295704726, 5725342.946976247243583 ], [ 363653.523875489248894, 5725131.782292984426022 ], [ 363678.780041275545955, 5725065.944738548249006 ], [ 363733.452099477406591, 5724923.419156365096569 ], [ 363803.492490960285068, 5724740.830105481669307 ], [ 363815.107318642258178, 5724710.55980196967721 ], [ 363820.134785033471417, 5724709.367077738046646 ], [ 363842.986410818935838, 5724637.864380793645978 ], [ 363891.543483085930347, 5724511.296756820753217 ], [ 363899.258871791011188, 5724491.169405716471374 ], [ 363935.373990706342738, 5724397.009023082442582 ], [ 363948.247864089673385, 5724361.764285430312157 ], [ 363987.208878460922278, 5724261.908000061288476 ], [ 364036.923943571164273, 5724132.295259601436555 ], [ 364042.894712478329893, 5724116.744310295209289 ], [ 364128.638304388266988, 5723893.209690301679075 ], [ 364263.11278932983987, 5723944.089717377908528 ], [ 364291.003033732296899, 5723954.635564423166215 ], [ 364294.395143953850493, 5723953.865634569898248 ], [ 364338.847100531216711, 5723941.588225338608027 ], [ 364382.068421676522121, 5723925.493913513608277 ], [ 364412.086743063933682, 5723914.227794965729117 ], [ 364431.628942265408114, 5723906.225287783890963 ], [ 364437.586658380459994, 5723903.806421036832035 ], [ 364443.565729393449146, 5723901.409244876354933 ], [ 364449.567646946350578, 5723899.089360010810196 ], [ 364455.628191987634636, 5723896.890319119207561 ], [ 364461.954407867102418, 5723894.272417969070375 ], [ 364468.317064519273117, 5723891.464369310066104 ], [ 364474.753860514785629, 5723889.355412373319268 ], [ 364478.028083171346225, 5723888.83358982950449 ], [ 364481.364151607616805, 5723888.810876335017383 ], [ 364505.908967177267186, 5723890.778824222274125 ], [ 364513.373133769142441, 5723877.158141175284982 ], [ 364518.711846316640731, 5723867.40028256457299 ], [ 364522.539793601143174, 5723860.420458285138011 ], [ 364537.59925738198217, 5723832.897444847039878 ], [ 364539.750666015199386, 5723828.967178345657885 ], [ 364581.454665407189168, 5723717.458345255814493 ], [ 364584.337656116404105, 5723709.82508915476501 ], [ 364588.629805731121451, 5723698.4595364369452 ], [ 364582.666186669026501, 5723695.503489800728858 ], [ 364640.354983301251195, 5723507.91803222335875 ], [ 364660.01815885596443, 5723345.388438357040286 ], [ 364669.843958715675399, 5723337.435773973353207 ], [ 364688.059795129578561, 5723306.690686085261405 ], [ 364692.304635809210595, 5723279.313191310502589 ], [ 364696.853172077564523, 5723244.916872615925968 ], [ 364692.479788143129554, 5723234.139563322998583 ], [ 364683.757210667885374, 5723233.916865274310112 ], [ 364662.464115651382599, 5723209.226286891847849 ], [ 364655.212569809053093, 5723207.317282698117197 ], [ 364649.696991572680417, 5723203.01376498490572 ], [ 364589.384291916503571, 5723192.855953424237669 ], [ 364552.229288244561758, 5723185.494448460638523 ], [ 364500.802701539359987, 5723182.188123264349997 ], [ 364483.678799046843778, 5723179.531413272023201 ], [ 364350.54292548133526, 5723124.992234707809985 ], [ 364288.164592432323843, 5723100.115235134959221 ], [ 364290.315328752622008, 5723092.8019392285496 ], [ 364276.947835102677345, 5723088.498230529017746 ], [ 364274.875065067200921, 5723087.886209079064429 ], [ 364272.763171533762943, 5723087.364264242351055 ], [ 364270.619670600397512, 5723086.954450470395386 ], [ 364268.479454527725466, 5723086.666958823800087 ], [ 364266.133767982712016, 5723086.462883519940078 ], [ 364263.798285254335497, 5723086.380944695323706 ], [ 364261.445331733964849, 5723086.421885656192899 ], [ 364259.10979974392103, 5723086.595897377468646 ], [ 364254.86251972138416, 5723087.255257004871964 ], [ 364250.678356344404165, 5723088.202256349846721 ], [ 364246.497778880991973, 5723089.282700512558222 ], [ 364242.331040446530096, 5723090.362776454538107 ], [ 364103.926787944277748, 5723124.618228665553033 ], [ 364101.151690011785831, 5723125.438438918441534 ], [ 364098.407556898251642, 5723126.380227687768638 ], [ 364095.640575526980683, 5723127.24473537877202 ], [ 364092.817389282630756, 5723127.821424224413931 ], [ 364090.011411252489779, 5723128.008166629821062 ], [ 364087.171179446217138, 5723127.951012501493096 ], [ 364084.334277337009553, 5723127.760232605040073 ], [ 364081.50459266116377, 5723127.580388328060508 ], [ 364078.081399845890701, 5723127.472149069420993 ], [ 364074.651587228989229, 5723127.375218316912651 ], [ 364071.251881150412373, 5723127.110557832755148 ], [ 364067.906067510659341, 5723126.532861775718629 ], [ 364020.711018242756836, 5723115.083030128851533 ], [ 364022.91611904266756, 5723109.804593114182353 ], [ 364023.931771681644022, 5723102.777655552141368 ], [ 364025.885970472590998, 5723085.342896963469684 ], [ 364026.509137814049609, 5723077.881394405849278 ], [ 364036.230224625323899, 5723024.872405521571636 ], [ 364037.867970136692747, 5723020.121136852540076 ], [ 364038.505962629395071, 5723018.356853233650327 ], [ 364039.108763317286503, 5723016.571260153315961 ], [ 364039.621620099875145, 5723014.788086853921413 ], [ 364039.925417507416569, 5723012.954896997660398 ], [ 364040.066270259674639, 5723010.469529707916081 ], [ 364039.978204293758608, 5723007.96806450933218 ], [ 364039.641659455024637, 5723005.495540218427777 ], [ 364039.023237930843607, 5723003.09736795257777 ], [ 364038.338803795399144, 5723001.591223855502903 ], [ 364037.414903075317852, 5723000.191675449721515 ], [ 364036.415493167471141, 5722998.816414898261428 ], [ 364035.532506054150872, 5722997.393509807065129 ], [ 364022.604901348240674, 5722972.658456664532423 ], [ 364021.061249138670973, 5722969.584106079302728 ], [ 364019.653878095152322, 5722966.428192080929875 ], [ 364018.439036961412057, 5722963.222585604526103 ], [ 364017.450123653979972, 5722959.921875299885869 ], [ 364016.473774607642554, 5722955.029501089826226 ], [ 364015.855710116564296, 5722950.071846128441393 ], [ 364015.485827329219319, 5722945.07412910554558 ], [ 364015.268459177226759, 5722940.083436659537256 ], [ 364015.089463265496306, 5722936.004220391623676 ], [ 364014.986575328919571, 5722931.922956360504031 ], [ 364015.147204724140465, 5722927.856858387589455 ], [ 364015.697089489549398, 5722923.847056014463305 ], [ 364020.021209095139056, 5722902.620606915093958 ], [ 364021.430408591986634, 5722891.432283933274448 ], [ 364030.571413422061596, 5722847.986874655820429 ], [ 364049.155092906032223, 5722786.449069223366678 ], [ 364045.958083401201293, 5722763.611080536618829 ], [ 364064.821709244395606, 5722702.677881371229887 ], [ 364096.732206157990731, 5722709.509311459027231 ], [ 364127.531578555412125, 5722630.706404539756477 ], [ 364130.982950736652128, 5722589.862393400631845 ], [ 364133.843804001808167, 5722556.156269020400941 ], [ 364185.993267258396372, 5722560.341104604303837 ], [ 364187.110878786072135, 5722560.444612860679626 ], [ 364188.23481210519094, 5722560.525695242919028 ], [ 364189.349136924720369, 5722560.506882876157761 ], [ 364190.452060634503141, 5722560.321455140598118 ], [ 364191.282139383489266, 5722560.03207721374929 ], [ 364192.073737050930504, 5722559.599067660048604 ], [ 364192.815106279682368, 5722559.100638994947076 ], [ 364193.534821079112589, 5722558.569407863542438 ], [ 364194.554508941364475, 5722557.863195350393653 ], [ 364195.594357813009992, 5722557.134185123257339 ], [ 364196.457935012993403, 5722556.287501628510654 ], [ 364196.977083010249771, 5722555.249765771441162 ], [ 364204.571643151924945, 5722524.521273721940815 ], [ 364181.534998072311282, 5722519.921119932085276 ], [ 364164.422571555303875, 5722518.555943209677935 ], [ 364146.372183122613933, 5722515.012662924826145 ], [ 364121.631111021735705, 5722508.833879576064646 ], [ 364134.28437822900014, 5722488.307321428321302 ], [ 364140.916717971500475, 5722460.175187099725008 ], [ 364137.251390336896293, 5722457.25797875225544 ], [ 364138.250115393602755, 5722452.679728957824409 ], [ 364164.570397574454546, 5722423.562251772731543 ], [ 364169.804214893141761, 5722405.994960292242467 ], [ 364183.678066092426889, 5722392.735802035778761 ], [ 364189.234009014617186, 5722387.411947710439563 ], [ 364181.887594063184224, 5722383.569820251315832 ], [ 364139.112664272892289, 5722361.105409298092127 ], [ 364180.143519980367273, 5722319.173701973631978 ], [ 364196.72102891857503, 5722303.438276510685682 ], [ 364182.953445089748129, 5722276.332820448093116 ], [ 364153.410125036607496, 5722245.589547802694142 ], [ 364127.32525212795008, 5722229.654041094705462 ], [ 364130.759391936706379, 5722207.2164575336501 ], [ 364107.603478207136504, 5722196.432542115449905 ], [ 363987.458981935400516, 5722133.996491410769522 ], [ 363988.136227895040065, 5722110.264203552156687 ], [ 363990.341118071926758, 5722107.534128997474909 ], [ 364011.616275677457452, 5722068.970325158908963 ], [ 364045.521667373948731, 5722006.141468306072056 ], [ 364046.567166667431593, 5722004.588798445649445 ], [ 364051.955375176272355, 5721996.62082480173558 ], [ 364056.377122702659108, 5721987.221060597337782 ], [ 364064.842925546341576, 5721965.705310025252402 ], [ 364067.097441195510328, 5721960.180779325775802 ], [ 364068.110465175064746, 5721953.298614024184644 ], [ 364068.269929925911129, 5721953.305454572662711 ], [ 364069.031500001787208, 5721953.040159217081964 ], [ 364069.457652802113444, 5721952.405525971204042 ], [ 364069.574748669750988, 5721950.321417485363781 ], [ 364069.31973286322318, 5721947.791060701943934 ], [ 364069.390224586124532, 5721945.519027087837458 ], [ 364070.11848415620625, 5721942.984489297494292 ], [ 364070.999887383542955, 5721940.479218517430127 ], [ 364071.937550674541853, 5721938.005819692276418 ], [ 364072.846935905516148, 5721935.510925124399364 ], [ 364083.129498308524489, 5721906.08991114795208 ], [ 364088.73960816883482, 5721884.472937102429569 ], [ 364089.232417185674421, 5721882.968520250171423 ], [ 364091.887038799701259, 5721874.807010738179088 ], [ 364093.083396531292237, 5721871.135953495278955 ], [ 364097.36353180592414, 5721869.084604312665761 ], [ 364100.500063536106609, 5721831.186927223578095 ], [ 364094.40467086515855, 5721831.406414963304996 ], [ 364081.459859703551047, 5721831.876811565831304 ], [ 364078.667299981112592, 5721832.074295931495726 ], [ 364075.882258747471496, 5721832.293835964053869 ], [ 364073.098756697785575, 5721832.313029884360731 ], [ 364070.393261093064211, 5721831.885003004223108 ], [ 364067.911100025987253, 5721831.005847827531397 ], [ 364065.551456517539918, 5721829.789555917493999 ], [ 364063.370889536221512, 5721828.279118882492185 ], [ 364061.391356132691726, 5721826.518458623439074 ], [ 364054.007663824013434, 5721819.005200932733715 ], [ 364051.536901993385982, 5721816.489912061952055 ], [ 364048.992738881730475, 5721821.031831415370107 ], [ 364046.134812033909839, 5721825.237217572517693 ], [ 364042.7121922186343, 5721829.046050096862018 ], [ 364039.013700587092899, 5721832.639741342514753 ], [ 364035.307396703807171, 5721836.200261247344315 ], [ 364028.404264773940668, 5721842.951507764868438 ], [ 364021.316435925196856, 5721849.52968202251941 ], [ 364014.043012771580834, 5721855.901424527168274 ], [ 364006.582499453332275, 5721862.011135634966195 ], [ 364000.261673805536702, 5721866.72144035436213 ], [ 363993.754050068673678, 5721871.18083153385669 ], [ 363987.174541676125955, 5721875.542012282647192 ], [ 363980.616703090840019, 5721879.936003514565527 ], [ 363968.704079713206738, 5721888.135236138477921 ], [ 363955.248783287941478, 5721896.910161072388291 ], [ 363923.486159383377526, 5721917.639828751794994 ], [ 363912.944112118100747, 5721924.52257468085736 ], [ 363855.438466442981735, 5721957.518976252526045 ], [ 363867.708004110725597, 5721904.719361851923168 ], [ 363869.325968996214215, 5721860.385771473869681 ], [ 363870.332387791189831, 5721844.779268283396959 ], [ 363861.825681180809624, 5721845.208629523403943 ], [ 363705.36402413866017, 5721853.341239737346768 ], [ 363670.159215124556795, 5721852.721349609084427 ], [ 363661.428719018294942, 5721852.556162414140999 ], [ 363658.679406028590165, 5721853.843273722566664 ], [ 363651.169580616406165, 5721857.339737595058978 ], [ 363592.58347492077155, 5721884.659548158757389 ], [ 363581.291792083065957, 5721889.927385051734746 ], [ 363575.673388142837211, 5721889.856426390819252 ], [ 363567.817010307335295, 5721889.745713219046593 ], [ 363564.228368310024962, 5721889.697890290990472 ], [ 363561.26443057868164, 5721888.676187777891755 ], [ 363560.907891512615606, 5721888.552271594293416 ], [ 363556.759125235839747, 5721886.73906175326556 ], [ 363550.482522831996903, 5721884.604925102554262 ], [ 363509.41924561857013, 5721870.656923707574606 ], [ 363500.032408832106739, 5721867.47174156177789 ], [ 363494.811242602998391, 5721865.698662772774696 ], [ 363480.594354631204624, 5721860.863419796340168 ], [ 363480.371100494230632, 5721860.802679167129099 ], [ 363438.532354988157749, 5721846.364279479719698 ], [ 363080.908447564928792, 5721916.974833286367357 ], [ 363076.386189771350473, 5721917.998694298788905 ], [ 363075.144499314657878, 5721908.462050799280405 ], [ 363072.367689665232319, 5721887.248964542523026 ], [ 363033.033214817754924, 5721786.602449852973223 ], [ 363032.148830629186705, 5721784.634456033818424 ], [ 363031.182303461071569, 5721782.702072350308299 ], [ 363030.23623587784823, 5721780.758006326854229 ], [ 363029.454753657220863, 5721778.753840507939458 ], [ 363029.090326158329844, 5721777.317043967545033 ], [ 363028.843246020958759, 5721775.865940129384398 ], [ 363028.630467111303005, 5721774.402778808027506 ], [ 363028.355403414811008, 5721772.941304872743785 ], [ 363022.238878293836024, 5721746.822143942117691 ], [ 362998.097819271148182, 5721658.706371706910431 ], [ 362961.141358583699912, 5721513.538612025789917 ], [ 362942.405589509406127, 5721433.778522422537208 ], [ 362918.339438948722091, 5721372.023794669657946 ], [ 362915.257963134790771, 5721364.128393401391804 ], [ 362910.366328775475267, 5721365.596396264620125 ], [ 362908.539807942113839, 5721360.56031497195363 ], [ 362902.00475484400522, 5721342.542838823981583 ], [ 362901.959308744233567, 5721342.399404004216194 ], [ 362901.240914192341734, 5721340.426928547210991 ], [ 362883.640828498348128, 5721291.873161673545837 ], [ 362873.131685579894111, 5721290.778235618025064 ], [ 362826.764044381910935, 5721307.003316381014884 ], [ 362825.309427266125567, 5721307.510162141174078 ], [ 362801.645309232699219, 5721315.786136394366622 ], [ 362801.178483711788431, 5721314.407772607170045 ], [ 362799.778307489701547, 5721310.283801547251642 ], [ 362788.155441577429883, 5721276.057117695920169 ], [ 362788.125946323736571, 5721275.991148601286113 ], [ 362784.143570708227344, 5721264.258763471618295 ], [ 362767.219176521350164, 5721258.263659263029695 ], [ 362753.661828492884524, 5721256.639648341573775 ], [ 362732.044743616017513, 5721254.088242843747139 ], [ 362718.022136460291222, 5721252.421314803883433 ], [ 362720.223064390185755, 5721269.454548832029104 ], [ 362723.063868056517094, 5721291.433610141277313 ], [ 362722.523095545708202, 5721294.731123285368085 ], [ 362715.900322576519102, 5721334.7389155915007 ], [ 362713.229296195553616, 5721350.902878844179213 ], [ 362713.067484823288396, 5721351.830916588194668 ], [ 362646.644391160341911, 5721362.003189595416188 ], [ 362621.042586748604663, 5721378.734501149505377 ], [ 362556.36934326949995, 5721387.525050145573914 ], [ 362533.159058959281538, 5721312.851019401103258 ], [ 362503.830926212540362, 5721230.998762466013432 ], [ 362446.600992097752169, 5721241.034930706955492 ], [ 362445.911588146933354, 5721241.153838185593486 ], [ 362407.777549153310247, 5721250.415095034986734 ], [ 362407.398998331977054, 5721250.503293153829873 ], [ 362360.271997003932483, 5721261.95706660207361 ], [ 362356.460030595539138, 5721262.884318684227765 ], [ 362337.4736616081791, 5721232.30873847194016 ], [ 362331.722052917233668, 5721223.050792376510799 ], [ 362324.623722745571285, 5721211.648373781703413 ], [ 362324.449134390568361, 5721211.341535145416856 ], [ 362322.561509828083217, 5721213.752123228274286 ], [ 362321.871927784581203, 5721214.627775639295578 ], [ 362293.773910435382277, 5721252.87292259093374 ], [ 362293.521198865259066, 5721253.258166193030775 ], [ 362281.876174636126962, 5721269.978394384495914 ], [ 362271.637818746559788, 5721263.068367282859981 ], [ 362212.825740214553662, 5721294.07150109577924 ], [ 362175.376414997852407, 5721312.418836389668286 ], [ 362173.429896979476325, 5721313.172973892651498 ], [ 362163.539947070763446, 5721317.014732195995748 ], [ 362160.848219363368116, 5721315.585784438066185 ], [ 362127.800378975225613, 5721297.969242660328746 ], [ 362126.015108496183529, 5721297.016371527686715 ], [ 362124.222612936515361, 5721296.052569689229131 ], [ 362122.410262696328573, 5721295.122694732621312 ], [ 362120.578967417473905, 5721294.260106789879501 ], [ 362118.580653082346544, 5721293.368688683025539 ], [ 362116.55616929277312, 5721292.533626432530582 ], [ 362114.525976485223509, 5721291.743233853019774 ], [ 362112.475929080101196, 5721290.986768376082182 ], [ 362110.015104178106412, 5721290.15247861854732 ], [ 362107.528413008782081, 5721289.38566520716995 ], [ 362105.042327520553954, 5721288.641093079000711 ], [ 362102.568870688672177, 5721287.851664530113339 ], [ 362101.422269291942939, 5721287.4600570499897 ], [ 362100.275364458444528, 5721287.057329789735377 ], [ 362099.141998598584905, 5721286.643105259165168 ], [ 362097.995093380566686, 5721286.240378510206938 ], [ 362096.826817825436592, 5721285.815978199243546 ], [ 362095.671474706032313, 5721285.357840541750193 ], [ 362094.503501996747218, 5721284.944560796953738 ], [ 362093.32380951999221, 5721284.609499078243971 ], [ 362067.416527393856086, 5721278.416556420736015 ], [ 361949.354367947787978, 5721250.178560157306492 ], [ 361871.428934058872983, 5721231.552204813808203 ], [ 361855.651226053480059, 5721227.776695121079683 ], [ 361855.602473204606213, 5721227.766898645088077 ], [ 361814.509350850014016, 5721217.939387520775199 ], [ 361808.493716787081212, 5721216.545810711570084 ], [ 361802.460050261579454, 5721215.252888712100685 ], [ 361796.407439878559671, 5721214.027261506766081 ], [ 361790.342807176173665, 5721212.868740003556013 ], [ 361784.683559066615999, 5721211.843813869170845 ], [ 361779.018602875410579, 5721210.863563324324787 ], [ 361773.328998548502568, 5721209.995276127941906 ], [ 361767.622579686110839, 5721209.272123252041638 ], [ 361741.191338996752165, 5721205.988506494089961 ], [ 361545.731330246315338, 5721184.962128811515868 ], [ 361522.59045492997393, 5721184.482927752658725 ], [ 361242.694240159762558, 5721122.614044655114412 ], [ 361226.110062879568432, 5721121.288578064180911 ], [ 361055.299359108321369, 5721072.673791225999594 ], [ 360938.293763916939497, 5721025.611732931807637 ], [ 360864.181096929416526, 5720995.81181497592479 ], [ 360689.14032682380639, 5721005.927775501273572 ], [ 360682.069389308686368, 5721087.193247072398663 ], [ 360680.184768191189505, 5721093.710791298188269 ], [ 360656.579477225197479, 5721093.248319433070719 ], [ 360641.310431719874032, 5721092.65638196375221 ], [ 360636.725011917937081, 5721088.387010145932436 ], [ 360640.221498103870545, 5721066.211820919066668 ], [ 360629.08346149767749, 5721063.959224983118474 ], [ 360608.033900708833244, 5721074.29903210606426 ], [ 360593.192981686966959, 5721080.194450369104743 ], [ 360565.717203820764553, 5721088.586060055531561 ], [ 360533.951967554516159, 5721094.147077715024352 ], [ 360505.047757469234057, 5721090.926923353224993 ], [ 360426.694919214700349, 5721091.786803756840527 ], [ 360400.503874802670907, 5721085.231719339266419 ], [ 360378.1559358597151, 5721075.120835088193417 ], [ 360363.994893903727643, 5721085.060058324597776 ] ] ] ] } },
{ "type": "Feature", "properties": { "full_id": "r312068", "osm_id": "312068", "osm_type": "relation", "boundary": "administrative", "note:de": null, "name:es": null, "name:de": null, "ref:nuts:2": null, "ref:nuts": null, "population": null, "name:sr": null, "name:ru": null, "name:la": null, "name:ksh": null, "name:ja": null, "name:ar": null, "de:place": null, "ref:nuts:3": null, "license_plate_code": null, "admin_centre:postal_code": null, "wikipedia": null, "wikidata": null, "website": null, "opendata_portal": null, "name:prefix": null, "de:regionalschluessel": null, "de:amtlicher_gemeindeschluessel": null, "admin_title:de": null, "admin_title": null, "TMC:cid_58:tabcd_1:LocationCode": null, "TMC:cid_58:tabcd_1:LCLversion": null, "TMC:cid_58:tabcd_1:Class": null, "type": "boundary", "name": "Polsum", "admin_level": "10" }, "geometry": { "type": "MultiPolygon", "coordinates": [ [ [ [ 368207.439197653555311, 5721265.502160157077014 ], [ 368201.321013289736584, 5721283.733049263246357 ], [ 368193.957424791064113, 5721298.023812211118639 ], [ 368153.147821636579465, 5721405.47996424511075 ], [ 368142.727140978560783, 5721432.925620646215975 ], [ 368080.275323294335976, 5721413.133678472600877 ], [ 368051.856345233391039, 5721410.091760845854878 ], [ 367960.648338528349996, 5721401.166864138096571 ], [ 367953.590613740263507, 5721457.635336724109948 ], [ 367947.163624668144621, 5721519.684619111940265 ], [ 367933.68947427184321, 5721524.565533183515072 ], [ 367888.681224073981866, 5721528.556643034331501 ], [ 367867.760461933969054, 5721525.152954410761595 ], [ 367813.684240578440949, 5721515.271701300516725 ], [ 367743.17440929391887, 5721495.62780178617686 ], [ 367620.200908570899628, 5721458.452032318338752 ], [ 367598.248928283923306, 5721444.516167494468391 ], [ 367569.085875754477456, 5721428.67722642980516 ], [ 367541.478839002782479, 5721418.840074496343732 ], [ 367532.998212322010659, 5721558.01498285587877 ], [ 367520.570593840326183, 5721553.922852953895926 ], [ 367450.475979846902192, 5721529.809875387698412 ], [ 367421.832287347409874, 5721530.08235346712172 ], [ 367401.762650167976972, 5721532.478102509863675 ], [ 367363.125647426466458, 5721536.718554268591106 ], [ 367292.426200744579546, 5721560.584475297480822 ], [ 367294.244788699375931, 5721589.502450058236718 ], [ 367297.820103378267959, 5721675.326488388702273 ], [ 367299.286863544606604, 5721710.629941998980939 ], [ 367299.995142069121357, 5721727.325335869565606 ], [ 367300.863684577401727, 5721759.361786419525743 ], [ 367292.478164535481483, 5721777.864892258308828 ], [ 367238.088814446353354, 5721807.179142809472978 ], [ 367224.319271988875698, 5721814.47337622474879 ], [ 367217.896205037599429, 5721814.341611876152456 ], [ 367147.816230026364792, 5721812.855408384464681 ], [ 367091.580331376113463, 5721811.662759928032756 ], [ 367031.209517748444341, 5721813.873324696905911 ], [ 367024.227102728094906, 5721821.701799117960036 ], [ 367005.485503633273765, 5721842.681138345971704 ], [ 367001.55694504478015, 5721847.079832543618977 ], [ 366978.74917092663236, 5721845.899417762644589 ], [ 366970.861456635873765, 5721846.162595869041979 ], [ 366964.717080739326775, 5721846.357656683772802 ], [ 366949.778720793547109, 5721846.850912326015532 ], [ 366940.732696645020042, 5721847.834547424688935 ], [ 366884.937068244908005, 5721853.887986226938665 ], [ 366847.489853448816575, 5721862.185097781009972 ], [ 366821.010547761281487, 5721868.057009738869965 ], [ 366770.868932985467836, 5721891.300008449703455 ], [ 366733.77720089443028, 5721911.228371198289096 ], [ 366732.71863274089992, 5721911.790413058362901 ], [ 366712.865414567757398, 5721929.161391304805875 ], [ 366665.747702358232345, 5721987.723554134368896 ], [ 366661.000459752511233, 5721993.624131735414267 ], [ 366649.340392190730199, 5722008.909812455996871 ], [ 366644.266837521572597, 5722015.564583281986415 ], [ 366551.732807965599932, 5722163.136356556788087 ], [ 366518.818511011137161, 5722216.59579652454704 ], [ 366503.349419974256307, 5722237.857971983961761 ], [ 366498.654027062002569, 5722243.345620847307146 ], [ 366444.225537290272769, 5722306.999470306560397 ], [ 366387.829586908104829, 5722389.690201386809349 ], [ 366385.795647216378711, 5722399.714577835984528 ], [ 366351.876749275194015, 5722456.428918904624879 ], [ 366325.583372245309874, 5722500.879186126403511 ], [ 366294.911794551997446, 5722546.803031079471111 ], [ 366287.126025301986374, 5722558.470754737965763 ], [ 366234.783473472984042, 5722636.872124820947647 ], [ 366204.486362744821236, 5722682.230292075313628 ], [ 366103.057454069901723, 5722834.14207552280277 ], [ 366097.270224295032676, 5722842.8082813071087 ], [ 366006.786440558033064, 5722978.497088249772787 ], [ 366000.507022059580777, 5722987.910916122607887 ], [ 365990.532495296327397, 5722999.492533336393535 ], [ 365979.471884172933642, 5723010.324015762656927 ], [ 365926.371797503903508, 5723048.844216613098979 ], [ 365774.254237953631673, 5723154.959118234924972 ], [ 365752.393797039519995, 5723168.915631254203618 ], [ 365677.610620129504241, 5723207.346977344714105 ], [ 365574.535578113747761, 5723254.210307254455984 ], [ 365542.464474832289852, 5723210.150855979882181 ], [ 365489.389327712939121, 5723249.932691427879035 ], [ 365364.663644892745651, 5723343.42454978171736 ], [ 365357.278024259547237, 5723403.501281297765672 ], [ 365346.946756636723876, 5723408.105372995138168 ], [ 365327.9124372350052, 5723416.580290368758142 ], [ 365324.569336527318228, 5723418.427617755718529 ], [ 365322.393646538956091, 5723419.398102690465748 ], [ 365320.114582059904933, 5723420.126526920124888 ], [ 365317.762186710897367, 5723420.701114135794342 ], [ 365315.422442723473068, 5723421.230853113345802 ], [ 365312.572233519284055, 5723421.829839235171676 ], [ 365309.705520894494839, 5723422.329114524647593 ], [ 365306.815386471513193, 5723422.728863413445652 ], [ 365303.916259329009335, 5723423.050957393832505 ], [ 365299.947774257860146, 5723423.512838553637266 ], [ 365295.951320512685925, 5723423.964340380392969 ], [ 365291.967914525070228, 5723424.126168491318822 ], [ 365288.018706569098867, 5723423.752942070364952 ], [ 365271.197084121173248, 5723420.696079683490098 ], [ 365142.314619461481925, 5723399.374070951715112 ], [ 365123.06321763136657, 5723424.347346334718168 ], [ 364959.902809645922389, 5723659.467856568284333 ], [ 364934.11546790972352, 5723698.582368407398462 ], [ 364911.248904764477629, 5723733.256732104346156 ], [ 364884.843378716963343, 5723773.300563857890666 ], [ 364861.585434080217965, 5723808.586568952538073 ], [ 364929.802992352400906, 5723837.14212301466614 ], [ 364922.551632631162647, 5723852.292125976644456 ], [ 364919.870079865446314, 5723857.894475647248328 ], [ 364865.106088220141828, 5723972.309035316109657 ], [ 364843.767165781988297, 5724016.924836371093988 ], [ 364826.498494405823294, 5724052.985617384314537 ], [ 364789.491626824368723, 5724130.31467105820775 ], [ 364780.871057717595249, 5724148.32810497097671 ], [ 364653.605943194532301, 5723974.921384989283979 ], [ 364548.672040730190929, 5723846.45509743411094 ], [ 364537.59925738198217, 5723832.897444847039878 ], [ 364539.750666015199386, 5723828.967178345657885 ], [ 364581.454665407189168, 5723717.458345255814493 ], [ 364584.337656116404105, 5723709.82508915476501 ], [ 364588.629805731121451, 5723698.4595364369452 ], [ 364582.666186669026501, 5723695.503489800728858 ], [ 364640.354983301251195, 5723507.91803222335875 ], [ 364660.01815885596443, 5723345.388438357040286 ], [ 364669.843958715675399, 5723337.435773973353207 ], [ 364688.059795129578561, 5723306.690686085261405 ], [ 364692.304635809210595, 5723279.313191310502589 ], [ 364696.853172077564523, 5723244.916872615925968 ], [ 364692.479788143129554, 5723234.139563322998583 ], [ 364683.757210667885374, 5723233.916865274310112 ], [ 364662.464115651382599, 5723209.226286891847849 ], [ 364655.212569809053093, 5723207.317282698117197 ], [ 364649.696991572680417, 5723203.01376498490572 ], [ 364589.384291916503571, 5723192.855953424237669 ], [ 364552.229288244561758, 5723185.494448460638523 ], [ 364500.802701539359987, 5723182.188123264349997 ], [ 364483.678799046843778, 5723179.531413272023201 ], [ 364350.54292548133526, 5723124.992234707809985 ], [ 364288.164592432323843, 5723100.115235134959221 ], [ 364290.315328752622008, 5723092.8019392285496 ], [ 364276.947835102677345, 5723088.498230529017746 ], [ 364274.875065067200921, 5723087.886209079064429 ], [ 364272.763171533762943, 5723087.364264242351055 ], [ 364270.619670600397512, 5723086.954450470395386 ], [ 364268.479454527725466, 5723086.666958823800087 ], [ 364266.133767982712016, 5723086.462883519940078 ], [ 364263.798285254335497, 5723086.380944695323706 ], [ 364261.445331733964849, 5723086.421885656192899 ], [ 364259.10979974392103, 5723086.595897377468646 ], [ 364254.86251972138416, 5723087.255257004871964 ], [ 364250.678356344404165, 5723088.202256349846721 ], [ 364246.497778880991973, 5723089.282700512558222 ], [ 364242.331040446530096, 5723090.362776454538107 ], [ 364103.926787944277748, 5723124.618228665553033 ], [ 364101.151690011785831, 5723125.438438918441534 ], [ 364098.407556898251642, 5723126.380227687768638 ], [ 364095.640575526980683, 5723127.24473537877202 ], [ 364092.817389282630756, 5723127.821424224413931 ], [ 364090.011411252489779, 5723128.008166629821062 ], [ 364087.171179446217138, 5723127.951012501493096 ], [ 364084.334277337009553, 5723127.760232605040073 ], [ 364081.50459266116377, 5723127.580388328060508 ], [ 364078.081399845890701, 5723127.472149069420993 ], [ 364074.651587228989229, 5723127.375218316912651 ], [ 364071.251881150412373, 5723127.110557832755148 ], [ 364067.906067510659341, 5723126.532861775718629 ], [ 364020.711018242756836, 5723115.083030128851533 ], [ 364022.91611904266756, 5723109.804593114182353 ], [ 364023.931771681644022, 5723102.777655552141368 ], [ 364025.885970472590998, 5723085.342896963469684 ], [ 364026.509137814049609, 5723077.881394405849278 ], [ 364036.230224625323899, 5723024.872405521571636 ], [ 364037.867970136692747, 5723020.121136852540076 ], [ 364038.505962629395071, 5723018.356853233650327 ], [ 364039.108763317286503, 5723016.571260153315961 ], [ 364039.621620099875145, 5723014.788086853921413 ], [ 364039.925417507416569, 5723012.954896997660398 ], [ 364040.066270259674639, 5723010.469529707916081 ], [ 364039.978204293758608, 5723007.96806450933218 ], [ 364039.641659455024637, 5723005.495540218427777 ], [ 364039.023237930843607, 5723003.09736795257777 ], [ 364038.338803795399144, 5723001.591223855502903 ], [ 364037.414903075317852, 5723000.191675449721515 ], [ 364036.415493167471141, 5722998.816414898261428 ], [ 364035.532506054150872, 5722997.393509807065129 ], [ 364022.604901348240674, 5722972.658456664532423 ], [ 364021.061249138670973, 5722969.584106079302728 ], [ 364019.653878095152322, 5722966.428192080929875 ], [ 364018.439036961412057, 5722963.222585604526103 ], [ 364017.450123653979972, 5722959.921875299885869 ], [ 364016.473774607642554, 5722955.029501089826226 ], [ 364015.855710116564296, 5722950.071846128441393 ], [ 364015.485827329219319, 5722945.07412910554558 ], [ 364015.268459177226759, 5722940.083436659537256 ], [ 364015.089463265496306, 5722936.004220391623676 ], [ 364014.986575328919571, 5722931.922956360504031 ], [ 364015.147204724140465, 5722927.856858387589455 ], [ 364015.697089489549398, 5722923.847056014463305 ], [ 364020.021209095139056, 5722902.620606915093958 ], [ 364021.430408591986634, 5722891.432283933274448 ], [ 364030.571413422061596, 5722847.986874655820429 ], [ 364049.155092906032223, 5722786.449069223366678 ], [ 364045.958083401201293, 5722763.611080536618829 ], [ 364064.821709244395606, 5722702.677881371229887 ], [ 364096.732206157990731, 5722709.509311459027231 ], [ 364127.531578555412125, 5722630.706404539756477 ], [ 364130.982950736652128, 5722589.862393400631845 ], [ 364133.843804001808167, 5722556.156269020400941 ], [ 364185.993267258396372, 5722560.341104604303837 ], [ 364187.110878786072135, 5722560.444612860679626 ], [ 364188.23481210519094, 5722560.525695242919028 ], [ 364189.349136924720369, 5722560.506882876157761 ], [ 364190.452060634503141, 5722560.321455140598118 ], [ 364191.282139383489266, 5722560.03207721374929 ], [ 364192.073737050930504, 5722559.599067660048604 ], [ 364192.815106279682368, 5722559.100638994947076 ], [ 364193.534821079112589, 5722558.569407863542438 ], [ 364194.554508941364475, 5722557.863195350393653 ], [ 364195.594357813009992, 5722557.134185123257339 ], [ 364196.457935012993403, 5722556.287501628510654 ], [ 364196.977083010249771, 5722555.249765771441162 ], [ 364204.571643151924945, 5722524.521273721940815 ], [ 364181.534998072311282, 5722519.921119932085276 ], [ 364164.422571555303875, 5722518.555943209677935 ], [ 364146.372183122613933, 5722515.012662924826145 ], [ 364121.631111021735705, 5722508.833879576064646 ], [ 364134.28437822900014, 5722488.307321428321302 ], [ 364140.916717971500475, 5722460.175187099725008 ], [ 364137.251390336896293, 5722457.25797875225544 ], [ 364138.250115393602755, 5722452.679728957824409 ], [ 364164.570397574454546, 5722423.562251772731543 ], [ 364169.804214893141761, 5722405.994960292242467 ], [ 364183.678066092426889, 5722392.735802035778761 ], [ 364189.234009014617186, 5722387.411947710439563 ], [ 364181.887594063184224, 5722383.569820251315832 ], [ 364139.112664272892289, 5722361.105409298092127 ], [ 364180.143519980367273, 5722319.173701973631978 ], [ 364196.72102891857503, 5722303.438276510685682 ], [ 364182.953445089748129, 5722276.332820448093116 ], [ 364153.410125036607496, 5722245.589547802694142 ], [ 364127.32525212795008, 5722229.654041094705462 ], [ 364130.759391936706379, 5722207.2164575336501 ], [ 364107.603478207136504, 5722196.432542115449905 ], [ 363987.458981935400516, 5722133.996491410769522 ], [ 363988.136227895040065, 5722110.264203552156687 ], [ 363990.341118071926758, 5722107.534128997474909 ], [ 364011.616275677457452, 5722068.970325158908963 ], [ 364045.521667373948731, 5722006.141468306072056 ], [ 364046.567166667431593, 5722004.588798445649445 ], [ 364051.955375176272355, 5721996.62082480173558 ], [ 364056.377122702659108, 5721987.221060597337782 ], [ 364064.842925546341576, 5721965.705310025252402 ], [ 364067.097441195510328, 5721960.180779325775802 ], [ 364068.110465175064746, 5721953.298614024184644 ], [ 364068.269929925911129, 5721953.305454572662711 ], [ 364069.031500001787208, 5721953.040159217081964 ], [ 364069.457652802113444, 5721952.405525971204042 ], [ 364069.574748669750988, 5721950.321417485363781 ], [ 364069.31973286322318, 5721947.791060701943934 ], [ 364069.390224586124532, 5721945.519027087837458 ], [ 364070.11848415620625, 5721942.984489297494292 ], [ 364070.999887383542955, 5721940.479218517430127 ], [ 364071.937550674541853, 5721938.005819692276418 ], [ 364072.846935905516148, 5721935.510925124399364 ], [ 364083.129498308524489, 5721906.08991114795208 ], [ 364088.73960816883482, 5721884.472937102429569 ], [ 364089.232417185674421, 5721882.968520250171423 ], [ 364091.887038799701259, 5721874.807010738179088 ], [ 364093.083396531292237, 5721871.135953495278955 ], [ 364097.36353180592414, 5721869.084604312665761 ], [ 364100.500063536106609, 5721831.186927223578095 ], [ 364094.40467086515855, 5721831.406414963304996 ], [ 364081.459859703551047, 5721831.876811565831304 ], [ 364078.667299981112592, 5721832.074295931495726 ], [ 364075.882258747471496, 5721832.293835964053869 ], [ 364073.098756697785575, 5721832.313029884360731 ], [ 364070.393261093064211, 5721831.885003004223108 ], [ 364067.911100025987253, 5721831.005847827531397 ], [ 364065.551456517539918, 5721829.789555917493999 ], [ 364063.370889536221512, 5721828.279118882492185 ], [ 364061.391356132691726, 5721826.518458623439074 ], [ 364054.007663824013434, 5721819.005200932733715 ], [ 364051.536901993385982, 5721816.489912061952055 ], [ 364048.992738881730475, 5721821.031831415370107 ], [ 364046.134812033909839, 5721825.237217572517693 ], [ 364042.7121922186343, 5721829.046050096862018 ], [ 364039.013700587092899, 5721832.639741342514753 ], [ 364035.307396703807171, 5721836.200261247344315 ], [ 364028.404264773940668, 5721842.951507764868438 ], [ 364021.316435925196856, 5721849.52968202251941 ], [ 364014.043012771580834, 5721855.901424527168274 ], [ 364006.582499453332275, 5721862.011135634966195 ], [ 364000.261673805536702, 5721866.72144035436213 ], [ 363993.754050068673678, 5721871.18083153385669 ], [ 363987.174541676125955, 5721875.542012282647192 ], [ 363980.616703090840019, 5721879.936003514565527 ], [ 363968.704079713206738, 5721888.135236138477921 ], [ 363955.248783287941478, 5721896.910161072388291 ], [ 363923.486159383377526, 5721917.639828751794994 ], [ 363912.944112118100747, 5721924.52257468085736 ], [ 363855.438466442981735, 5721957.518976252526045 ], [ 363867.708004110725597, 5721904.719361851923168 ], [ 363869.325968996214215, 5721860.385771473869681 ], [ 363870.332387791189831, 5721844.779268283396959 ], [ 363867.814074618392624, 5721710.352316331118345 ], [ 363869.430080758582335, 5721690.890195917338133 ], [ 363867.328027079463936, 5721670.693572441115975 ], [ 363868.361226421606261, 5721664.567531873472035 ], [ 363868.908901232178323, 5721662.015569617040455 ], [ 363869.832629645767156, 5721657.7397486474365 ], [ 363870.343572523852345, 5721655.366825887933373 ], [ 363869.120537521550432, 5721650.069374694488943 ], [ 363863.591415805509314, 5721626.314993899315596 ], [ 363863.278059888165444, 5721624.965797634795308 ], [ 363861.986138899228536, 5721619.42538342718035 ], [ 363860.968212636536919, 5721614.801227880641818 ], [ 363859.998430467327125, 5721610.164648046717048 ], [ 363858.966659648809582, 5721605.540865589864552 ], [ 363857.79767015343532, 5721600.965290599502623 ], [ 363856.366323467285838, 5721596.163089086301625 ], [ 363854.811897973762825, 5721591.419842679053545 ], [ 363853.140415841713548, 5721586.702004890888929 ], [ 363851.379859244567342, 5721582.019950492307544 ], [ 363837.584209926077165, 5721546.547693946398795 ], [ 363836.222805697470903, 5721542.800787191838026 ], [ 363835.005239608057309, 5721538.994366480968893 ], [ 363833.856281233835034, 5721535.163842114619911 ], [ 363832.694078581640497, 5721531.355930915102363 ], [ 363831.50658676715102, 5721527.637726128101349 ], [ 363830.305551174213178, 5721523.93101445492357 ], [ 363829.208027264219709, 5721520.210387213155627 ], [ 363828.268184195272624, 5721516.429872944019735 ], [ 363827.401540423976257, 5721512.024211433716118 ], [ 363826.672713780659251, 5721507.592582168988883 ], [ 363826.192438581143506, 5721503.132002885453403 ], [ 363826.00916163175134, 5721498.641168808564544 ], [ 363825.989113097428344, 5721486.066906807944179 ], [ 363825.978919146989938, 5721476.430209430865943 ], [ 363826.465103241382167, 5721407.300224394537508 ], [ 363826.373332817689516, 5721402.606620077975094 ], [ 363826.253279531840235, 5721397.891521179117262 ], [ 363826.217177010606974, 5721393.207545914687216 ], [ 363826.43685334676411, 5721388.50555435474962 ], [ 363827.213774277479388, 5721381.86338781286031 ], [ 363827.482697227504104, 5721380.275949700735509 ], [ 363828.331326487648766, 5721375.267689135856926 ], [ 363829.615586474654265, 5721368.689757842570543 ], [ 363830.906771454843692, 5721362.111640610732138 ], [ 363832.532803684938699, 5721353.821901491843164 ], [ 363833.704407173907384, 5721348.204025668092072 ], [ 363834.263556831458118, 5721345.562727709300816 ], [ 363836.008458191005047, 5721337.314302043989301 ], [ 363837.718161737429909, 5721329.04456885997206 ], [ 363839.435956441331655, 5721321.07507848739624 ], [ 363840.261281382641755, 5721317.258159728720784 ], [ 363842.874524446204305, 5721305.503248889930546 ], [ 363845.264807364204898, 5721293.698702839203179 ], [ 363847.105635828338563, 5721281.808799571357667 ], [ 363848.501931313541718, 5721268.328414870426059 ], [ 363849.405034313211218, 5721254.794541338458657 ], [ 363849.787854824622627, 5721241.230164193548262 ], [ 363849.637743798724841, 5721227.680136250331998 ], [ 363848.705601437599398, 5721213.639269964769483 ], [ 363847.275512573774904, 5721201.169749870896339 ], [ 363847.102391192107461, 5721199.627600241452456 ], [ 363845.188314822677057, 5721185.646557247266173 ], [ 363840.373971907072701, 5721164.532573621720076 ], [ 363835.099515727022663, 5721138.67926892451942 ], [ 363832.076084733242169, 5721109.738502529449761 ], [ 363831.181257734016981, 5721084.223527505993843 ], [ 363835.700299743621144, 5721042.660676131956279 ], [ 363909.005903230863623, 5721032.964505110867321 ], [ 363978.080092243035324, 5721028.179438032209873 ], [ 364009.426376991788857, 5721026.001036057248712 ], [ 364011.143072967999615, 5721028.536595816724002 ], [ 364041.470428661443293, 5721027.876959592103958 ], [ 364059.171141790458933, 5721027.49013889208436 ], [ 364071.22992092196364, 5721027.221640611998737 ], [ 364109.439440928108525, 5721026.038968911394477 ], [ 364115.543623060570098, 5721025.852690003812313 ], [ 364114.755047194368672, 5721017.127187468111515 ], [ 364195.645962794194929, 5721016.979608351364732 ], [ 364195.699479094182607, 5721014.329683784395456 ], [ 364195.859623617725447, 5721006.880685461685061 ], [ 364196.040257093496621, 5720997.873203321360052 ], [ 364262.301496561965905, 5721005.686687837354839 ], [ 364292.547069509804714, 5721011.785507681779563 ], [ 364360.210682126285974, 5721025.415998236276209 ], [ 364428.200992588535883, 5721039.105387535877526 ], [ 364558.215919661335647, 5721075.248626037500799 ], [ 364676.374024543969426, 5721110.733127664774656 ], [ 364684.534696660295594, 5721094.479231169447303 ], [ 364691.274408331373706, 5721065.499494475312531 ], [ 364704.581441992719192, 5721053.125167962163687 ], [ 364707.62220107507892, 5720988.400976596400142 ], [ 364711.605541745899245, 5720946.219263103790581 ], [ 364720.817014973901678, 5720916.149686425924301 ], [ 364734.759965466568246, 5720881.435594961978495 ], [ 364743.039125827956013, 5720849.387961237691343 ], [ 364717.903286798507906, 5720739.892627893015742 ], [ 364721.779250538966153, 5720698.860013589262962 ], [ 364721.285028324753512, 5720684.785131656564772 ], [ 364718.12613122689072, 5720662.246315401047468 ], [ 364713.800411069474649, 5720655.907755922526121 ], [ 364718.112226718803868, 5720650.072609902359545 ], [ 364727.454602352168877, 5720648.698800451122224 ], [ 364724.476819269708358, 5720636.815800616517663 ], [ 364712.521168673760258, 5720620.254344197921455 ], [ 364716.402575166837778, 5720606.095808577723801 ], [ 364721.971316973387729, 5720596.23208250105381 ], [ 364740.170040112454444, 5720573.489289669319987 ], [ 364744.624683628731873, 5720566.515292061492801 ], [ 364753.089693078538403, 5720549.162883257493377 ], [ 364766.556948301265948, 5720520.181484706699848 ], [ 364772.736656276509166, 5720524.612140199169517 ], [ 364786.885782999219373, 5720529.163591420277953 ], [ 364790.835970423766412, 5720530.782837767153978 ], [ 364793.643018704489805, 5720532.655205587856472 ], [ 364795.474250021856278, 5720534.820732402615249 ], [ 364805.753337382804602, 5720535.569748287089169 ], [ 364848.765463335148524, 5720518.262353761121631 ], [ 364858.321023663855158, 5720512.153690875507891 ], [ 364876.131034757941961, 5720505.423912918195128 ], [ 364883.143397234729491, 5720501.352901806123555 ], [ 364893.089735011104494, 5720495.089204521849751 ], [ 364903.582105332869105, 5720486.963692184537649 ], [ 364928.049559077131562, 5720475.31575551815331 ], [ 364950.169305140152574, 5720455.384614018723369 ], [ 365000.947362309903838, 5720432.86361694522202 ], [ 365027.546705665998161, 5720426.845695764757693 ], [ 365034.90320940176025, 5720416.71208643168211 ], [ 365039.607705141417682, 5720410.25472323782742 ], [ 365040.754935268894769, 5720410.413289097137749 ], [ 365045.656546985846944, 5720411.083724270574749 ], [ 365048.842009739251807, 5720411.043246626853943 ], [ 365052.001265996368602, 5720410.280149849131703 ], [ 365055.129965935018845, 5720409.150646140798926 ], [ 365058.202101798378862, 5720407.978141442872584 ], [ 365059.258946096117143, 5720407.604978630319238 ], [ 365061.076754271169193, 5720406.933315115980804 ], [ 365063.906610624690074, 5720405.767277465201914 ], [ 365066.676936407224275, 5720404.447037478908896 ], [ 365069.337792190024629, 5720402.918287239968777 ], [ 365071.702867986285128, 5720401.208252511918545 ], [ 365073.909720984578598, 5720399.279879519715905 ], [ 365076.080480763339438, 5720397.296830329112709 ], [ 365078.337276769801974, 5720395.42276722099632 ], [ 365080.889659735257737, 5720393.462924787774682 ], [ 365077.338484236854129, 5720394.336609092541039 ], [ 365127.470763004675973, 5720376.652582077309489 ], [ 365252.68170523212757, 5720385.233539954759181 ], [ 365259.647630826220848, 5720393.705547056160867 ], [ 365260.213158953702077, 5720394.391545394435525 ], [ 365260.714608414506074, 5720395.012482817284763 ], [ 365262.08805574500002, 5720396.122079328633845 ], [ 365264.544615557126235, 5720398.104191499762237 ], [ 365268.330670376250055, 5720399.806075618602335 ], [ 365271.943649902124889, 5720406.453397330828011 ], [ 365278.231878936756402, 5720418.09269822947681 ], [ 365279.023248859448358, 5720419.195546576753259 ], [ 365280.052753188472707, 5720420.136260660365224 ], [ 365281.196382465073839, 5720420.940399497747421 ], [ 365282.379768248996697, 5720421.676711797714233 ], [ 365283.456653369707055, 5720422.315709040500224 ], [ 365284.566372787579894, 5720422.887064103968441 ], [ 365285.735134968359489, 5720423.334439074620605 ], [ 365286.940099882078357, 5720423.580546420998871 ], [ 365288.333558624901343, 5720423.62133021093905 ], [ 365289.728016490931623, 5720423.439528125338256 ], [ 365291.111405959411059, 5720423.102229448035359 ], [ 365292.442785554972943, 5720422.632780504412949 ], [ 365297.624529359512962, 5720420.558513534255326 ], [ 365325.290030903241131, 5720409.561830611899495 ], [ 365330.554572424502112, 5720407.474266026169062 ], [ 365353.328250339545775, 5720393.825992671772838 ], [ 365360.87645086622797, 5720389.307412087917328 ], [ 365456.486856704868842, 5720332.024867405183613 ], [ 365474.921423456049524, 5720310.180000547319651 ], [ 365536.534241073764861, 5720237.244962488301098 ], [ 365562.753712228615768, 5720206.191002045758069 ], [ 365563.004429396358319, 5720203.113023930229247 ], [ 365563.9155798421707, 5720191.259795471094549 ], [ 365564.877935616008472, 5720178.726401712745428 ], [ 365565.086574208631646, 5720176.150300073437393 ], [ 365565.380094580468722, 5720172.336740023456514 ], [ 365545.058426378411241, 5720146.414577453397214 ], [ 365544.248378654941916, 5720145.39008086360991 ], [ 365558.189490098156966, 5720127.771220920607448 ], [ 365559.94561204733327, 5720125.554598184302449 ], [ 365558.425147220492363, 5720117.349195543676615 ], [ 365557.964942011982203, 5720114.891021262854338 ], [ 365571.358313769684173, 5720112.109190285205841 ], [ 365597.200817616074346, 5720106.726515345275402 ], [ 365605.494935627444647, 5720097.926507631316781 ], [ 365629.085529666393995, 5720102.173859915696084 ], [ 365636.643845620914362, 5720095.663551385514438 ], [ 365652.779913874051999, 5720088.680624739266932 ], [ 365672.737430029199459, 5720082.119288344867527 ], [ 365675.726427092857193, 5720084.06520423386246 ], [ 365678.701281026937068, 5720086.000369396060705 ], [ 365699.534162043826655, 5720078.748220939189196 ], [ 365723.570509501732886, 5720055.943298487924039 ], [ 365725.628407634270843, 5720054.130460952408612 ], [ 365780.133354300400242, 5720006.26942178234458 ], [ 365865.367944776895456, 5719990.688562081195414 ], [ 365869.989797368994914, 5719990.988875814713538 ], [ 365953.866617180290632, 5719996.31036205496639 ], [ 365964.074637432640884, 5719996.963499350473285 ], [ 365972.168520536390133, 5719996.526494227349758 ], [ 365987.878610118292272, 5719995.665177079848945 ], [ 365989.568529979442246, 5719996.432746934704483 ], [ 365993.228818290925119, 5719998.093994077295065 ], [ 366011.734814876457676, 5720006.539512837305665 ], [ 366012.471141265588813, 5720006.876103245653212 ], [ 366018.585931125737261, 5720009.663043976761401 ], [ 366024.770826182677411, 5720012.481518869288266 ], [ 366030.263446768512949, 5720013.226288324221969 ], [ 366031.731532687321305, 5720013.465607124380767 ], [ 366033.193873529904522, 5720013.749590100720525 ], [ 366034.643546399311163, 5720014.078420583158731 ], [ 366036.086296204826795, 5720014.407434804365039 ], [ 366037.38278234063182, 5720014.706938984803855 ], [ 366038.672639924974646, 5720015.017746925354004 ], [ 366039.95645789115224, 5720015.362098830752075 ], [ 366041.214939981931821, 5720015.796145195141435 ], [ 366042.663283625035547, 5720016.336443286389112 ], [ 366044.098959079652559, 5720016.921588847413659 ], [ 366045.455093432567082, 5720017.642375873401761 ], [ 366046.663635903736576, 5720018.545117867179215 ], [ 366047.806777316553053, 5720019.594254647381604 ], [ 366050.306338726251852, 5720021.898311690427363 ], [ 366055.561456236406229, 5720015.505283627659082 ], [ 366074.439205766422674, 5720014.972093580290675 ], [ 366087.497540562064387, 5720004.488887065090239 ], [ 366102.420708185527474, 5720005.829823780804873 ], [ 366108.828201739757787, 5719999.261690597049892 ], [ 366116.699826652067713, 5720004.038654663600028 ], [ 366119.748343036568258, 5720005.883100630715489 ], [ 366129.530676295049489, 5719999.615156927146018 ], [ 366142.3991451478214, 5719998.707111621275544 ], [ 366143.623023438849486, 5719998.619087854400277 ], [ 366155.424095692753326, 5719991.930559792555869 ], [ 366157.884510887553915, 5720022.344759965315461 ], [ 366154.860852633486502, 5720040.029086558148265 ], [ 366153.084738233243115, 5720050.40276516508311 ], [ 366143.75333999627037, 5720061.666287397965789 ], [ 366163.179075787018519, 5720075.829995413310826 ], [ 366157.598109717655461, 5720076.979164899326861 ], [ 366154.565854411106557, 5720120.780890820547938 ], [ 366168.139414226752706, 5720246.033440351486206 ], [ 366171.563971014285926, 5720269.166754939593375 ], [ 366179.966003888752311, 5720341.142258428968489 ], [ 366194.264832007989753, 5720411.882372725754976 ], [ 366227.797506709757727, 5720528.895463023334742 ], [ 366280.072746504913084, 5720667.913767809048295 ], [ 366327.693999768234789, 5720790.285796532407403 ], [ 366356.560054604429752, 5720865.882509838789701 ], [ 366368.464567664079368, 5720896.470089741051197 ], [ 366383.697523409908172, 5720935.593866241164505 ], [ 366385.821621483250055, 5720939.176566048525274 ], [ 366386.414985529147089, 5720938.827052492648363 ], [ 366392.20219496457139, 5720949.190010792575777 ], [ 366428.095925345667638, 5720927.466092057526112 ], [ 366462.804974875471089, 5720906.508163142949343 ], [ 366483.213907089782879, 5720894.0513497274369 ], [ 366514.30388798401691, 5720875.57070679590106 ], [ 366542.002671006252058, 5720859.549990572966635 ], [ 366571.093357744277455, 5720843.24789790995419 ], [ 366620.14236863818951, 5720814.969005134887993 ], [ 366683.422439112793654, 5720776.567453837953508 ], [ 366697.68171690532472, 5720768.847211284562945 ], [ 366702.119926635466982, 5720769.831891696900129 ], [ 366767.129555917112157, 5720792.833842358551919 ], [ 366824.584617275977507, 5720807.266787026077509 ], [ 366850.428051931667142, 5720811.493708177469671 ], [ 366879.175849553314038, 5720816.067168328911066 ], [ 366907.280868542613462, 5720828.591853402554989 ], [ 366979.057074289768934, 5720858.751627338118851 ], [ 366998.378007715626154, 5720867.557470049709082 ], [ 367065.560265754815191, 5720902.702102727256715 ], [ 367091.349053232232109, 5720917.002340261824429 ], [ 367151.675902306451462, 5720948.834100125357509 ], [ 367241.89696974074468, 5720995.749947571195662 ], [ 367325.282459585519973, 5721039.586219431832433 ], [ 367454.715222070168238, 5721111.582925891503692 ], [ 367495.637138297432102, 5721001.191122327931225 ], [ 367498.926934466464445, 5720992.725702901370823 ], [ 367498.889925088500604, 5720992.370583431795239 ], [ 367506.04144563205773, 5720989.601566615514457 ], [ 367502.967328345868737, 5720955.542063091881573 ], [ 367626.84910400561057, 5721013.689842633903027 ], [ 367664.082971544936299, 5721033.223838852718472 ], [ 367648.108725140569732, 5721063.297401326708496 ], [ 367804.172558386926539, 5721129.175543450750411 ], [ 367928.819100649678148, 5721182.970586095936596 ], [ 367995.579645423335023, 5721211.149915064685047 ], [ 368001.30978155991761, 5721212.569347913376987 ], [ 368069.464073136332445, 5721229.429711549542844 ], [ 368207.439197653555311, 5721265.502160157077014 ] ] ] ] } },
{ "type": "Feature", "properties": { "full_id": "r312070", "osm_id": "312070", "osm_type": "relation", "boundary": "administrative", "note:de": null, "name:es": null, "name:de": null, "ref:nuts:2": null, "ref:nuts": null, "population": null, "name:sr": null, "name:ru": null, "name:la": null, "name:ksh": null, "name:ja": null, "name:ar": null, "de:place": null, "ref:nuts:3": null, "license_plate_code": null, "admin_centre:postal_code": null, "wikipedia": null, "wikidata": null, "website": null, "opendata_portal": null, "name:prefix": null, "de:regionalschluessel": null, "de:amtlicher_gemeindeschluessel": null, "admin_title:de": null, "admin_title": null, "TMC:cid_58:tabcd_1:LocationCode": null, "TMC:cid_58:tabcd_1:LCLversion": null, "TMC:cid_58:tabcd_1:Class": null, "type": "boundary", "name": "Brassert", "admin_level": "10" }, "geometry": { "type": "MultiPolygon", "coordinates": [ [ [ [ 366948.514924380986486, 5727372.435857533477247 ], [ 366988.9103325161268, 5727384.913771073333919 ], [ 367007.87044501764467, 5727382.255273324437439 ], [ 367026.15747244504746, 5727350.637387634254992 ], [ 367051.96856889326591, 5727302.641327668912709 ], [ 367058.175430817063898, 5727290.626558920368552 ], [ 367062.013192083279137, 5727283.21440551429987 ], [ 367063.674923772749025, 5727279.331492282450199 ], [ 367064.854103344550822, 5727275.24985902570188 ], [ 367065.684418135671876, 5727271.055007684975863 ], [ 367066.293228672468103, 5727266.854862929321826 ], [ 367066.760443648439832, 5727262.268969641067088 ], [ 367067.314541676314548, 5727256.779424170963466 ], [ 367067.72547177656088, 5727246.64216720405966 ], [ 367067.452023206104059, 5727236.522936341352761 ], [ 367066.384756066137925, 5727226.469125867821276 ], [ 367064.221311741159298, 5727216.032454156316817 ], [ 367061.156651956320275, 5727205.78644035384059 ], [ 367057.590553938644007, 5727195.676043673418462 ], [ 367053.963104564405512, 5727185.600649000145495 ], [ 367052.110005846596323, 5727181.431969662196934 ], [ 367049.947575582540594, 5727177.338206996209919 ], [ 367048.14344803802669, 5727173.190494804643095 ], [ 367047.351140563841909, 5727168.849210021086037 ], [ 367047.87863788055256, 5727164.450902582146227 ], [ 367049.329673289437778, 5727160.184058660641313 ], [ 367051.32373788068071, 5727156.047574372962117 ], [ 367053.459289303864352, 5727152.029771553352475 ], [ 367174.902625356335193, 5726920.709628333337605 ], [ 367185.92191378667485, 5726894.892193472012877 ], [ 367188.154087207629345, 5726888.490539189428091 ], [ 367189.534635777701624, 5726881.799711908213794 ], [ 367190.109133384248707, 5726874.974302699789405 ], [ 367189.930359873047564, 5726868.179841376841068 ], [ 367188.445595807919744, 5726863.022164913825691 ], [ 367185.871720538125373, 5726858.015553000383079 ], [ 367183.699992105248384, 5726853.042872342281044 ], [ 367183.225383539800532, 5726850.518192554824054 ], [ 367183.407262238906696, 5726847.965110834687948 ], [ 367184.218084248132072, 5726845.651422366499901 ], [ 367185.477807139512151, 5726843.570736886002123 ], [ 367188.985809757024981, 5726839.906369103118777 ], [ 367193.133478269795887, 5726836.625779313035309 ], [ 367197.14288224442862, 5726833.348830903880298 ], [ 367205.084379250532947, 5726826.485396288335323 ], [ 367213.346659753704444, 5726819.980758001096547 ], [ 367221.709846066543832, 5726813.62927084416151 ], [ 367230.000700568198226, 5726807.15729387383908 ], [ 367238.496935138013214, 5726800.602034214884043 ], [ 367247.077909054874908, 5726794.111328768543899 ], [ 367255.431237446144223, 5726787.381811230443418 ], [ 367263.278811352676712, 5726780.098084023222327 ], [ 367267.76423590676859, 5726775.451071898452938 ], [ 367272.092014442314394, 5726770.596778887324035 ], [ 367275.913251417223364, 5726765.421971233561635 ], [ 367278.899206152069382, 5726759.790628412738442 ], [ 367280.697283063898794, 5726753.712019551545382 ], [ 367281.492202865134459, 5726747.370461083948612 ], [ 367281.869091818341985, 5726740.917486789636314 ], [ 367282.385424397536553, 5726734.505358030088246 ], [ 367284.12870429479517, 5726720.026613743044436 ], [ 367299.580906544171739, 5726572.509333631023765 ], [ 367302.075253523769788, 5726548.696797382086515 ], [ 367304.060120851441752, 5726529.71604266948998 ], [ 367305.344366778037511, 5726517.508348937146366 ], [ 367307.833041079458781, 5726493.740480901673436 ], [ 367308.279661196866073, 5726489.411111859604716 ], [ 367311.492848125402816, 5726455.564573340117931 ], [ 367322.423925180337392, 5726457.647516651079059 ], [ 367349.35207050666213, 5726462.659609156660736 ], [ 367376.267497252323665, 5726467.716688623651862 ], [ 367403.159297633101232, 5726472.93032034765929 ], [ 367419.922269861912355, 5726476.573990361765027 ], [ 367436.623084277263843, 5726480.486416767351329 ], [ 367453.364385149150621, 5726484.097381016239524 ], [ 367470.263527598639484, 5726486.869663703255355 ], [ 367551.090471247443929, 5726497.244988899677992 ], [ 367817.082137203542516, 5726526.138291174545884 ], [ 367870.174769559933338, 5726531.914705728180707 ], [ 367827.164295667898841, 5726347.828516683541238 ], [ 367875.914306132704951, 5726333.799903900362551 ], [ 367871.583619922341313, 5726307.384438242763281 ], [ 367865.968215386965312, 5726273.124078779481351 ], [ 367944.718165096710436, 5726251.890311311930418 ], [ 367944.407616842014249, 5726245.043680496513844 ], [ 368041.605276547721587, 5726237.873040948063135 ], [ 368037.997644587187096, 5726055.637737803161144 ], [ 368034.829118750523776, 5725895.490881639532745 ], [ 368032.315018052351661, 5725768.320974033325911 ], [ 368032.186366810812615, 5725761.2804203517735 ], [ 368051.1996159091359, 5725759.615113381296396 ], [ 368104.435381033224985, 5725754.952671863138676 ], [ 368196.043021684512496, 5725746.929932871833444 ], [ 368314.582973554497585, 5725736.548372919671237 ], [ 368326.754642954561859, 5725735.485395218245685 ], [ 368329.951056633843109, 5725735.20174302905798 ], [ 368342.931449470517691, 5725733.839521077461541 ], [ 368355.919342724373564, 5725732.499392800033092 ], [ 368368.917140051838942, 5725731.804452245123684 ], [ 368381.859828074346296, 5725732.446317289024591 ], [ 368401.87048126605805, 5725734.795729594305158 ], [ 368439.254821584443562, 5725741.599879981018603 ], [ 368459.820815210288856, 5725745.348279017023742 ], [ 368459.808975519030355, 5725745.159415031783283 ], [ 368507.935779386083595, 5725753.687230250798166 ], [ 368525.583199170650914, 5725756.966635469347239 ], [ 368556.835782190319151, 5725762.684991481713951 ], [ 368697.684118540375493, 5725787.418507221154869 ], [ 368699.6816557427519, 5725787.333180425688624 ], [ 368701.410618712776341, 5725786.765216433443129 ], [ 368703.139582050498575, 5725786.197253039106727 ], [ 368704.323904436372686, 5725784.641953254118562 ], [ 368705.017558761755936, 5725783.110540112480521 ], [ 368705.179873060551472, 5725781.103321433067322 ], [ 368704.871445179916918, 5725779.62022050190717 ], [ 368704.058228885289282, 5725778.150245384313166 ], [ 368679.338227030995768, 5725742.638968588784337 ], [ 368654.507826697721612, 5725698.640183066017926 ], [ 368638.647972926206421, 5725671.778582778759301 ], [ 368627.94472811371088, 5725648.699842125177383 ], [ 368621.028611912857741, 5725633.946310303173959 ], [ 368615.057747329177801, 5725621.215702245011926 ], [ 368565.222627575218212, 5725540.712321078404784 ], [ 368560.436753667192534, 5725533.90428626537323 ], [ 368511.610810938524082, 5725453.686683561652899 ], [ 368493.470675373624545, 5725427.541398800909519 ], [ 368484.245776668656617, 5725414.239127188920975 ], [ 368444.281594515370671, 5725367.463989203795791 ], [ 368393.709818196948618, 5725292.611963944509625 ], [ 368375.616613972408231, 5725266.187641522847116 ], [ 368359.110805686796084, 5725238.809520450420678 ], [ 368306.96235931024421, 5725204.437767533585429 ], [ 368275.389729452552274, 5725182.349036402069032 ], [ 368222.528568630339578, 5725149.087222496978939 ], [ 368198.281409105169587, 5725134.853210776112974 ], [ 368192.886491268058307, 5725131.789199727587402 ], [ 368187.214594432211015, 5725128.454228116199374 ], [ 368163.968490753672086, 5725115.195748603902757 ], [ 368155.288235249347053, 5725109.290924618951976 ], [ 368151.310139575158246, 5725106.156585559248924 ], [ 368112.398731381457765, 5725075.52508454862982 ], [ 368105.326103261322714, 5725068.643624321557581 ], [ 368087.346865356550552, 5725051.175157128833234 ], [ 368065.91454087512102, 5725026.040866990573704 ], [ 368058.887645338894799, 5725018.000979558564723 ], [ 368055.634845499822404, 5725014.024305023252964 ], [ 368040.30325813771924, 5724996.720507677644491 ], [ 368017.498200433561578, 5724974.159413297660649 ], [ 368016.235002142027952, 5724945.682960521429777 ], [ 368016.038388108543586, 5724941.337122774682939 ], [ 368011.90279522142373, 5724779.368588930927217 ], [ 368010.298307770688552, 5724751.869181857444346 ], [ 368007.126122689456679, 5724724.499764800071716 ], [ 367991.232575985020958, 5724583.76995406113565 ], [ 367984.60761634336086, 5724523.073971320874989 ], [ 367982.579977216664702, 5724502.42923722229898 ], [ 367971.724894777929876, 5724404.621303247287869 ], [ 367970.74060053692665, 5724395.032602380029857 ], [ 367970.219564077444375, 5724389.927428442984819 ], [ 367964.567343873321079, 5724334.947996850125492 ], [ 367961.577953451953363, 5724305.581951690837741 ], [ 367961.242619934841059, 5724302.285757564008236 ], [ 367953.976870923826937, 5724304.745742488652468 ], [ 367938.895158335566521, 5724306.887047891505063 ], [ 367921.512611604470294, 5724308.6545693827793 ], [ 367911.595176794333383, 5724308.969511345028877 ], [ 367901.658198022749275, 5724308.272352861240506 ], [ 367891.718826857802924, 5724307.219186299480498 ], [ 367881.764807283820119, 5724306.400106304325163 ], [ 367876.08360823901603, 5724306.192599981091917 ], [ 367870.397236627759412, 5724306.052002203650773 ], [ 367864.716036183584947, 5724305.844508646056056 ], [ 367859.043723978858907, 5724305.447616063989699 ], [ 367850.835090186097659, 5724304.671964451670647 ], [ 367842.635923514841124, 5724303.729161105118692 ], [ 367834.504111736430787, 5724302.450774180702865 ], [ 367826.49550500937039, 5724300.590529986657202 ], [ 367798.020272258843761, 5724292.678188042715192 ], [ 367748.36096748302225, 5724276.963543442077935 ], [ 367713.257318934949581, 5724266.254067991860211 ], [ 367654.653078801406082, 5724248.370948716066778 ], [ 367658.771978689183015, 5724235.176712218672037 ], [ 367637.834194268914871, 5724232.030811905860901 ], [ 367639.812333456822671, 5724225.369049124419689 ], [ 367581.286750942468643, 5724209.988453317433596 ], [ 367570.877000223612413, 5724207.90221859049052 ], [ 367560.272713599610142, 5724206.844866394996643 ], [ 367549.575532682589255, 5724206.468770219944417 ], [ 367538.893138744984753, 5724206.39276069495827 ], [ 367520.18787946656812, 5724206.827608748339117 ], [ 367501.497577455011196, 5724208.096722448244691 ], [ 367482.837451021187007, 5724209.988273675553501 ], [ 367464.251258846954443, 5724212.3230687584728 ], [ 367449.471430425939616, 5724214.368887297809124 ], [ 367434.734951609862037, 5724216.747447651810944 ], [ 367430.245445881620981, 5724217.644207468256354 ], [ 367420.12345793354325, 5724219.668036425486207 ], [ 367405.705920518143103, 5724223.384783210232854 ], [ 367336.487988273031078, 5724243.696499704383314 ], [ 367315.171217564027756, 5724250.376658513210714 ], [ 367215.771990630892105, 5724285.058866349980235 ], [ 367207.491881255875342, 5724287.891564122401178 ], [ 366934.2548533603549, 5724381.177947592921555 ], [ 366921.364998200035188, 5724385.579183753579855 ], [ 366889.019015211844817, 5724398.672102713026106 ], [ 366829.656330500845797, 5724422.726191925816238 ], [ 366774.457355358346831, 5724445.068769508041441 ], [ 366582.135266001219861, 5724522.954722184687853 ], [ 366573.006394496536814, 5724526.645504735410213 ], [ 366487.157668286585249, 5724562.731675630435348 ], [ 366478.643179637205321, 5724566.617826990783215 ], [ 366470.318824081565253, 5724570.888445510528982 ], [ 366462.083655006135814, 5724575.390407621860504 ], [ 366453.89146985654952, 5724579.946887169033289 ], [ 366451.262683174340054, 5724581.307230236940086 ], [ 366448.591810284997337, 5724582.646431544795632 ], [ 366446.042343029926997, 5724584.127087829634547 ], [ 366443.722734687500633, 5724585.924378697760403 ], [ 366400.910514276125468, 5724602.290691467933357 ], [ 366395.401670774212107, 5724603.360016382299364 ], [ 366379.701610610238276, 5724606.412629641592503 ], [ 366357.56910264887847, 5724615.911644817329943 ], [ 366343.962888033536728, 5724620.667193107306957 ], [ 366338.668629327556118, 5724622.520988871343434 ], [ 366315.449782349984162, 5724629.934626903384924 ], [ 366250.410217349068262, 5724655.837455824017525 ], [ 366188.262361573171802, 5724681.141529492102563 ], [ 366048.740012019989081, 5724737.953515102155507 ], [ 366002.853443324449472, 5724756.007274802774191 ], [ 365977.995301204442512, 5724765.769496302120388 ], [ 365956.431899388146121, 5724772.929478082805872 ], [ 365944.080678743193857, 5724775.916863717138767 ], [ 365940.790014418191276, 5724776.58285700250417 ], [ 365924.425731345021632, 5724779.877108606509864 ], [ 365913.600861255428754, 5724781.17710898630321 ], [ 365909.364268156583421, 5724781.667930137366056 ], [ 365902.21577265765518, 5724782.492005897685885 ], [ 365890.804330089944415, 5724783.596196204423904 ], [ 365879.367417960835155, 5724784.523040576837957 ], [ 365867.932700393372215, 5724785.271804492920637 ], [ 365864.892172351130284, 5724785.452700737863779 ], [ 365858.776239705039188, 5724785.80429695546627 ], [ 365823.988675579428673, 5724787.829960246570408 ], [ 365718.426717733498663, 5724792.271071383729577 ], [ 365682.03396841196809, 5724793.795116408728063 ], [ 365619.598093149601482, 5724796.412840992212296 ], [ 365536.352712346066255, 5724799.907987657934427 ], [ 365494.788683525752276, 5724801.648950447328389 ], [ 365414.105167898233049, 5724807.258994578383863 ], [ 365341.453107425943017, 5724816.606670484878123 ], [ 365325.008057913277298, 5724821.529734790325165 ], [ 365224.393758450984024, 5724851.855598915368319 ], [ 365191.380902871955186, 5724861.494406826794147 ], [ 365165.275041367160156, 5724869.3020895794034 ], [ 365033.071502193226479, 5724908.843568646349013 ], [ 365009.272991770296358, 5724915.956120216287673 ], [ 364873.411627572670113, 5724956.578919318504632 ], [ 364680.051028993097134, 5725016.528444786556065 ], [ 364664.325268967426382, 5725021.38993062172085 ], [ 364514.939152995124459, 5725067.715423187240958 ], [ 364430.547811130876653, 5725093.861023893579841 ], [ 364111.982105869974475, 5725190.768962220288813 ], [ 364085.223565385618713, 5725198.900392880663276 ], [ 364057.368674982571974, 5725205.637071156874299 ], [ 364049.678154153050855, 5725207.123830173164606 ], [ 364046.290251090424135, 5725207.760312462225556 ], [ 364035.057982147787698, 5725209.053105537779629 ], [ 364023.743985062348656, 5725209.880739986896515 ], [ 364016.566860682272818, 5725210.385573974810541 ], [ 364012.449540244648233, 5725210.663360634818673 ], [ 364001.835540362633765, 5725211.527836920693517 ], [ 363991.218548401026055, 5725212.281134211458266 ], [ 363980.592274208087474, 5725212.689729668200016 ], [ 363969.976591220241971, 5725212.463754690252244 ], [ 363959.890479349181987, 5725211.600357454270124 ], [ 363949.851926615810953, 5725210.190416955389082 ], [ 363939.877158138086088, 5725208.322521301917732 ], [ 363929.995332570571918, 5725206.051525417715311 ], [ 363921.230261915770825, 5725203.616919362917542 ], [ 363912.592411472985987, 5725200.767156326211989 ], [ 363904.050496659358032, 5725197.625488933175802 ], [ 363895.57955011370359, 5725194.292743391357362 ], [ 363890.705304052506108, 5725192.165077953599393 ], [ 363885.902632241835818, 5725189.868564856238663 ], [ 363881.126420393586159, 5725187.526830134913325 ], [ 363876.324638755642809, 5725185.263686408288777 ], [ 363852.652079395775218, 5725174.617787230759859 ], [ 363826.023445282189641, 5725162.660671748220921 ], [ 363810.391840099473484, 5725158.397192565724254 ], [ 363805.292895902879536, 5725156.409204348921776 ], [ 363693.113989949808456, 5725139.560577373951674 ], [ 363677.74704093451146, 5725136.392052169889212 ], [ 363653.523875489248894, 5725131.782292984426022 ], [ 363572.522682295704726, 5725342.946976247243583 ], [ 363546.435402976232581, 5725410.955423487350345 ], [ 363514.905681529897265, 5725493.166118642315269 ], [ 363503.104420961695723, 5725524.07666046731174 ], [ 363499.259400759357959, 5725534.162637504749 ], [ 363493.869244603149127, 5725548.274301779456437 ], [ 363483.6900656305952, 5725574.923445289023221 ], [ 363476.348681220901199, 5725594.162369563244283 ], [ 363462.395798010693397, 5725630.706463151611388 ], [ 363454.098195154801942, 5725652.452886515296996 ], [ 363436.100979242182802, 5725699.622645257040858 ], [ 363435.551387304323725, 5725701.050798474811018 ], [ 363427.489446665160358, 5725722.546082954853773 ], [ 363410.579306355328299, 5725767.672341463156044 ], [ 363404.686118322308175, 5725783.377949893474579 ], [ 363385.242064669087995, 5725835.0940315797925 ], [ 363371.259063458186574, 5725872.262448416091502 ], [ 363361.12308975495398, 5725899.177820319309831 ], [ 363358.152298341039568, 5725906.769801156595349 ], [ 363349.561947616341058, 5725928.657907962799072 ], [ 363328.458736245636828, 5725982.433393716812134 ], [ 363331.055713781737722, 5725983.531566921621561 ], [ 363351.865764695568942, 5725992.304944166913629 ], [ 363330.156605588214006, 5726050.525895069353282 ], [ 363324.985017933591735, 5726058.61148024443537 ], [ 363317.211285295546986, 5726070.773697004653513 ], [ 363312.663824464892969, 5726077.885368351824582 ], [ 363296.386628196109086, 5726103.364702950231731 ], [ 363294.099263934593182, 5726107.310408038087189 ], [ 363286.43125599832274, 5726120.560389116406441 ], [ 363274.505463655223139, 5726141.136816570535302 ], [ 363272.674458612804301, 5726144.302322659641504 ], [ 363271.722733981441706, 5726145.952826674096286 ], [ 363264.206654712092131, 5726158.931654107756913 ], [ 363271.212497261702083, 5726163.905446004122496 ], [ 363281.704551129660103, 5726171.388860072009265 ], [ 363289.176651792717166, 5726176.717282855883241 ], [ 363323.276948813349009, 5726204.605152536183596 ], [ 363403.747454443946481, 5726279.924649049527943 ], [ 363439.293621130869724, 5726307.596075523644686 ], [ 363444.699461918789893, 5726311.500544743612409 ], [ 363450.371639739256352, 5726315.019454318098724 ], [ 363456.255743214394897, 5726318.187661620788276 ], [ 363462.276618211588357, 5726321.040584796108305 ], [ 363469.125395339040551, 5726323.804355513304472 ], [ 363476.149422912509181, 5726326.140521636232734 ], [ 363483.268437421531416, 5726328.151408817619085 ], [ 363490.456887792330235, 5726329.915606294758618 ], [ 363496.684247165569104, 5726331.193899646401405 ], [ 363502.966615698183887, 5726332.203634762205184 ], [ 363509.278441778966226, 5726333.02340058516711 ], [ 363515.614916237071157, 5726333.731225150637329 ], [ 363585.726043155591469, 5726341.32868614885956 ], [ 363590.895790221053176, 5726341.878949852660298 ], [ 363666.426186795230024, 5726350.054431349039078 ], [ 363678.855530311004259, 5726351.421415181830525 ], [ 363684.624981509463396, 5726352.144760637544096 ], [ 363691.255398783716373, 5726352.978405395522714 ], [ 363700.415194687258918, 5726354.467105561867356 ], [ 363703.570467796002049, 5726354.982845114544034 ], [ 363715.759239056380466, 5726357.691803593188524 ], [ 363730.250068987021223, 5726361.863222251646221 ], [ 363743.51253299677046, 5726366.412810372188687 ], [ 363744.539126934774686, 5726366.763463254086673 ], [ 363758.542836864013225, 5726372.372523630037904 ], [ 363772.21369493578095, 5726378.725067405961454 ], [ 363787.453644821012858, 5726386.815829265862703 ], [ 363802.2792522048112, 5726395.707918561063707 ], [ 363816.572671999747399, 5726405.39338218793273 ], [ 363830.244917010306381, 5726415.908000493422151 ], [ 363844.556091584614478, 5726428.308350118808448 ], [ 363858.162506704742555, 5726441.517848110757768 ], [ 363870.885295311221853, 5726455.574696722440422 ], [ 363882.537179641192779, 5726470.46168253198266 ], [ 363911.813042456400581, 5726511.058296356350183 ], [ 363948.254074407159351, 5726572.872666561044753 ], [ 363975.935419981717132, 5726619.811163116246462 ], [ 363982.488178274594247, 5726630.874108299612999 ], [ 363989.191215834231116, 5726641.866242498159409 ], [ 363996.138928511878476, 5726652.695997204631567 ], [ 364003.453067429945804, 5726663.259939227253199 ], [ 364012.894312948919833, 5726675.992233238182962 ], [ 364022.688138695026282, 5726688.459096278063953 ], [ 364032.941569057293236, 5726700.524108867160976 ], [ 364043.78236976620974, 5726712.050293865613639 ], [ 364055.647875297116116, 5726723.348595568910241 ], [ 364068.071893634274602, 5726734.064343536272645 ], [ 364080.91854669112945, 5726744.290226360782981 ], [ 364094.038728393614292, 5726754.141544004902244 ], [ 364109.033573816064745, 5726764.754785674624145 ], [ 364124.382207188522443, 5726774.891160813160241 ], [ 364140.042849286342971, 5726784.540668984875083 ], [ 364144.476582376810256, 5726787.069852833636105 ], [ 364155.993863868759945, 5726793.670510806143284 ], [ 364166.356129547115415, 5726798.744324862957001 ], [ 364176.987768380669877, 5726803.287884975783527 ], [ 364187.580299391760491, 5726807.92154458258301 ], [ 364197.757597825024277, 5726813.323115340434015 ], [ 364253.715522249869537, 5726847.294671343639493 ], [ 364264.171650125645101, 5726854.580666276626289 ], [ 364273.788039930048399, 5726863.057723042555153 ], [ 364282.537072347826324, 5726872.470630679279566 ], [ 364288.140764357289299, 5726879.664579862728715 ], [ 364297.046436693810392, 5726894.64852945972234 ], [ 364306.557970132562332, 5726914.156512659043074 ], [ 364316.166184530011378, 5726933.91786099690944 ], [ 364332.824354168551508, 5726978.138698406517506 ], [ 364341.923149218666367, 5727000.061523758806288 ], [ 364346.844124207855202, 5727010.43428857717663 ], [ 364352.67349218390882, 5727020.370900981128216 ], [ 364359.190322489361279, 5727029.888429339043796 ], [ 364363.799925647792406, 5727035.88506493717432 ], [ 364378.304582229116932, 5727052.510322151705623 ], [ 364387.047216248232871, 5727061.189101862721145 ], [ 364398.317382307373919, 5727071.502603850327432 ], [ 364409.735112598631531, 5727081.645242006517947 ], [ 364419.261268397211097, 5727090.136101767420769 ], [ 364426.073028528713621, 5727096.218301200307906 ], [ 364443.366266152821481, 5727113.136057143099606 ], [ 364485.950589201122057, 5727150.095445117913187 ], [ 364516.76826829300262, 5727179.12502711545676 ], [ 364534.024336870352272, 5727198.803858543746173 ], [ 364534.716941838385537, 5727199.864702937193215 ], [ 364535.459430241491646, 5727200.9798494707793 ], [ 364537.217951766506303, 5727204.63833711668849 ], [ 364537.445340324076824, 5727205.377822604030371 ], [ 364539.657650676905178, 5727212.54063864890486 ], [ 364541.277031807752792, 5727220.809931619092822 ], [ 364541.358398816548288, 5727221.264003480784595 ], [ 364542.825487701687962, 5727229.014359436929226 ], [ 364544.401091807871126, 5727236.683905995450914 ], [ 364545.70196289679734, 5727244.427595509216189 ], [ 364546.637039637716953, 5727252.203359019942582 ], [ 364547.102629140252247, 5727260.013979351148009 ], [ 364546.965304904035293, 5727269.331958268769085 ], [ 364546.21844929154031, 5727278.621783661656082 ], [ 364545.160217149648815, 5727287.908838300034404 ], [ 364544.07403994910419, 5727297.185515320859849 ], [ 364543.011292811133899, 5727306.561717748641968 ], [ 364541.816907355270814, 5727315.930325705558062 ], [ 364540.511324479943141, 5727325.279662486165762 ], [ 364539.053067555825692, 5727334.610841466113925 ], [ 364537.444716700236313, 5727342.989025559276342 ], [ 364535.593228556273971, 5727351.329223926179111 ], [ 364533.859862647135742, 5727359.68850911129266 ], [ 364532.65341806365177, 5727367.833344034850597 ], [ 364532.619403384742327, 5727368.112461850978434 ], [ 364532.011033980408683, 5727374.827963193878531 ], [ 364531.652423313935287, 5727381.570145163685083 ], [ 364531.674018051009625, 5727388.302121553570032 ], [ 364532.213475429220125, 5727394.997940845787525 ], [ 364533.142421705182642, 5727400.225512212142348 ], [ 364534.518607251695357, 5727405.363181461580098 ], [ 364536.128630452498328, 5727410.450061582960188 ], [ 364537.800268617400434, 5727415.513031888753176 ], [ 364539.563369638635777, 5727421.664110455662012 ], [ 364540.948892604908906, 5727426.634607607498765 ], [ 364541.277480721531902, 5727427.794248078018427 ], [ 364541.293097070592921, 5727427.860598069615662 ], [ 364543.521182395284995, 5727433.810017846524715 ], [ 364546.723157853120938, 5727439.188017672859132 ], [ 364552.342401714005973, 5727446.481959600932896 ], [ 364555.399637203780003, 5727451.107131997123361 ], [ 364557.28795986995101, 5727452.903732320293784 ], [ 364603.24406282248674, 5727496.550543968565762 ], [ 364626.687774543126579, 5727521.560956807807088 ], [ 364663.614463563193567, 5727563.113576191477478 ], [ 364666.221344387158751, 5727566.170684820972383 ], [ 364668.6998658690718, 5727569.342518715187907 ], [ 364671.02207973622717, 5727572.618698985315859 ], [ 364673.17445930140093, 5727576.010716339573264 ], [ 364675.013684799079783, 5727579.333234725520015 ], [ 364676.66174280247651, 5727582.749905413016677 ], [ 364678.194074988598004, 5727586.236448875628412 ], [ 364678.231321319181006, 5727586.33560374006629 ], [ 364679.630226345849223, 5727589.747828188352287 ], [ 364686.530986649740953, 5727606.666803157888353 ], [ 364699.114092858391814, 5727645.634151248261333 ], [ 364702.407161883369554, 5727666.288788677193224 ], [ 364715.147962332936004, 5727714.243510998785496 ], [ 364731.982691226876341, 5727747.199010040611029 ], [ 364746.898439726908691, 5727766.117717871442437 ], [ 364758.48545507970266, 5727775.433035229332745 ], [ 364758.820166400866583, 5727775.791294497437775 ], [ 364760.123257809900679, 5727777.180777289904654 ], [ 364761.446489231893793, 5727778.547464276663959 ], [ 364762.81059743091464, 5727779.890799717977643 ], [ 364764.834531535103451, 5727781.85075834300369 ], [ 364766.878604806261137, 5727783.787921644747257 ], [ 364768.989712920505553, 5727785.645392002537847 ], [ 364771.18769860942848, 5727787.38925321213901 ], [ 364778.379078871337697, 5727792.716114648617804 ], [ 364804.473714822204784, 5727812.448245212435722 ], [ 364880.512186730047688, 5727869.980657541193068 ], [ 364902.831847378518432, 5727889.291327397339046 ], [ 364915.946395427105017, 5727898.844290080480278 ], [ 364949.395287528866902, 5727926.425911182537675 ], [ 364960.812131640559528, 5727936.64759864192456 ], [ 365034.367546092136763, 5727997.943182558752596 ], [ 365084.999238389544189, 5728034.936734899878502 ], [ 365122.464861367247067, 5728058.116562865674496 ], [ 365127.585354209062643, 5728061.039928471669555 ], [ 365132.891942127957009, 5728063.680121129378676 ], [ 365138.29625768342521, 5728066.095144091174006 ], [ 365143.745978736493271, 5728068.397677587345243 ], [ 365156.109968859353103, 5728073.453260010108352 ], [ 365168.591511699487455, 5728078.249783040955663 ], [ 365181.232454679906368, 5728082.541310297325253 ], [ 365194.094788818387315, 5728086.05911145079881 ], [ 365205.437789658084512, 5728088.371181815862656 ], [ 365216.909589352901094, 5728090.067788890562952 ], [ 365227.395012992492411, 5728091.089695765636861 ], [ 365228.449173634464387, 5728091.195076012052596 ], [ 365240.022878234449308, 5728091.787327339872718 ], [ 365249.00570155098103, 5728091.97028808388859 ], [ 365258.013876754790545, 5728091.807615522295237 ], [ 365266.965139906154945, 5728091.067815721966326 ], [ 365273.215830737201031, 5728089.955015835352242 ], [ 365275.770019938237965, 5728089.508458537049592 ], [ 365287.482145079527982, 5728086.736426167190075 ], [ 365340.343233290943317, 5728070.792034165933728 ], [ 365384.148192837019451, 5728054.50002421438694 ], [ 365476.424894488067366, 5728001.572975469753146 ], [ 365522.505699786823243, 5727994.335458373650908 ], [ 365570.355133906006813, 5727998.958319244906306 ], [ 365654.617065223166719, 5728035.885009727440774 ], [ 365783.5137877840898, 5728112.688188273459673 ], [ 365998.423122610722203, 5728188.544729679822922 ], [ 366117.598000935744494, 5728253.818534603342414 ], [ 366167.19011923589278, 5728300.798562017269433 ], [ 366241.882776222017128, 5728410.209547740407288 ], [ 366283.176777355081867, 5728449.509712765924633 ], [ 366354.643653513339814, 5728485.362320099025965 ], [ 366353.453863224596716, 5728468.123120603151619 ], [ 366353.055246749077924, 5728458.819510985165834 ], [ 366352.590688645141199, 5728448.071003193967044 ], [ 366352.259096047258936, 5728427.982548178173602 ], [ 366352.439241469663102, 5728407.891665522009134 ], [ 366352.58741682942491, 5728403.302988287061453 ], [ 366353.104074631002732, 5728387.821328192949295 ], [ 366353.98878868855536, 5728371.873669314198196 ], [ 366355.26173015893437, 5728355.9602394066751 ], [ 366356.936430984409526, 5728340.06955243088305 ], [ 366359.034512996906415, 5728324.234420322813094 ], [ 366363.244010211667046, 5728297.504656378179789 ], [ 366368.106192308070604, 5728270.868892161175609 ], [ 366373.754745359299704, 5728244.412613556720316 ], [ 366380.301150189712644, 5728218.166255378164351 ], [ 366386.238127984688617, 5728197.633600793778896 ], [ 366392.851481287856586, 5728177.305605684407055 ], [ 366400.113864821090829, 5728157.194125105626881 ], [ 366407.928815344988834, 5728137.31284424290061 ], [ 366418.071371259633452, 5728113.386120894923806 ], [ 366428.898745502869133, 5728089.719494571909308 ], [ 366440.469478084240109, 5728066.433828679844737 ], [ 366452.867989965132438, 5728043.582534287124872 ], [ 366464.815185329003725, 5728023.53635333571583 ], [ 366477.487354262848385, 5728003.96065363381058 ], [ 366490.764055774081498, 5727984.747347443364561 ], [ 366504.499553831119556, 5727965.878039335832 ], [ 366547.42690030427184, 5727908.145439138635993 ], [ 366555.000178897636943, 5727897.918811784125865 ], [ 366565.644966637541074, 5727884.305954933166504 ], [ 366595.136723899806384, 5727846.558929356746376 ], [ 366603.794384509441443, 5727835.480243600904942 ], [ 366707.615962377283722, 5727702.639325241558254 ], [ 366726.720914271369111, 5727679.322339721024036 ], [ 366814.84227949794149, 5727573.049339392222464 ], [ 366871.191948111460079, 5727504.661105198785663 ], [ 366872.572817850217689, 5727502.988865902647376 ], [ 366884.530903760460205, 5727484.290019399486482 ], [ 366906.726477310992777, 5727449.575129268690944 ], [ 366948.514924380986486, 5727372.435857533477247 ] ] ] ] } },
{ "type": "Feature", "properties": { "full_id": "r312071", "osm_id": "312071", "osm_type": "relation", "boundary": "administrative", "note:de": null, "name:es": null, "name:de": null, "ref:nuts:2": null, "ref:nuts": null, "population": null, "name:sr": null, "name:ru": null, "name:la": null, "name:ksh": null, "name:ja": null, "name:ar": null, "de:place": null, "ref:nuts:3": null, "license_plate_code": null, "admin_centre:postal_code": null, "wikipedia": null, "wikidata": null, "website": null, "opendata_portal": null, "name:prefix": null, "de:regionalschluessel": null, "de:amtlicher_gemeindeschluessel": null, "admin_title:de": null, "admin_title": null, "TMC:cid_58:tabcd_1:LocationCode": null, "TMC:cid_58:tabcd_1:LCLversion": null, "TMC:cid_58:tabcd_1:Class": null, "type": "boundary", "name": "Chemiezone", "admin_level": "10" }, "geometry": { "type": "MultiPolygon", "coordinates": [ [ [ [ 369700.575506162829697, 5726713.746250580996275 ], [ 369697.737423148937523, 5726723.867818688973784 ], [ 369692.971230022434611, 5726741.572611718438566 ], [ 369652.935482937900815, 5726887.299768641591072 ], [ 369598.897343354066834, 5727142.674363211728632 ], [ 369581.724457621574402, 5727223.927541443146765 ], [ 369581.261575545417145, 5727242.956767094321549 ], [ 369589.269669874105603, 5727273.651498088613153 ], [ 369654.710764315677807, 5727478.079521983861923 ], [ 369666.730503605678678, 5727521.111522090621293 ], [ 369674.249681981338654, 5727557.816826676018536 ], [ 369676.065002695017029, 5727577.755317287519574 ], [ 369673.582222505589016, 5727590.360368592664599 ], [ 369662.30466098029865, 5727674.877307250164449 ], [ 369664.562073638604488, 5727687.293171090073884 ], [ 369666.103875404165592, 5727694.23042694106698 ], [ 369667.363458325969987, 5727700.685352781787515 ], [ 369668.905253376404289, 5727707.62260949332267 ], [ 369669.687273537623696, 5727714.60174507368356 ], [ 369669.892265355272684, 5727719.59279509447515 ], [ 369669.599864477291703, 5727724.607819323427975 ], [ 369669.307464517652988, 5727729.622843612916768 ], [ 369669.008153269765899, 5727734.638046492822468 ], [ 369664.901677678222768, 5727792.830793871544302 ], [ 369662.280400105577428, 5727832.468666865490377 ], [ 369662.316206333925948, 5727839.478204926475883 ], [ 369680.07194482977502, 5727869.765488613396883 ], [ 369736.836196258314885, 5727887.428308948874474 ], [ 369751.038454487919807, 5727892.347351145930588 ], [ 369753.90725074254442, 5727895.233271293342113 ], [ 369747.682584256166592, 5727913.999483645893633 ], [ 369741.849565002659801, 5727930.251860269345343 ], [ 369617.916497804224491, 5728292.555645057931542 ], [ 369615.929108571610413, 5728299.150111304596066 ], [ 369614.196873029402923, 5728305.715729099698365 ], [ 369613.217986896226648, 5728312.261878356337547 ], [ 369612.252036539488472, 5728319.308441654779017 ], [ 369612.14904601231683, 5728322.816339243203402 ], [ 369612.29457868670579, 5728326.306686286814511 ], [ 369612.420554628479294, 5728329.307918510399759 ], [ 369612.807985811901744, 5728332.79201396368444 ], [ 369614.986249052570201, 5728343.218044066801667 ], [ 369617.399806592729874, 5728353.114990694448352 ], [ 369620.808302454766817, 5728362.975098601542413 ], [ 369624.71440219366923, 5728372.822349353693426 ], [ 369627.741473873145878, 5728379.698957799002528 ], [ 369631.515851360338274, 5728386.055508869700134 ], [ 369635.518005520105362, 5728392.395048960112035 ], [ 369640.267175156390294, 5728398.203413964249194 ], [ 369647.569682882283814, 5728405.403542910702527 ], [ 369634.116128830704838, 5728418.970915967598557 ], [ 369634.400543342810124, 5728425.962910602800548 ], [ 369635.346977180626709, 5728448.939478852786124 ], [ 369635.528393628017511, 5728459.439371367916465 ], [ 369633.720968297158834, 5728488.518334553577006 ], [ 369632.694576445210259, 5728506.07103971671313 ], [ 369629.127319777966477, 5728565.262628140859306 ], [ 369619.839706300233956, 5728716.717492661438882 ], [ 369616.635608650976792, 5728723.855293440632522 ], [ 369608.867285736370832, 5728741.693553104996681 ], [ 369588.36854457919253, 5728778.555532678961754 ], [ 369527.635255663539283, 5728919.634622741490602 ], [ 369520.141086581337731, 5728950.452048038132489 ], [ 369506.990225094021298, 5729032.047117537818849 ], [ 369500.7270298023941, 5729062.320866724476218 ], [ 369457.239771225315053, 5729215.195475280284882 ], [ 369502.668678947724402, 5729249.350523428991437 ], [ 369526.649177212268114, 5729272.877360495738685 ], [ 369563.389575240260456, 5729302.383731220848858 ], [ 369578.486622331140097, 5729310.761987816542387 ], [ 369589.120866403914988, 5729319.834322941489518 ], [ 369619.026072277338244, 5729347.626096308231354 ], [ 369707.573080831847619, 5729426.5258574411273 ], [ 369742.643318446120247, 5729458.112974254414439 ], [ 369732.955752057605423, 5729472.016932238824666 ], [ 369728.246284132474102, 5729479.215823976323009 ], [ 369746.638353210524656, 5729494.464280338026583 ], [ 369749.761967027443461, 5729497.343587118200958 ], [ 369752.400996491429396, 5729500.73615899309516 ], [ 369754.306977016851306, 5729504.659539720974863 ], [ 369755.715738237602636, 5729508.60688968654722 ], [ 369756.61407078942284, 5729512.066673482768238 ], [ 369756.779645450529642, 5729516.068384946323931 ], [ 369756.44743030454265, 5729520.071824274025857 ], [ 369755.584635344333947, 5729523.610473209060729 ], [ 369753.773701824364252, 5729528.186233527958393 ], [ 369751.465557709452696, 5729532.785963582806289 ], [ 369748.404544194112532, 5729537.416267031803727 ], [ 369745.56525547982892, 5729541.528969711624086 ], [ 369721.601355248654727, 5729579.047568764537573 ], [ 369713.137426066270564, 5729592.396965717896819 ], [ 369683.293508074886631, 5729639.147928738035262 ], [ 369670.612053367949557, 5729659.182895991019905 ], [ 369668.134676389512606, 5729665.790040177293122 ], [ 369659.906855577835813, 5729678.632689358666539 ], [ 369645.8297316817916, 5729695.220813050866127 ], [ 369639.353525168669876, 5729701.998107003048062 ], [ 369632.187419189955108, 5729704.286502934060991 ], [ 369625.99732340045739, 5729705.548178350552917 ], [ 369612.690521290642209, 5729704.590265777893364 ], [ 369583.087394665926695, 5729702.306746617890894 ], [ 369553.864755828573834, 5729703.507676098495722 ], [ 369527.202072586282156, 5729706.111407904885709 ], [ 369517.569603152689524, 5729709.009040861390531 ], [ 369504.461946549883578, 5729712.541879356838763 ], [ 369485.355950478697196, 5729722.339137424714863 ], [ 369467.068214640137739, 5729734.096034490503371 ], [ 369457.780129081162158, 5729745.486491188406944 ], [ 369451.698643779207487, 5729755.747943318448961 ], [ 369445.46345604583621, 5729786.510748059488833 ], [ 369440.46252891147742, 5729810.731859451159835 ], [ 369371.647414610197302, 5729804.056866533122957 ], [ 369348.340900986106135, 5729803.013740478083491 ], [ 369322.37200961454073, 5729804.08722625952214 ], [ 369230.945981168188155, 5729813.345357115380466 ], [ 369192.522493295022286, 5729815.922048941254616 ], [ 369151.682507424091455, 5729814.099487205967307 ], [ 369122.463868936931249, 5729809.304952887818217 ], [ 369087.120765028172173, 5729795.244320004247129 ], [ 369060.756232262181584, 5729780.817252077162266 ], [ 369041.408399562467821, 5729766.619822165928781 ], [ 369018.399069856968708, 5729736.037268181331456 ], [ 369008.045552368450444, 5729703.445754665881395 ], [ 369002.091991801862605, 5729662.171544631011784 ], [ 368997.554313830682077, 5729624.833190460689366 ], [ 368992.642525662318803, 5729596.518088575452566 ], [ 368978.880006570077967, 5729566.062699235975742 ], [ 368964.992060953052714, 5729544.624132390134037 ], [ 368949.479624904925004, 5729532.252472543157637 ], [ 368932.163294112076983, 5729524.968640246428549 ], [ 368913.689727990247775, 5729519.717952292412519 ], [ 368882.874493606097531, 5729518.482617540284991 ], [ 368829.825614833971485, 5729518.17065950948745 ], [ 368781.03110679727979, 5729517.670668583363295 ], [ 368746.955532313673757, 5729516.565503519959748 ], [ 368718.809677783865482, 5729513.225301707163453 ], [ 368677.88281099346932, 5729503.396677454002202 ], [ 368613.324549329816364, 5729478.538207690231502 ], [ 368613.329763964051381, 5729478.738373104482889 ], [ 368450.504410319263116, 5729411.864699128083885 ], [ 368125.588138640159741, 5729305.677156809717417 ], [ 368064.417451213288587, 5729287.881026856601238 ], [ 368051.98653150559403, 5729284.255817176774144 ], [ 368050.587659596872982, 5729302.942768657580018 ], [ 368045.395626790763345, 5729308.531273488886654 ], [ 368051.4563942560344, 5729322.404988970607519 ], [ 368053.624870258267038, 5729375.161260441876948 ], [ 368052.765949642867781, 5729403.648895628750324 ], [ 368054.395624242955819, 5729443.21045265160501 ], [ 368056.936283444112632, 5729503.056596352718771 ], [ 368085.753153154975735, 5729612.647011642344296 ], [ 368101.739635380974505, 5729680.075673025101423 ], [ 368110.919980269565713, 5729730.500897102989256 ], [ 368114.513733366504312, 5729761.898865877650678 ], [ 368120.228616808191873, 5729788.745693148113787 ], [ 368135.226970366784371, 5729859.138046109117568 ], [ 368154.922723233641591, 5729940.75807049870491 ], [ 368158.120315384876449, 5729959.925732381641865 ], [ 368185.64933418657165, 5730081.768709553405643 ], [ 368201.880215500015765, 5730085.372735554352403 ], [ 368198.091841264104005, 5730094.908216653391719 ], [ 368183.203513259068131, 5730087.385469581931829 ], [ 368191.400482557888608, 5730119.019239363260567 ], [ 368181.307790357503109, 5730144.721460766158998 ], [ 368127.315466323168948, 5730122.909324458800256 ], [ 368058.598425526928622, 5730092.191218005493283 ], [ 368032.93129697884433, 5730080.17708701826632 ], [ 368036.000359970261343, 5730066.943571551702917 ], [ 367953.110389520064928, 5730033.125873359851539 ], [ 367937.726715803146362, 5730032.582878440618515 ], [ 367923.1244408643106, 5730030.46155368629843 ], [ 367915.111561442550737, 5730020.17781007476151 ], [ 367912.544649053539615, 5730022.481762677431107 ], [ 367870.597586025774945, 5730005.831701244227588 ], [ 367869.711229560431093, 5730008.681420415639877 ], [ 367848.19103358197026, 5729987.679443537257612 ], [ 367838.913745708880015, 5729984.294882238842547 ], [ 367771.900505679892376, 5729959.901055015623569 ], [ 367767.065322026261128, 5729960.33943007234484 ], [ 367765.605910501559265, 5729960.845074413344264 ], [ 367764.275037120329216, 5729961.770209993235767 ], [ 367762.92976258834824, 5729962.673467732034624 ], [ 367761.468602367909625, 5729963.112391554750502 ], [ 367759.595537288463674, 5729962.872185879386961 ], [ 367757.800042968825437, 5729962.162573210895061 ], [ 367756.05369733623229, 5729961.217985520139337 ], [ 367754.35484051151434, 5729960.238769154064357 ], [ 367752.155312466027681, 5729959.150276793166995 ], [ 367749.940506794024259, 5729958.006546346470714 ], [ 367747.975215915066656, 5729956.622586051933467 ], [ 367746.537467430578545, 5729954.790800760500133 ], [ 367746.169971528055612, 5729952.641619260422885 ], [ 367747.04298583389027, 5729947.96724424790591 ], [ 367746.68901663494762, 5729945.806580015458167 ], [ 367745.32407796184998, 5729943.060394428670406 ], [ 367717.082217345596291, 5729932.584225974977016 ], [ 367678.10865951073356, 5729918.116676711477339 ], [ 367660.776813543227036, 5729909.74704603664577 ], [ 367649.049493610393256, 5729902.855051253922284 ], [ 367636.270280614553485, 5729894.610827821306884 ], [ 367625.498409439751413, 5729891.722122989594936 ], [ 367615.200152872712351, 5729888.175585775636137 ], [ 367579.436439702229109, 5729874.325566750019789 ], [ 367579.101762317412067, 5729872.375835771672428 ], [ 367578.138992034830153, 5729866.781502302736044 ], [ 367532.016645625641104, 5729847.628731194883585 ], [ 367503.868733265728224, 5729836.294394749216735 ], [ 367496.030130931350868, 5729833.740622899495065 ], [ 367489.733528466196731, 5729829.087670460343361 ], [ 367476.681157702463679, 5729823.621873058378696 ], [ 367444.594351418083534, 5729810.277058192528784 ], [ 367399.167076962185092, 5729791.830506186001003 ], [ 367386.767668969288934, 5729792.534914256073534 ], [ 367384.474870593170635, 5729791.849635544233024 ], [ 367384.084502685000189, 5729793.306537359952927 ], [ 367314.151405875105411, 5729748.531032798811793 ], [ 367170.747442628722638, 5729689.143781432881951 ], [ 367022.951576382736675, 5729628.273837218992412 ], [ 367018.470868858741596, 5729626.433459172956645 ], [ 366937.311838724883273, 5729593.009085610508919 ], [ 366855.215216044220142, 5729559.210117005743086 ], [ 366850.957765231491067, 5729566.87844080477953 ], [ 366846.942962351546157, 5729565.404261990450323 ], [ 366838.437906410545111, 5729562.257035192102194 ], [ 366813.154512626584619, 5729552.953981406986713 ], [ 366744.306282481644303, 5729527.586908407509327 ], [ 366726.150665199267678, 5729518.774757156148553 ], [ 366704.674750323756598, 5729508.347835590131581 ], [ 366610.771916223224252, 5729469.85715570487082 ], [ 366598.893167025176808, 5729464.918911714106798 ], [ 366590.118281711940654, 5729461.256209267303348 ], [ 366584.650897532119416, 5729458.98605420999229 ], [ 366575.897308956831694, 5729455.345068328082561 ], [ 366540.371630138368346, 5729440.538857149891555 ], [ 366522.206825910136104, 5729432.97399568837136 ], [ 366520.18630563293118, 5729432.13722722325474 ], [ 366511.523333036107942, 5729428.527334984391928 ], [ 366389.681969028548338, 5729377.793746036477387 ], [ 366323.285417587147094, 5729355.883746204897761 ], [ 366183.356885812827386, 5729297.310603508725762 ], [ 366145.940433615993243, 5729279.096407985314727 ], [ 365901.164242876577191, 5729179.581084797158837 ], [ 365869.125230187375564, 5729166.545129323378205 ], [ 365864.662104348826688, 5729165.139269161038101 ], [ 365848.594888733176049, 5729160.080428993329406 ], [ 365828.231819114414975, 5729153.667000848799944 ], [ 365739.999061049195006, 5729118.290548460558057 ], [ 365728.291266236105002, 5729110.489807785488665 ], [ 365620.927099733613431, 5729067.51229074690491 ], [ 365594.679893770255148, 5729057.005597460083663 ], [ 365422.103233198286034, 5728993.914623851887882 ], [ 365398.885009730933234, 5728981.625497248023748 ], [ 365364.655893701128662, 5728966.180630319751799 ], [ 365364.743333618505858, 5728958.8337218221277 ], [ 365373.671036949090194, 5728943.795010227710009 ], [ 365387.397251682647038, 5728932.089111773297191 ], [ 365395.728224258404225, 5728925.523755474947393 ], [ 365402.522312361106742, 5728923.561959775164723 ], [ 365413.9034176520654, 5728906.899924533441663 ], [ 365422.870640183566138, 5728908.886306177824736 ], [ 365434.38776514690835, 5728907.688801344484091 ], [ 365434.993241612974089, 5728914.572093289345503 ], [ 365447.914582192432135, 5728922.462229438126087 ], [ 365477.757183473615441, 5728931.347761862911284 ], [ 365487.831844716449268, 5728928.185782084241509 ], [ 365489.475324833882041, 5728919.795858520083129 ], [ 365489.179697252693586, 5728906.116141160018742 ], [ 365496.318661066645291, 5728880.776206034235656 ], [ 365502.112726549152285, 5728867.501650766469538 ], [ 365512.42794007062912, 5728857.534026902168989 ], [ 365521.286791830207221, 5728855.194633278995752 ], [ 365532.262339027132839, 5728823.298171027563512 ], [ 365532.72215432417579, 5728812.269070570357144 ], [ 365524.87722140760161, 5728805.690039214678109 ], [ 365510.644791767583229, 5728803.621280333027244 ], [ 365485.450631890445948, 5728797.39360130392015 ], [ 365453.625754671054892, 5728786.557799213565886 ], [ 365460.650408962392248, 5728777.156350268051028 ], [ 365461.138209982251283, 5728774.183257658965886 ], [ 365461.285599066293798, 5728771.152475251816213 ], [ 365461.225068749627098, 5728768.104981886222959 ], [ 365461.060875153401867, 5728765.060253271833062 ], [ 365460.694133604119997, 5728760.385091548785567 ], [ 365460.127568687545136, 5728755.737515497021377 ], [ 365459.326625312562101, 5728751.118446765467525 ], [ 365458.271163265046198, 5728746.550678850151598 ], [ 365456.827087334240787, 5728741.414613037370145 ], [ 365455.135994929936714, 5728736.351904579438269 ], [ 365453.143487657187507, 5728731.397388976067305 ], [ 365450.788849236560054, 5728726.608326627872884 ], [ 365441.914057128713466, 5728710.208487183786929 ], [ 365417.779352935147472, 5728669.055038729682565 ], [ 365390.701587669318542, 5728622.850150861777365 ], [ 365387.690933866600972, 5728617.065958390943706 ], [ 365386.635586579621304, 5728614.579160593450069 ], [ 365385.929440407722723, 5728611.960635434836149 ], [ 365385.483838430256583, 5728609.257261051796377 ], [ 365385.231450366612989, 5728606.537602839060128 ], [ 365385.250030758383218, 5728604.901271281763911 ], [ 365385.434477898466866, 5728603.260513748042285 ], [ 365385.681421958375722, 5728601.629216705448925 ], [ 365385.907336133415811, 5728599.987352710217237 ], [ 365386.064225644455291, 5728598.091383487917483 ], [ 365386.207293078885414, 5728596.195783107541502 ], [ 365386.39212414692156, 5728594.310196465812624 ], [ 365386.67371118394658, 5728592.422028047032654 ], [ 365387.135457435972057, 5728590.028286349959671 ], [ 365387.972877628984861, 5728585.643712676130235 ], [ 365391.248543073190376, 5728568.441239244304597 ], [ 365391.599542374256998, 5728566.562347368337214 ], [ 365399.965587157290429, 5728528.625889229588211 ], [ 365408.131451765366364, 5728500.031294528394938 ], [ 365416.552677361527458, 5728477.116380119696259 ], [ 365419.319470614136662, 5728474.794690001755953 ], [ 365437.409484113915823, 5728474.69050729367882 ], [ 365454.884507018723525, 5728475.125812469981611 ], [ 365453.725975564157125, 5728460.21163746342063 ], [ 365474.758451634435914, 5728459.18338122498244 ], [ 365492.503244677791372, 5728459.099731688387692 ], [ 365495.40638270531781, 5728458.77751187607646 ], [ 365498.255305025551934, 5728457.978229966945946 ], [ 365501.064038849319331, 5728456.968586832284927 ], [ 365503.887782189645804, 5728456.003057646565139 ], [ 365524.353351877187379, 5728449.793291191570461 ], [ 365524.170008605171461, 5728369.742502085864544 ], [ 365536.460995734843891, 5728369.247985873371363 ], [ 365536.900706864078529, 5728365.764294734224677 ], [ 365537.010981529718265, 5728364.971259525977075 ], [ 365537.135079111612868, 5728364.177855914458632 ], [ 365537.321676053514238, 5728363.393914704211056 ], [ 365537.620337945525534, 5728362.662627356126904 ], [ 365538.307712206791621, 5728361.464727500453591 ], [ 365539.15612455829978, 5728360.340432667173445 ], [ 365540.117787695140578, 5728359.313272756524384 ], [ 365541.171967290807515, 5728358.383800425566733 ], [ 365562.413827648153529, 5728341.058791319839656 ], [ 365586.796426059794612, 5728325.831312440335751 ], [ 365594.245224748621695, 5728323.22919803019613 ], [ 365596.683794001000933, 5728322.34075469430536 ], [ 365599.100444655516185, 5728321.408384030684829 ], [ 365601.53269652207382, 5728320.542367618530989 ], [ 365604.010565273696557, 5728319.830930773168802 ], [ 365605.971158817759715, 5728319.43373313266784 ], [ 365607.96927226067055, 5728319.146817909553647 ], [ 365609.968570734839886, 5728318.904384351335466 ], [ 365611.968757982132956, 5728318.695312241092324 ], [ 365630.530972645035945, 5728316.565080417320132 ], [ 365634.971324371930677, 5728314.488276390358806 ], [ 365631.913911162992008, 5728305.644962073303759 ], [ 365641.999607643345371, 5728302.327263857237995 ], [ 365673.091248459357303, 5728287.86744951736182 ], [ 365679.833218108746223, 5728283.392507591284811 ], [ 365681.9971802032087, 5728279.462318453937769 ], [ 365684.560129193472676, 5728269.734896931797266 ], [ 365676.431274377275258, 5728253.292542647570372 ], [ 365663.425050561199896, 5728236.546064784750342 ], [ 365660.779520799056627, 5728233.300330512225628 ], [ 365657.896522539143916, 5728230.227842023596168 ], [ 365654.75887396390317, 5728227.46259443834424 ], [ 365651.301308345980942, 5728225.150991476140916 ], [ 365629.547628062195145, 5728212.899592312052846 ], [ 365618.903828362061176, 5728203.579517489299178 ], [ 365591.853940572356805, 5728184.135914237238467 ], [ 365574.371471248450689, 5728173.072947870008647 ], [ 365558.143017166759819, 5728163.389894218184054 ], [ 365549.717498631333001, 5728159.196547470055521 ], [ 365547.035640068119392, 5728157.966024321503937 ], [ 365544.288515352527611, 5728156.881907230243087 ], [ 365541.490244458080269, 5728155.954948136582971 ], [ 365538.63332318351604, 5728155.163090898655355 ], [ 365535.657324350380804, 5728154.574714694172144 ], [ 365532.62475014582742, 5728154.199282118119299 ], [ 365529.586745541950222, 5728153.879636630415916 ], [ 365526.553873937926255, 5728153.493087474256754 ], [ 365524.915000828099437, 5728153.247436262667179 ], [ 365523.269512194907293, 5728153.013090008869767 ], [ 365521.636364899924956, 5728152.722774788737297 ], [ 365520.021581444772892, 5728152.342945726588368 ], [ 365517.766863834403921, 5728151.568433661013842 ], [ 365515.569905045209453, 5728150.625461356714368 ], [ 365513.365737270389218, 5728149.671554012224078 ], [ 365511.129677669377998, 5728148.81865070015192 ], [ 365494.50911133387126, 5728143.374928696081042 ], [ 365492.839264320675284, 5728144.821586891077459 ], [ 365470.28821364371106, 5728136.676119456067681 ], [ 365455.395933598570991, 5728129.127739566378295 ], [ 365454.407438284833916, 5728128.631077319383621 ], [ 365419.889475932810456, 5728111.635382633656263 ], [ 365417.404413232696243, 5728109.487170858308673 ], [ 365414.643262947909534, 5728107.101505865342915 ], [ 365411.611160553933587, 5728101.818629929795861 ], [ 365402.211053063394502, 5728084.954328638501465 ], [ 365392.60750683140941, 5728068.763157336041331 ], [ 365384.814345720689744, 5728055.617320254445076 ], [ 365384.148192837019451, 5728054.50002421438694 ], [ 365476.424894488067366, 5728001.572975469753146 ], [ 365522.505699786823243, 5727994.335458373650908 ], [ 365570.355133906006813, 5727998.958319244906306 ], [ 365654.617065223166719, 5728035.885009727440774 ], [ 365783.5137877840898, 5728112.688188273459673 ], [ 365998.423122610722203, 5728188.544729679822922 ], [ 366117.598000935744494, 5728253.818534603342414 ], [ 366167.19011923589278, 5728300.798562017269433 ], [ 366241.882776222017128, 5728410.209547740407288 ], [ 366283.176777355081867, 5728449.509712765924633 ], [ 366354.643653513339814, 5728485.362320099025965 ], [ 366353.453863224596716, 5728468.123120603151619 ], [ 366353.055246749077924, 5728458.819510985165834 ], [ 366352.590688645141199, 5728448.071003193967044 ], [ 366352.259096047258936, 5728427.982548178173602 ], [ 366352.439241469663102, 5728407.891665522009134 ], [ 366352.58741682942491, 5728403.302988287061453 ], [ 366353.104074631002732, 5728387.821328192949295 ], [ 366353.98878868855536, 5728371.873669314198196 ], [ 366355.26173015893437, 5728355.9602394066751 ], [ 366356.936430984409526, 5728340.06955243088305 ], [ 366359.034512996906415, 5728324.234420322813094 ], [ 366363.244010211667046, 5728297.504656378179789 ], [ 366368.106192308070604, 5728270.868892161175609 ], [ 366373.754745359299704, 5728244.412613556720316 ], [ 366380.301150189712644, 5728218.166255378164351 ], [ 366386.238127984688617, 5728197.633600793778896 ], [ 366392.851481287856586, 5728177.305605684407055 ], [ 366400.113864821090829, 5728157.194125105626881 ], [ 366407.928815344988834, 5728137.31284424290061 ], [ 366418.071371259633452, 5728113.386120894923806 ], [ 366428.898745502869133, 5728089.719494571909308 ], [ 366440.469478084240109, 5728066.433828679844737 ], [ 366452.867989965132438, 5728043.582534287124872 ], [ 366464.815185329003725, 5728023.53635333571583 ], [ 366477.487354262848385, 5728003.96065363381058 ], [ 366490.764055774081498, 5727984.747347443364561 ], [ 366504.499553831119556, 5727965.878039335832 ], [ 366547.42690030427184, 5727908.145439138635993 ], [ 366555.000178897636943, 5727897.918811784125865 ], [ 366565.644966637541074, 5727884.305954933166504 ], [ 366595.136723899806384, 5727846.558929356746376 ], [ 366603.794384509441443, 5727835.480243600904942 ], [ 366707.615962377283722, 5727702.639325241558254 ], [ 366726.720914271369111, 5727679.322339721024036 ], [ 366814.84227949794149, 5727573.049339392222464 ], [ 366871.191948111460079, 5727504.661105198785663 ], [ 366872.572817850217689, 5727502.988865902647376 ], [ 366884.530903760460205, 5727484.290019399486482 ], [ 366906.726477310992777, 5727449.575129268690944 ], [ 366948.514924380986486, 5727372.435857533477247 ], [ 366988.9103325161268, 5727384.913771073333919 ], [ 367007.87044501764467, 5727382.255273324437439 ], [ 367026.15747244504746, 5727350.637387634254992 ], [ 367051.96856889326591, 5727302.641327668912709 ], [ 367058.175430817063898, 5727290.626558920368552 ], [ 367062.013192083279137, 5727283.21440551429987 ], [ 367063.674923772749025, 5727279.331492282450199 ], [ 367064.854103344550822, 5727275.24985902570188 ], [ 367065.684418135671876, 5727271.055007684975863 ], [ 367066.293228672468103, 5727266.854862929321826 ], [ 367066.760443648439832, 5727262.268969641067088 ], [ 367067.314541676314548, 5727256.779424170963466 ], [ 367067.72547177656088, 5727246.64216720405966 ], [ 367067.452023206104059, 5727236.522936341352761 ], [ 367066.384756066137925, 5727226.469125867821276 ], [ 367064.221311741159298, 5727216.032454156316817 ], [ 367061.156651956320275, 5727205.78644035384059 ], [ 367057.590553938644007, 5727195.676043673418462 ], [ 367053.963104564405512, 5727185.600649000145495 ], [ 367052.110005846596323, 5727181.431969662196934 ], [ 367049.947575582540594, 5727177.338206996209919 ], [ 367048.14344803802669, 5727173.190494804643095 ], [ 367047.351140563841909, 5727168.849210021086037 ], [ 367047.87863788055256, 5727164.450902582146227 ], [ 367049.329673289437778, 5727160.184058660641313 ], [ 367051.32373788068071, 5727156.047574372962117 ], [ 367053.459289303864352, 5727152.029771553352475 ], [ 367174.902625356335193, 5726920.709628333337605 ], [ 367185.92191378667485, 5726894.892193472012877 ], [ 367188.154087207629345, 5726888.490539189428091 ], [ 367189.534635777701624, 5726881.799711908213794 ], [ 367190.109133384248707, 5726874.974302699789405 ], [ 367189.930359873047564, 5726868.179841376841068 ], [ 367188.445595807919744, 5726863.022164913825691 ], [ 367185.871720538125373, 5726858.015553000383079 ], [ 367183.699992105248384, 5726853.042872342281044 ], [ 367183.225383539800532, 5726850.518192554824054 ], [ 367183.407262238906696, 5726847.965110834687948 ], [ 367184.218084248132072, 5726845.651422366499901 ], [ 367185.477807139512151, 5726843.570736886002123 ], [ 367188.985809757024981, 5726839.906369103118777 ], [ 367193.133478269795887, 5726836.625779313035309 ], [ 367197.14288224442862, 5726833.348830903880298 ], [ 367205.084379250532947, 5726826.485396288335323 ], [ 367213.346659753704444, 5726819.980758001096547 ], [ 367221.709846066543832, 5726813.62927084416151 ], [ 367230.000700568198226, 5726807.15729387383908 ], [ 367238.496935138013214, 5726800.602034214884043 ], [ 367247.077909054874908, 5726794.111328768543899 ], [ 367255.431237446144223, 5726787.381811230443418 ], [ 367263.278811352676712, 5726780.098084023222327 ], [ 367267.76423590676859, 5726775.451071898452938 ], [ 367272.092014442314394, 5726770.596778887324035 ], [ 367275.913251417223364, 5726765.421971233561635 ], [ 367278.899206152069382, 5726759.790628412738442 ], [ 367280.697283063898794, 5726753.712019551545382 ], [ 367281.492202865134459, 5726747.370461083948612 ], [ 367281.869091818341985, 5726740.917486789636314 ], [ 367282.385424397536553, 5726734.505358030088246 ], [ 367284.12870429479517, 5726720.026613743044436 ], [ 367299.580906544171739, 5726572.509333631023765 ], [ 367302.075253523769788, 5726548.696797382086515 ], [ 367304.060120851441752, 5726529.71604266948998 ], [ 367305.344366778037511, 5726517.508348937146366 ], [ 367307.833041079458781, 5726493.740480901673436 ], [ 367308.279661196866073, 5726489.411111859604716 ], [ 367311.492848125402816, 5726455.564573340117931 ], [ 367322.423925180337392, 5726457.647516651079059 ], [ 367349.35207050666213, 5726462.659609156660736 ], [ 367376.267497252323665, 5726467.716688623651862 ], [ 367403.159297633101232, 5726472.93032034765929 ], [ 367419.922269861912355, 5726476.573990361765027 ], [ 367436.623084277263843, 5726480.486416767351329 ], [ 367453.364385149150621, 5726484.097381016239524 ], [ 367470.263527598639484, 5726486.869663703255355 ], [ 367551.090471247443929, 5726497.244988899677992 ], [ 367817.082137203542516, 5726526.138291174545884 ], [ 367870.174769559933338, 5726531.914705728180707 ], [ 367947.921635955688544, 5726538.348647953942418 ], [ 367984.510310017969459, 5726541.375437145121396 ], [ 368049.388048669788986, 5726546.745383537374437 ], [ 368056.522475571196992, 5726547.326724978163838 ], [ 368494.276839684695005, 5726583.542122161015868 ], [ 368494.288967965112533, 5726583.742106651887298 ], [ 368687.831520160078071, 5726594.29388542752713 ], [ 368701.381531699676998, 5726595.232254471629858 ], [ 368724.810998571920209, 5726514.224694048985839 ], [ 368729.613893424044363, 5726485.011784213595092 ], [ 368755.085652752313763, 5726489.969021117314696 ], [ 368795.687028554035351, 5726497.804700844921172 ], [ 368834.761695408029482, 5726505.201875391416252 ], [ 368841.082305440213531, 5726506.951628251001239 ], [ 368847.16063526191283, 5726508.696555595844984 ], [ 368853.252249823068269, 5726510.953022269532084 ], [ 368859.114872034522705, 5726513.716194367967546 ], [ 368863.988800984574482, 5726516.505056333728135 ], [ 368868.876012123073451, 5726519.805455023422837 ], [ 368873.285618327034172, 5726523.63014136813581 ], [ 368877.197418716968969, 5726527.467761593870819 ], [ 368880.107279458781704, 5726531.35366450343281 ], [ 368882.775150527188089, 5726535.24585425760597 ], [ 368884.951303045381792, 5726539.651566184125841 ], [ 368887.141568527673371, 5726544.068040135316551 ], [ 368906.090203589294106, 5726585.316169507801533 ], [ 368907.480386782204732, 5726588.763057724572718 ], [ 368909.355077098822221, 5726591.685487024486065 ], [ 368911.471747801057063, 5726594.601633099839091 ], [ 368913.602243700821418, 5726597.517420960590243 ], [ 368917.487425740109757, 5726600.86613879725337 ], [ 368921.352406182792038, 5726603.70350687392056 ], [ 368925.722087343165185, 5726606.527772825211287 ], [ 368930.091763570264447, 5726609.352042490616441 ], [ 368933.916917377267964, 5726611.188955133780837 ], [ 368937.998166127596051, 5726613.030349249951541 ], [ 368942.301198897766881, 5726614.354111448861659 ], [ 368946.591237785993144, 5726615.177465305663645 ], [ 369138.11652674654033, 5726631.306999742053449 ], [ 369142.635520881856792, 5726631.623834220692515 ], [ 369158.673374043544754, 5726632.465546634048223 ], [ 369234.931499308615457, 5726643.831686043180525 ], [ 369671.729032882140018, 5726681.419437849894166 ], [ 369684.283239884825889, 5726682.39726235717535 ], [ 369695.828622573695611, 5726683.423414709046483 ], [ 369709.149320891243406, 5726684.882260731421411 ], [ 369700.575506162829697, 5726713.746250580996275 ] ] ] ] } },
{ "type": "Feature", "properties": { "full_id": "r312073", "osm_id": "312073", "osm_type": "relation", "boundary": "administrative", "note:de": null, "name:es": null, "name:de": null, "ref:nuts:2": null, "ref:nuts": null, "population": null, "name:sr": null, "name:ru": null, "name:la": null, "name:ksh": null, "name:ja": null, "name:ar": null, "de:place": null, "ref:nuts:3": null, "license_plate_code": null, "admin_centre:postal_code": null, "wikipedia": null, "wikidata": "Q432959", "website": null, "opendata_portal": null, "name:prefix": null, "de:regionalschluessel": null, "de:amtlicher_gemeindeschluessel": null, "admin_title:de": null, "admin_title": null, "TMC:cid_58:tabcd_1:LocationCode": null, "TMC:cid_58:tabcd_1:LCLversion": null, "TMC:cid_58:tabcd_1:Class": null, "type": "boundary", "name": "Alt-Marl", "admin_level": "10" }, "geometry": { "type": "MultiPolygon", "coordinates": [ [ [ [ 370971.531534836976789, 5722063.362623501569033 ], [ 370966.85243719664868, 5722065.062154063954949 ], [ 370962.395563700119965, 5722066.244152390398085 ], [ 370955.480832906323485, 5722068.523750635795295 ], [ 370905.094915407942608, 5722084.108998882584274 ], [ 370711.48212084575789, 5722145.083910859189928 ], [ 370704.581722915288992, 5722147.374622236005962 ], [ 370509.472762051562313, 5722208.429118514060974 ], [ 370480.408880395058077, 5722347.233028141781688 ], [ 370479.150582530128304, 5722353.251884128898382 ], [ 370476.86444868077524, 5722358.340108935721219 ], [ 370435.098185466194991, 5722426.409405066631734 ], [ 370388.689977465255652, 5722507.550593268126249 ], [ 370385.912303164892364, 5722513.174466153606772 ], [ 370331.630126985139214, 5722604.443956115283072 ], [ 370261.313644452195149, 5722719.404544254764915 ], [ 370239.048025925061665, 5722755.840276793576777 ], [ 370227.800683983077761, 5722774.311496708542109 ], [ 370177.165757893468253, 5722856.943294261582196 ], [ 370175.331877185788471, 5722861.018583174794912 ], [ 370171.664125211944338, 5722869.169163211248815 ], [ 370141.114605174050666, 5722874.427297352813184 ], [ 370126.455358002102003, 5722877.029490147717297 ], [ 370083.488535834243521, 5722884.2984719555825 ], [ 370081.988005126127973, 5722884.370426885783672 ], [ 370080.238110348931514, 5722884.437664869241416 ], [ 370078.744212665886153, 5722884.498322670347989 ], [ 370077.263178944762331, 5722885.059391516260803 ], [ 370075.801928470085841, 5722886.120693541131914 ], [ 370074.603594382409938, 5722887.175237130373716 ], [ 370073.410920429043472, 5722888.719249247573316 ], [ 370072.47424400964519, 5722890.256680545397103 ], [ 370071.766862717631739, 5722891.287476018071175 ], [ 370071.079265142034274, 5722892.818504327908158 ], [ 370070.371884519292507, 5722893.849300009198487 ], [ 370069.684287758136634, 5722895.380328525789082 ], [ 370066.638341169687919, 5722900.510559575632215 ], [ 370063.370026857592165, 5722906.147251134738326 ], [ 370060.331012531416491, 5722911.277308388613164 ], [ 370057.540795406559482, 5722916.389843367040157 ], [ 370052.680903343600221, 5722926.095650726929307 ], [ 370047.827949753729627, 5722935.801285289227962 ], [ 370043.492666700854897, 5722945.983227957040071 ], [ 370039.911545260809362, 5722956.145782107487321 ], [ 370037.259598908363841, 5722964.748838054947555 ], [ 370034.883442338032182, 5722973.845545254647732 ], [ 370033.261434328858741, 5722982.922860109247267 ], [ 370032.130374494474381, 5722991.97642274107784 ], [ 370031.686888557160273, 5722999.498951384797692 ], [ 370031.741263181203976, 5723006.99754922837019 ], [ 370032.327407043776475, 5723014.983213357627392 ], [ 370033.384700660652015, 5723022.444892010651529 ], [ 370034.979422881966457, 5723030.883105725981295 ], [ 370037.347772454260848, 5723039.791039223782718 ], [ 370039.938479328353424, 5723048.19251399487257 ], [ 370042.811586199561134, 5723057.076341924257576 ], [ 370049.120931723271497, 5723076.821360190398991 ], [ 370049.416491235489957, 5723077.815243354067206 ], [ 370049.456063391349744, 5723078.815708955749869 ], [ 370049.239648342947476, 5723079.822756990790367 ], [ 370049.037070537218824, 5723080.829449229873717 ], [ 370048.552086927869823, 5723081.353789288550615 ], [ 370048.080654613324441, 5723081.86665334738791 ], [ 370047.353521271841601, 5723082.397220218554139 ], [ 370046.599683143489528, 5723082.427732307463884 ], [ 370042.629171072272584, 5723083.097340676002204 ], [ 369968.158815697301179, 5723097.164252481423318 ], [ 369909.074415990442503, 5723108.098799718543887 ], [ 369871.076263346942142, 5723114.663146257400513 ], [ 369721.983380581368692, 5723132.792275916785002 ], [ 369721.229549910291098, 5723132.822836680337787 ], [ 369707.206421340350062, 5723132.405428445897996 ], [ 369705.705678389116656, 5723132.466376119293272 ], [ 369691.041373810032383, 5723134.569259168580174 ], [ 369656.22058374050539, 5723139.495443245396018 ], [ 369648.292349336959887, 5723141.324569686315954 ], [ 369625.12869969982421, 5723143.780414818786085 ], [ 369622.881049549556337, 5723143.871783909387887 ], [ 369620.909212424943689, 5723144.456781645305455 ], [ 369618.65464407944819, 5723144.548331112600863 ], [ 369616.406994267250411, 5723144.639703090302646 ], [ 369614.933002686710097, 5723145.200731123797596 ], [ 369613.432263502036221, 5723145.261706272140145 ], [ 369611.682458586408757, 5723145.32910801563412 ], [ 369610.18171943858033, 5723145.390084128826857 ], [ 369606.689315126975998, 5723145.535832191817462 ], [ 369602.940926685114391, 5723145.68818776588887 ], [ 369599.448522578459233, 5723145.833940839394927 ], [ 369595.936287414573599, 5723145.479464542120695 ], [ 369594.415716998453718, 5723145.04021355509758 ], [ 369593.164043532335199, 5723145.094767722301185 ], [ 369591.643472727388144, 5723144.655517564155161 ], [ 369590.378885957412422, 5723144.209662114270031 ], [ 369588.85831461485941, 5723143.770412785932422 ], [ 369587.357574994210154, 5723143.831395673565567 ], [ 369585.837003240012564, 5723143.392147245816886 ], [ 369584.316431205312256, 5723142.952899273484945 ], [ 369561.496396019880194, 5723135.385296871885657 ], [ 369543.938353007193655, 5723128.104807520285249 ], [ 369530.397282138466835, 5723121.154647576622665 ], [ 369524.046325886447448, 5723118.915043506771326 ], [ 369523.030506213719491, 5723118.451654049567878 ], [ 369522.263753516948782, 5723117.981834246776998 ], [ 369521.234383528179023, 5723117.529922624118626 ], [ 369520.238401877693832, 5723117.566765312105417 ], [ 369519.49148742237594, 5723117.597177512943745 ], [ 369518.469035620044451, 5723117.145087820477784 ], [ 369517.473053891037125, 5723117.181931053288281 ], [ 369516.726139378210064, 5723117.212343662977219 ], [ 369475.510650638781954, 5723124.908754731528461 ], [ 369454.412020673393272, 5723128.780896335840225 ], [ 369451.935142421105411, 5723129.379006722010672 ], [ 369449.458551976946183, 5723129.988238557241857 ], [ 369447.008439185097814, 5723131.086404086090624 ], [ 369444.793556923046708, 5723132.178493910469115 ], [ 369443.070512037549634, 5723132.746006674133241 ], [ 369441.85852833557874, 5723133.801061123609543 ], [ 369440.404397251608316, 5723134.862371720373631 ], [ 369439.199045833083801, 5723135.90612786449492 ], [ 369438.491827514546458, 5723136.937014913186431 ], [ 369437.80445628578309, 5723138.468133474700153 ], [ 369437.090320131741464, 5723139.499199474230409 ], [ 369436.887866238190327, 5723140.505918308161199 ], [ 369432.039665227523074, 5723174.726292856968939 ], [ 369420.698564742342569, 5723178.702575803734362 ], [ 369409.330425678228494, 5723182.16771169193089 ], [ 369400.190082312677987, 5723185.041172591969371 ], [ 369378.941950595239177, 5723191.421228026971221 ], [ 369348.573435897589661, 5723201.17516019474715 ], [ 369344.615737699612509, 5723202.334609787911177 ], [ 369340.665247136843391, 5723203.505003861151636 ], [ 369336.68769536272157, 5723204.164228494279087 ], [ 369332.468287411145866, 5723204.840837568975985 ], [ 369326.243114646000322, 5723205.591570210643113 ], [ 369320.00529074750375, 5723205.853020690381527 ], [ 369313.760261179995723, 5723206.103537566028535 ], [ 369307.246596607845277, 5723205.871392447501421 ], [ 369301.204278216115199, 5723205.126320476643741 ], [ 369294.926443881588057, 5723204.376219407655299 ], [ 369288.641976575134322, 5723203.637425276450813 ], [ 369282.579501885978971, 5723202.381024149246514 ], [ 369278.031871119514108, 5723201.074317035265267 ], [ 369273.470113341580145, 5723199.756851692683995 ], [ 369269.164334871515166, 5723198.43276837002486 ], [ 369265.087753439380322, 5723196.602014352567494 ], [ 369257.681197111378424, 5723192.89894462749362 ], [ 369257.874886737437919, 5723215.905946545302868 ], [ 369208.842520376900211, 5723221.926246562972665 ], [ 369201.127326925459784, 5723259.258972929790616 ], [ 369193.970734934497159, 5723286.072735175490379 ], [ 369180.999505657353438, 5723335.637344309128821 ], [ 369168.883661944768392, 5723381.062614429742098 ], [ 369138.783120978856459, 5723397.899268049746752 ], [ 369074.547136347857304, 5723356.510158616118133 ], [ 368973.235797028115485, 5723418.635845253244042 ], [ 368797.36608930490911, 5723526.497708548791707 ], [ 368771.512017452041619, 5723542.569844489917159 ], [ 368733.832282060408033, 5723453.56980518065393 ], [ 368713.866697823628783, 5723405.860955446027219 ], [ 368670.633711078146007, 5723303.574438913725317 ], [ 368660.660229594330303, 5723279.964679542928934 ], [ 368653.263022681290749, 5723258.257581756450236 ], [ 368647.323580418771598, 5723241.49782154429704 ], [ 368641.645883332472295, 5723225.220883258618414 ], [ 368635.955145112122409, 5723208.443541713058949 ], [ 368630.51343695865944, 5723191.659731798805296 ], [ 368625.818602446932346, 5723174.845382971689105 ], [ 368621.123451295599807, 5723158.019918190315366 ], [ 368616.913396543124691, 5723140.681097917258739 ], [ 368612.972602011344861, 5723123.847155408002436 ], [ 368588.646340331993997, 5723006.770583595149219 ], [ 368563.233218944864348, 5722869.236231101676822 ], [ 368547.09406613430474, 5722780.845607480034232 ], [ 368546.765534899081104, 5722778.862289655953646 ], [ 368546.430084437597543, 5722776.879151808097959 ], [ 368545.852178706147242, 5722774.891192216426134 ], [ 368545.038781163748354, 5722773.432360556907952 ], [ 368543.982927970821038, 5722771.968707341700792 ], [ 368542.913525356096216, 5722770.516534460708499 ], [ 368541.628809515095782, 5722769.57070954144001 ], [ 368540.088088985416107, 5722768.631543572060764 ], [ 368538.796453098126221, 5722767.68589932192117 ], [ 368537.531381375913043, 5722767.229184289462864 ], [ 368536.010594354593195, 5722766.790248606353998 ], [ 368534.509742205496877, 5722766.851542431861162 ], [ 368533.055679709126707, 5722767.9131148327142 ], [ 368531.850702984433156, 5722768.96820858027786 ], [ 368530.907539111794904, 5722770.506112313829362 ], [ 368529.971294864779338, 5722772.043836261145771 ], [ 368520.685217318125069, 5722783.435374408960342 ], [ 368518.065487858722918, 5722786.530265768989921 ], [ 368494.878564348211512, 5722819.014454578980803 ], [ 368493.215321525291074, 5722821.082977838814259 ], [ 368460.590028528822586, 5722860.945809666998684 ], [ 368347.41937705752207, 5723010.678580906242132 ], [ 368325.116947873262689, 5723040.091605362482369 ], [ 368278.370243201148696, 5723101.711239632219076 ], [ 368257.002911986550316, 5723128.985956086777151 ], [ 368219.31789136514999, 5723169.538821012713015 ], [ 368192.739319028332829, 5723189.961497453972697 ], [ 368175.630634439177811, 5723203.438370908610523 ], [ 368171.289768176327925, 5723206.355804059654474 ], [ 368136.712900387006812, 5723229.602473655715585 ], [ 368096.741212894092314, 5723256.484325750730932 ], [ 368062.279568435740657, 5723275.633505099453032 ], [ 368002.477579229045659, 5723307.418268800713122 ], [ 367972.919669810624328, 5723325.037899369373918 ], [ 367954.319926630123518, 5723334.136792906560004 ], [ 367944.647683549090289, 5723338.874042035080492 ], [ 368179.091189725440927, 5723703.363344728015363 ], [ 368150.421073943842202, 5723720.446982909925282 ], [ 368117.611742601031438, 5723735.947407759726048 ], [ 368120.648956785677001, 5723740.920145481824875 ], [ 368114.254817129578441, 5723743.390493918210268 ], [ 368105.344385031668935, 5723747.584575259126723 ], [ 368095.282031875452958, 5723747.958531673997641 ], [ 368071.74486836604774, 5723748.717710869386792 ], [ 368070.729423727258109, 5723744.293110429309309 ], [ 368067.609317545080557, 5723741.715039200149477 ], [ 368049.827169183990918, 5723738.329174433834851 ], [ 368045.130092377075925, 5723738.71890767943114 ], [ 368041.166051997803152, 5723742.260920634493232 ], [ 368033.086181813268922, 5723774.542238142341375 ], [ 368030.29155071801506, 5723793.966459169983864 ], [ 368022.483381170895882, 5723801.926480296067894 ], [ 368014.721429281751625, 5723796.020077577792108 ], [ 368002.35846255463548, 5723790.734635379165411 ], [ 367989.095316842081957, 5723789.679048038087785 ], [ 367980.425180866150185, 5723789.816561597399414 ], [ 367970.921365977090318, 5723792.223689766600728 ], [ 367955.308977967593819, 5723798.751971111632884 ], [ 367925.474756251729559, 5723810.448125746101141 ], [ 367907.439980734954588, 5723817.518377832137048 ], [ 367878.729988479055464, 5723828.784825189970434 ], [ 367864.713253456982784, 5723833.057237129658461 ], [ 367832.932892727665603, 5723838.350722383707762 ], [ 367817.456738534208853, 5723840.814228157512844 ], [ 367808.912163787754253, 5723837.810711480677128 ], [ 367785.700897754170001, 5723829.582567949779332 ], [ 367776.52460555639118, 5723829.42210035957396 ], [ 367743.886646462255158, 5723830.777087772265077 ], [ 367725.398858636268415, 5723811.542566515505314 ], [ 367696.145740902749822, 5723825.583984622731805 ], [ 367689.994439291534945, 5723829.650930600240827 ], [ 367684.399295506183989, 5723839.623322213999927 ], [ 367681.551827313378453, 5723851.42662007920444 ], [ 367695.337564277346246, 5723891.737802868708968 ], [ 367702.403961545496713, 5723905.173220320604742 ], [ 367714.554860022733919, 5723921.39100669324398 ], [ 367756.277686919027474, 5723968.037101500667632 ], [ 367772.213420468848199, 5724023.615194264799356 ], [ 367778.611318605660927, 5724043.789403989911079 ], [ 367786.119112665590364, 5724068.552619307301939 ], [ 367786.063795768597629, 5724095.004893846809864 ], [ 367785.888129733793903, 5724135.637162431143224 ], [ 367785.562193537247367, 5724176.874269113875926 ], [ 367785.425347858341411, 5724215.814098907634616 ], [ 367783.978915153711569, 5724233.278124169446528 ], [ 367793.652821133029647, 5724242.695027402602136 ], [ 367804.427999976440333, 5724250.024482768028975 ], [ 367802.93818774621468, 5724261.335951172746718 ], [ 367801.89895122917369, 5724271.878937710076571 ], [ 367801.810686368029565, 5724272.73808974865824 ], [ 367798.020272258843761, 5724292.678188042715192 ], [ 367748.36096748302225, 5724276.963543442077935 ], [ 367713.257318934949581, 5724266.254067991860211 ], [ 367654.653078801406082, 5724248.370948716066778 ], [ 367658.771978689183015, 5724235.176712218672037 ], [ 367637.834194268914871, 5724232.030811905860901 ], [ 367639.812333456822671, 5724225.369049124419689 ], [ 367581.286750942468643, 5724209.988453317433596 ], [ 367570.877000223612413, 5724207.90221859049052 ], [ 367560.272713599610142, 5724206.844866394996643 ], [ 367549.575532682589255, 5724206.468770219944417 ], [ 367538.893138744984753, 5724206.39276069495827 ], [ 367520.18787946656812, 5724206.827608748339117 ], [ 367501.497577455011196, 5724208.096722448244691 ], [ 367482.837451021187007, 5724209.988273675553501 ], [ 367464.251258846954443, 5724212.3230687584728 ], [ 367449.471430425939616, 5724214.368887297809124 ], [ 367434.734951609862037, 5724216.747447651810944 ], [ 367430.245445881620981, 5724217.644207468256354 ], [ 367420.12345793354325, 5724219.668036425486207 ], [ 367405.705920518143103, 5724223.384783210232854 ], [ 367336.487988273031078, 5724243.696499704383314 ], [ 367315.171217564027756, 5724250.376658513210714 ], [ 367215.771990630892105, 5724285.058866349980235 ], [ 367207.491881255875342, 5724287.891564122401178 ], [ 366934.2548533603549, 5724381.177947592921555 ], [ 366921.364998200035188, 5724385.579183753579855 ], [ 366889.019015211844817, 5724398.672102713026106 ], [ 366829.656330500845797, 5724422.726191925816238 ], [ 366774.457355358346831, 5724445.068769508041441 ], [ 366582.135266001219861, 5724522.954722184687853 ], [ 366573.006394496536814, 5724526.645504735410213 ], [ 366487.157668286585249, 5724562.731675630435348 ], [ 366478.643179637205321, 5724566.617826990783215 ], [ 366470.318824081565253, 5724570.888445510528982 ], [ 366462.083655006135814, 5724575.390407621860504 ], [ 366453.89146985654952, 5724579.946887169033289 ], [ 366451.262683174340054, 5724581.307230236940086 ], [ 366448.591810284997337, 5724582.646431544795632 ], [ 366446.042343029926997, 5724584.127087829634547 ], [ 366443.722734687500633, 5724585.924378697760403 ], [ 366400.910514276125468, 5724602.290691467933357 ], [ 366395.401670774212107, 5724603.360016382299364 ], [ 366379.701610610238276, 5724606.412629641592503 ], [ 366357.56910264887847, 5724615.911644817329943 ], [ 366343.962888033536728, 5724620.667193107306957 ], [ 366338.668629327556118, 5724622.520988871343434 ], [ 366315.449782349984162, 5724629.934626903384924 ], [ 366250.410217349068262, 5724655.837455824017525 ], [ 366188.262361573171802, 5724681.141529492102563 ], [ 366048.740012019989081, 5724737.953515102155507 ], [ 366002.853443324449472, 5724756.007274802774191 ], [ 365977.995301204442512, 5724765.769496302120388 ], [ 365956.431899388146121, 5724772.929478082805872 ], [ 365944.080678743193857, 5724775.916863717138767 ], [ 365940.790014418191276, 5724776.58285700250417 ], [ 365924.425731345021632, 5724779.877108606509864 ], [ 365913.600861255428754, 5724781.17710898630321 ], [ 365909.364268156583421, 5724781.667930137366056 ], [ 365902.21577265765518, 5724782.492005897685885 ], [ 365890.804330089944415, 5724783.596196204423904 ], [ 365879.367417960835155, 5724784.523040576837957 ], [ 365867.932700393372215, 5724785.271804492920637 ], [ 365864.892172351130284, 5724785.452700737863779 ], [ 365858.776239705039188, 5724785.80429695546627 ], [ 365823.988675579428673, 5724787.829960246570408 ], [ 365718.426717733498663, 5724792.271071383729577 ], [ 365682.03396841196809, 5724793.795116408728063 ], [ 365619.598093149601482, 5724796.412840992212296 ], [ 365536.352712346066255, 5724799.907987657934427 ], [ 365494.788683525752276, 5724801.648950447328389 ], [ 365414.105167898233049, 5724807.258994578383863 ], [ 365341.453107425943017, 5724816.606670484878123 ], [ 365325.008057913277298, 5724821.529734790325165 ], [ 365224.393758450984024, 5724851.855598915368319 ], [ 365191.380902871955186, 5724861.494406826794147 ], [ 365165.275041367160156, 5724869.3020895794034 ], [ 365033.071502193226479, 5724908.843568646349013 ], [ 365009.272991770296358, 5724915.956120216287673 ], [ 364873.411627572670113, 5724956.578919318504632 ], [ 364680.051028993097134, 5725016.528444786556065 ], [ 364664.325268967426382, 5725021.38993062172085 ], [ 364514.939152995124459, 5725067.715423187240958 ], [ 364430.547811130876653, 5725093.861023893579841 ], [ 364111.982105869974475, 5725190.768962220288813 ], [ 364085.223565385618713, 5725198.900392880663276 ], [ 364057.368674982571974, 5725205.637071156874299 ], [ 364049.678154153050855, 5725207.123830173164606 ], [ 364046.290251090424135, 5725207.760312462225556 ], [ 364035.057982147787698, 5725209.053105537779629 ], [ 364023.743985062348656, 5725209.880739986896515 ], [ 364016.566860682272818, 5725210.385573974810541 ], [ 364012.449540244648233, 5725210.663360634818673 ], [ 364001.835540362633765, 5725211.527836920693517 ], [ 363991.218548401026055, 5725212.281134211458266 ], [ 363980.592274208087474, 5725212.689729668200016 ], [ 363969.976591220241971, 5725212.463754690252244 ], [ 363959.890479349181987, 5725211.600357454270124 ], [ 363949.851926615810953, 5725210.190416955389082 ], [ 363939.877158138086088, 5725208.322521301917732 ], [ 363929.995332570571918, 5725206.051525417715311 ], [ 363921.230261915770825, 5725203.616919362917542 ], [ 363912.592411472985987, 5725200.767156326211989 ], [ 363904.050496659358032, 5725197.625488933175802 ], [ 363895.57955011370359, 5725194.292743391357362 ], [ 363890.705304052506108, 5725192.165077953599393 ], [ 363885.902632241835818, 5725189.868564856238663 ], [ 363881.126420393586159, 5725187.526830134913325 ], [ 363876.324638755642809, 5725185.263686408288777 ], [ 363852.652079395775218, 5725174.617787230759859 ], [ 363826.023445282189641, 5725162.660671748220921 ], [ 363810.391840099473484, 5725158.397192565724254 ], [ 363805.292895902879536, 5725156.409204348921776 ], [ 363693.113989949808456, 5725139.560577373951674 ], [ 363677.74704093451146, 5725136.392052169889212 ], [ 363653.523875489248894, 5725131.782292984426022 ], [ 363678.780041275545955, 5725065.944738548249006 ], [ 363733.452099477406591, 5724923.419156365096569 ], [ 363803.492490960285068, 5724740.830105481669307 ], [ 363815.107318642258178, 5724710.55980196967721 ], [ 363820.134785033471417, 5724709.367077738046646 ], [ 363842.986410818935838, 5724637.864380793645978 ], [ 363891.543483085930347, 5724511.296756820753217 ], [ 363899.258871791011188, 5724491.169405716471374 ], [ 363935.373990706342738, 5724397.009023082442582 ], [ 363948.247864089673385, 5724361.764285430312157 ], [ 363987.208878460922278, 5724261.908000061288476 ], [ 364036.923943571164273, 5724132.295259601436555 ], [ 364042.894712478329893, 5724116.744310295209289 ], [ 364128.638304388266988, 5723893.209690301679075 ], [ 364263.11278932983987, 5723944.089717377908528 ], [ 364291.003033732296899, 5723954.635564423166215 ], [ 364294.395143953850493, 5723953.865634569898248 ], [ 364338.847100531216711, 5723941.588225338608027 ], [ 364382.068421676522121, 5723925.493913513608277 ], [ 364412.086743063933682, 5723914.227794965729117 ], [ 364431.628942265408114, 5723906.225287783890963 ], [ 364437.586658380459994, 5723903.806421036832035 ], [ 364443.565729393449146, 5723901.409244876354933 ], [ 364449.567646946350578, 5723899.089360010810196 ], [ 364455.628191987634636, 5723896.890319119207561 ], [ 364461.954407867102418, 5723894.272417969070375 ], [ 364468.317064519273117, 5723891.464369310066104 ], [ 364474.753860514785629, 5723889.355412373319268 ], [ 364478.028083171346225, 5723888.83358982950449 ], [ 364481.364151607616805, 5723888.810876335017383 ], [ 364505.908967177267186, 5723890.778824222274125 ], [ 364513.373133769142441, 5723877.158141175284982 ], [ 364518.711846316640731, 5723867.40028256457299 ], [ 364522.539793601143174, 5723860.420458285138011 ], [ 364537.59925738198217, 5723832.897444847039878 ], [ 364548.672040730190929, 5723846.45509743411094 ], [ 364653.605943194532301, 5723974.921384989283979 ], [ 364780.871057717595249, 5724148.32810497097671 ], [ 364789.491626824368723, 5724130.31467105820775 ], [ 364826.498494405823294, 5724052.985617384314537 ], [ 364843.767165781988297, 5724016.924836371093988 ], [ 364865.106088220141828, 5723972.309035316109657 ], [ 364919.870079865446314, 5723857.894475647248328 ], [ 364922.551632631162647, 5723852.292125976644456 ], [ 364929.802992352400906, 5723837.14212301466614 ], [ 364861.585434080217965, 5723808.586568952538073 ], [ 364884.843378716963343, 5723773.300563857890666 ], [ 364911.248904764477629, 5723733.256732104346156 ], [ 364934.11546790972352, 5723698.582368407398462 ], [ 364959.902809645922389, 5723659.467856568284333 ], [ 365123.06321763136657, 5723424.347346334718168 ], [ 365142.314619461481925, 5723399.374070951715112 ], [ 365271.197084121173248, 5723420.696079683490098 ], [ 365288.018706569098867, 5723423.752942070364952 ], [ 365291.967914525070228, 5723424.126168491318822 ], [ 365295.951320512685925, 5723423.964340380392969 ], [ 365299.947774257860146, 5723423.512838553637266 ], [ 365303.916259329009335, 5723423.050957393832505 ], [ 365306.815386471513193, 5723422.728863413445652 ], [ 365309.705520894494839, 5723422.329114524647593 ], [ 365312.572233519284055, 5723421.829839235171676 ], [ 365315.422442723473068, 5723421.230853113345802 ], [ 365317.762186710897367, 5723420.701114135794342 ], [ 365320.114582059904933, 5723420.126526920124888 ], [ 365322.393646538956091, 5723419.398102690465748 ], [ 365324.569336527318228, 5723418.427617755718529 ], [ 365327.9124372350052, 5723416.580290368758142 ], [ 365346.946756636723876, 5723408.105372995138168 ], [ 365357.278024259547237, 5723403.501281297765672 ], [ 365364.663644892745651, 5723343.42454978171736 ], [ 365489.389327712939121, 5723249.932691427879035 ], [ 365542.464474832289852, 5723210.150855979882181 ], [ 365574.535578113747761, 5723254.210307254455984 ], [ 365677.610620129504241, 5723207.346977344714105 ], [ 365752.393797039519995, 5723168.915631254203618 ], [ 365774.254237953631673, 5723154.959118234924972 ], [ 365926.371797503903508, 5723048.844216613098979 ], [ 365979.471884172933642, 5723010.324015762656927 ], [ 365990.532495296327397, 5722999.492533336393535 ], [ 366000.507022059580777, 5722987.910916122607887 ], [ 366006.786440558033064, 5722978.497088249772787 ], [ 366097.270224295032676, 5722842.8082813071087 ], [ 366103.057454069901723, 5722834.14207552280277 ], [ 366204.486362744821236, 5722682.230292075313628 ], [ 366234.783473472984042, 5722636.872124820947647 ], [ 366287.126025301986374, 5722558.470754737965763 ], [ 366294.911794551997446, 5722546.803031079471111 ], [ 366325.583372245309874, 5722500.879186126403511 ], [ 366351.876749275194015, 5722456.428918904624879 ], [ 366385.795647216378711, 5722399.714577835984528 ], [ 366387.829586908104829, 5722389.690201386809349 ], [ 366444.225537290272769, 5722306.999470306560397 ], [ 366498.654027062002569, 5722243.345620847307146 ], [ 366503.349419974256307, 5722237.857971983961761 ], [ 366518.818511011137161, 5722216.59579652454704 ], [ 366551.732807965599932, 5722163.136356556788087 ], [ 366644.266837521572597, 5722015.564583281986415 ], [ 366649.340392190730199, 5722008.909812455996871 ], [ 366661.000459752511233, 5721993.624131735414267 ], [ 366665.747702358232345, 5721987.723554134368896 ], [ 366712.865414567757398, 5721929.161391304805875 ], [ 366732.71863274089992, 5721911.790413058362901 ], [ 366733.77720089443028, 5721911.228371198289096 ], [ 366770.868932985467836, 5721891.300008449703455 ], [ 366821.010547761281487, 5721868.057009738869965 ], [ 366847.489853448816575, 5721862.185097781009972 ], [ 366884.937068244908005, 5721853.887986226938665 ], [ 366940.732696645020042, 5721847.834547424688935 ], [ 366949.778720793547109, 5721846.850912326015532 ], [ 366964.717080739326775, 5721846.357656683772802 ], [ 366970.861456635873765, 5721846.162595869041979 ], [ 366978.74917092663236, 5721845.899417762644589 ], [ 367001.55694504478015, 5721847.079832543618977 ], [ 367005.485503633273765, 5721842.681138345971704 ], [ 367024.227102728094906, 5721821.701799117960036 ], [ 367031.209517748444341, 5721813.873324696905911 ], [ 367091.580331376113463, 5721811.662759928032756 ], [ 367147.816230026364792, 5721812.855408384464681 ], [ 367217.896205037599429, 5721814.341611876152456 ], [ 367224.319271988875698, 5721814.47337622474879 ], [ 367238.088814446353354, 5721807.179142809472978 ], [ 367292.478164535481483, 5721777.864892258308828 ], [ 367300.863684577401727, 5721759.361786419525743 ], [ 367299.995142069121357, 5721727.325335869565606 ], [ 367299.286863544606604, 5721710.629941998980939 ], [ 367297.820103378267959, 5721675.326488388702273 ], [ 367294.244788699375931, 5721589.502450058236718 ], [ 367292.426200744579546, 5721560.584475297480822 ], [ 367363.125647426466458, 5721536.718554268591106 ], [ 367401.762650167976972, 5721532.478102509863675 ], [ 367421.832287347409874, 5721530.08235346712172 ], [ 367450.475979846902192, 5721529.809875387698412 ], [ 367520.570593840326183, 5721553.922852953895926 ], [ 367532.998212322010659, 5721558.01498285587877 ], [ 367541.478839002782479, 5721418.840074496343732 ], [ 367569.085875754477456, 5721428.67722642980516 ], [ 367598.248928283923306, 5721444.516167494468391 ], [ 367620.200908570899628, 5721458.452032318338752 ], [ 367743.17440929391887, 5721495.62780178617686 ], [ 367813.684240578440949, 5721515.271701300516725 ], [ 367867.760461933969054, 5721525.152954410761595 ], [ 367888.681224073981866, 5721528.556643034331501 ], [ 367933.68947427184321, 5721524.565533183515072 ], [ 367947.163624668144621, 5721519.684619111940265 ], [ 367953.590613740263507, 5721457.635336724109948 ], [ 367960.648338528349996, 5721401.166864138096571 ], [ 368051.856345233391039, 5721410.091760845854878 ], [ 368080.275323294335976, 5721413.133678472600877 ], [ 368142.727140978560783, 5721432.925620646215975 ], [ 368153.147821636579465, 5721405.47996424511075 ], [ 368193.957424791064113, 5721298.023812211118639 ], [ 368201.321013289736584, 5721283.733049263246357 ], [ 368207.439197653555311, 5721265.502160157077014 ], [ 368207.947127927094698, 5721263.997806808911264 ], [ 368211.560964811476879, 5721251.718762441538274 ], [ 368213.946069452213123, 5721246.504465809091926 ], [ 368269.893860167008825, 5721123.977117136120796 ], [ 368275.636544850887731, 5721111.520272434689105 ], [ 368285.884671973821241, 5721093.081778736785054 ], [ 368307.74993514601374, 5721107.701649090275168 ], [ 368460.262450938171241, 5721209.489892953075469 ], [ 368483.149623376782984, 5721224.562389716506004 ], [ 368484.165915198449511, 5721225.025576644577086 ], [ 368720.638057382253464, 5721353.225399454124272 ], [ 368870.462365041661542, 5721437.969695861451328 ], [ 368881.219703988987021, 5721400.657861274667084 ], [ 368892.112165953323711, 5721366.413790289312601 ], [ 368905.469917375128716, 5721317.728897405788302 ], [ 368906.318348075263202, 5721313.589666784740984 ], [ 368909.141018444322981, 5721307.329509517177939 ], [ 368920.707361586741172, 5721264.86696732416749 ], [ 368928.737334847042803, 5721235.860441472381353 ], [ 368945.079797009762842, 5721184.995204472914338 ], [ 368959.348280592239462, 5721133.193420642055571 ], [ 368977.483647203189321, 5721076.117147048003972 ], [ 368988.1147536522476, 5721035.737668288871646 ], [ 368994.372702081222087, 5721010.482703570276499 ], [ 368997.050682394008618, 5721001.833914465270936 ], [ 369040.053067933651619, 5721022.363397693261504 ], [ 369100.589287860086188, 5721041.994239771738648 ], [ 369137.329132347833365, 5721051.525608926080167 ], [ 369170.035356433945708, 5721066.580748180858791 ], [ 369211.879917412879877, 5721104.790014324709773 ], [ 369228.970184281817637, 5721125.835484582930803 ], [ 369250.428333301446401, 5721144.92088414542377 ], [ 369292.048221422941424, 5721168.85983417276293 ], [ 369339.295373812550679, 5721190.806521874852479 ], [ 369390.426575249584857, 5721199.044239886105061 ], [ 369438.707024774746969, 5721211.684710896573961 ], [ 369474.19691146700643, 5721225.189894814044237 ], [ 369556.376224681909662, 5721242.854201035574079 ], [ 369583.338482654769905, 5721248.512608229182661 ], [ 369611.232608928577974, 5721254.859293921850622 ], [ 369620.992840595194139, 5721171.395486996509135 ], [ 369625.671827865880914, 5721133.407656366936862 ], [ 369645.870527997554746, 5721087.30833706445992 ], [ 369700.409655450901482, 5721087.215821044519544 ], [ 369820.843812998849899, 5721081.554759487509727 ], [ 369859.686640425701626, 5721081.378435560502112 ], [ 369899.446059890266042, 5721090.448090529069304 ], [ 369918.27242708299309, 5721097.519394028000534 ], [ 369935.14711316593457, 5721107.879083287902176 ], [ 369986.183018616924528, 5721162.805369729176164 ], [ 370001.335612780298106, 5721180.008480127900839 ], [ 370014.491394283308182, 5721252.900748696178198 ], [ 370021.626818632357754, 5721300.39891900587827 ], [ 369980.234375190571882, 5721347.063819689676166 ], [ 369977.284302919171751, 5721355.151522219181061 ], [ 369979.037598784256261, 5721365.699879003688693 ], [ 369979.365701226168312, 5721375.227764442563057 ], [ 369993.145484155684244, 5721405.051405345089734 ], [ 370055.775977849378251, 5721337.555227204225957 ], [ 370109.960171734273899, 5721278.466730697080493 ], [ 370112.232008936058264, 5721279.554512108676136 ], [ 370130.534391193941701, 5721264.106740077957511 ], [ 370155.249394930899143, 5721289.899970508180559 ], [ 370154.18142313847784, 5721290.383623566478491 ], [ 370158.364927102054935, 5721295.79546245187521 ], [ 370159.767792807193473, 5721310.781627424992621 ], [ 370134.073945632262621, 5721344.757325944490731 ], [ 370131.98463723884197, 5721342.685623762197793 ], [ 370101.155242755659856, 5721381.622764983214438 ], [ 370093.003476617392153, 5721391.846985578536987 ], [ 370113.294705684122164, 5721406.392423520796001 ], [ 370122.707300791575108, 5721409.934014475904405 ], [ 370156.450001926859841, 5721415.677189786918461 ], [ 370170.878870431217365, 5721393.685868427157402 ], [ 370198.831419662281405, 5721388.617368370294571 ], [ 370207.430873849953059, 5721407.157662779092789 ], [ 370212.962101855082437, 5721417.865040350705385 ], [ 370229.562859418161679, 5721449.998150683939457 ], [ 370230.671939506661147, 5721515.878123301081359 ], [ 370292.890254499332514, 5721502.987215301021934 ], [ 370326.002207860525232, 5721494.971780302003026 ], [ 370349.61955002846662, 5721497.214791171252728 ], [ 370419.578540601301938, 5721512.880514428950846 ], [ 370476.062600569683127, 5721529.437600694596767 ], [ 370484.581142520415597, 5721537.297970904037356 ], [ 370549.864856971427798, 5721590.573815229348838 ], [ 370573.084567842364777, 5721609.229982232674956 ], [ 370639.870571576233488, 5721655.524894789792597 ], [ 370683.93026987684425, 5721678.099389601498842 ], [ 370773.067748830653727, 5721748.226950290612876 ], [ 370832.899513546726666, 5721794.601877412758768 ], [ 370836.678485363605432, 5721808.347934722900391 ], [ 370845.507540784892626, 5721815.121573605574667 ], [ 370844.439109524537344, 5721823.717037859372795 ], [ 370847.380440429958981, 5721826.089947143569589 ], [ 370853.507689977413975, 5721849.356798578985035 ], [ 370854.570118511852343, 5721857.87557405885309 ], [ 370863.151282738195732, 5721867.148130387999117 ], [ 370861.76136768469587, 5721885.38821168243885 ], [ 370865.288524107192643, 5721893.076234999112785 ], [ 370866.207727833185345, 5721915.508037284016609 ], [ 370865.269256006809883, 5721927.293769223615527 ], [ 370874.368787440238521, 5721931.924062242731452 ], [ 370879.969326302118134, 5721938.101436237804592 ], [ 370881.004943556326907, 5721950.181698393076658 ], [ 370891.773558640736155, 5721960.789365332573652 ], [ 370893.02325135585852, 5721973.932401214726269 ], [ 370906.304803380451631, 5721984.78749134670943 ], [ 370912.165966172527988, 5721997.378804503940046 ], [ 370916.468590187083464, 5721995.577563181519508 ], [ 370927.422752748825587, 5722012.645633516833186 ], [ 370943.385411941504572, 5722042.004140892997384 ], [ 370943.654225713515189, 5722042.498015478253365 ], [ 370957.091353970288765, 5722052.948667023330927 ], [ 370958.773286596813705, 5722054.819662331603467 ], [ 370971.531534836976789, 5722063.362623501569033 ] ] ] ] } },
{ "type": "Feature", "properties": { "full_id": "r312074", "osm_id": "312074", "osm_type": "relation", "boundary": "administrative", "note:de": null, "name:es": null, "name:de": null, "ref:nuts:2": null, "ref:nuts": null, "population": null, "name:sr": null, "name:ru": null, "name:la": null, "name:ksh": null, "name:ja": null, "name:ar": null, "de:place": null, "ref:nuts:3": null, "license_plate_code": null, "admin_centre:postal_code": null, "wikipedia": null, "wikidata": null, "website": null, "opendata_portal": null, "name:prefix": null, "de:regionalschluessel": null, "de:amtlicher_gemeindeschluessel": null, "admin_title:de": null, "admin_title": null, "TMC:cid_58:tabcd_1:LocationCode": null, "TMC:cid_58:tabcd_1:LCLversion": null, "TMC:cid_58:tabcd_1:Class": null, "type": "boundary", "name": "Drewer-Süd", "admin_level": "10" }, "geometry": { "type": "MultiPolygon", "coordinates": [ [ [ [ 369979.072841909015551, 5725182.410436828620732 ], [ 369975.698471727664582, 5725179.559615408070385 ], [ 369972.330727152642794, 5725176.6974978717044 ], [ 369968.962978782597929, 5725173.835382528603077 ], [ 369965.34626101073809, 5725170.979679708369076 ], [ 369960.458566631597932, 5725167.678216796368361 ], [ 369955.053419034462422, 5725163.900466519407928 ], [ 369949.909829137846828, 5725160.605602545663714 ], [ 369944.524468268384226, 5725157.328097234480083 ], [ 369942.984722652880009, 5725156.388516404666007 ], [ 369941.444976457511075, 5725155.44893603771925 ], [ 369939.925032408500556, 5725155.009590006433427 ], [ 369938.385571584338322, 5725154.08113082498312 ], [ 369933.766326500277501, 5725151.262395245023072 ], [ 369929.147362598916516, 5725148.454784085974097 ], [ 369924.554827059153467, 5725146.136112526059151 ], [ 369919.706690896418877, 5725143.83515603095293 ], [ 369913.587566528760362, 5725141.088453131727874 ], [ 369907.736921990872361, 5725138.824457919225097 ], [ 369901.664313332759775, 5725137.078058735467494 ], [ 369895.342732797376812, 5725135.338080540299416 ], [ 369888.260413563810289, 5725133.617708780802786 ], [ 369881.19220717495773, 5725131.908110786229372 ], [ 369874.136889039073139, 5725130.698934503830969 ], [ 369866.832599406829104, 5725129.496183173730969 ], [ 369860.550616797874682, 5725128.756715587340295 ], [ 369854.288443167111836, 5725128.5174894426018 ], [ 369848.025982042192481, 5725128.267150786705315 ], [ 369841.776703165378422, 5725128.52835201099515 ], [ 369835.770124373026192, 5725128.27143392059952 ], [ 369829.520845499413554, 5725128.532650316134095 ], [ 369823.527163888677023, 5725128.776158633641899 ], [ 369817.533482557861134, 5725129.019674071110785 ], [ 369805.815191125380807, 5725130.011661945842206 ], [ 369782.62073947727913, 5725131.455349240452051 ], [ 369741.604420092422515, 5725137.654047184623778 ], [ 369739.619245304726064, 5725138.228248944506049 ], [ 369737.628366564400494, 5725138.312981610186398 ], [ 369735.643479251943063, 5725138.898305206559598 ], [ 369733.652313946920913, 5725138.971919184550643 ], [ 369729.656725569744594, 5725139.14174679107964 ], [ 369725.385430278955027, 5725138.817944723181427 ], [ 369721.343277364794631, 5725137.987490561790764 ], [ 369717.563635129714385, 5725137.139140016399324 ], [ 369716.797194804530591, 5725136.669294559396803 ], [ 369710.180006290844176, 5725133.935681315138936 ], [ 369699.003171878634021, 5725129.895373593084514 ], [ 369664.076277587213553, 5725113.815798887982965 ], [ 369655.39510225050617, 5725109.677796440199018 ], [ 369623.540373921045102, 5725095.466545382514596 ], [ 369605.136607154738158, 5725085.726468657143414 ], [ 369543.246477050299291, 5725052.751066910102963 ], [ 369530.967587674385868, 5725046.24698512814939 ], [ 369507.707810867927037, 5725034.195733601227403 ], [ 369470.61635190830566, 5725014.211916667409241 ], [ 369467.045844132895581, 5725012.356851572170854 ], [ 369359.13063535944093, 5724955.257859594188631 ], [ 369339.205474046757445, 5724945.068444447591901 ], [ 369319.253450931457337, 5724934.379053405486047 ], [ 369297.761687633406837, 5724922.761473304592073 ], [ 369254.037548398366198, 5724899.534619422629476 ], [ 369238.475941110518761, 5724892.170342473313212 ], [ 369225.718453188717831, 5724886.191235785372555 ], [ 369212.967850364162587, 5724880.211981785483658 ], [ 369200.210300392995123, 5724874.232938640750945 ], [ 369187.230530859786086, 5724868.760428530164063 ], [ 369176.039697333064396, 5724864.220852192491293 ], [ 369164.593233265331946, 5724859.699049306102097 ], [ 369152.90439417574089, 5724855.172422771342099 ], [ 369141.248379102733452, 5724851.64646577835083 ], [ 369097.031277033674996, 5724840.963492238894105 ], [ 369090.708726202778053, 5724839.213391051627696 ], [ 369067.99477544054389, 5724834.149268285371363 ], [ 369033.448282629309688, 5724827.567097704857588 ], [ 368971.666635753819719, 5724815.593618061393499 ], [ 368962.094821728533134, 5724813.983605275861919 ], [ 368952.274305305210873, 5724812.391190758906305 ], [ 368937.252815159677994, 5724812.002010937780142 ], [ 368935.40436947910348, 5724809.579620056785643 ], [ 368924.488527752226219, 5724793.516251876018941 ], [ 368916.543075209483504, 5724782.839530325494707 ], [ 368863.479639350262005, 5724708.971197644248605 ], [ 368799.013703664881177, 5724619.575884067453444 ], [ 368776.742083465447649, 5724588.963370589539409 ], [ 368756.601857944042422, 5724561.277801056392491 ], [ 368760.793568956665695, 5724547.593053087592125 ], [ 368765.914339666604064, 5724532.370800588279963 ], [ 368766.770911785366479, 5724528.843309769406915 ], [ 368767.876194758573547, 5724525.298230037093163 ], [ 368768.732480870326981, 5724521.759619393385947 ], [ 368769.588768342975527, 5724518.221008934080601 ], [ 368771.26180294493679, 5724510.154447340406477 ], [ 368772.927638200344518, 5724502.076945931650698 ], [ 368774.620312581129838, 5724494.499496288597584 ], [ 368776.286448893137276, 5724486.433116563595831 ], [ 368778.181387324933894, 5724477.848918300122023 ], [ 368780.083249852526933, 5724469.264541282318532 ], [ 368781.978203090257011, 5724460.680344855412841 ], [ 368783.63107845466584, 5724452.102437695488334 ], [ 368784.062420054222457, 5724450.588989197276533 ], [ 368784.238389199133962, 5724448.570298444479704 ], [ 368784.669731351663359, 5724447.056850013323128 ], [ 368784.865904939011671, 5724445.5495102442801 ], [ 368786.283076194289606, 5724437.489602845162153 ], [ 368787.699963981518522, 5724429.418575779534876 ], [ 368789.117145995376632, 5724421.358669503591955 ], [ 368790.55395902384771, 5724413.787874268367887 ], [ 368790.959600255591795, 5724411.284726031124592 ], [ 368791.377950736205094, 5724409.270867974497378 ], [ 368791.769181651121471, 5724406.745838680304587 ], [ 368792.436248438316397, 5724404.714392928406596 ], [ 368793.671102002670523, 5724398.161468434147537 ], [ 368795.16796145203989, 5724392.102487300522625 ], [ 368796.651539163896814, 5724385.531976135447621 ], [ 368797.388682174147107, 5724379.003107784315944 ], [ 368797.849991288094316, 5724371.980655821040273 ], [ 368833.939898121636361, 5723990.2638577837497 ], [ 368834.630446372553706, 5723982.734718712046742 ], [ 368835.340906240453478, 5723975.705810381099582 ], [ 368835.782434229622595, 5723968.183136773295701 ], [ 368836.223675600369461, 5723960.649343081749976 ], [ 368836.539127395488322, 5723950.136586436070502 ], [ 368836.841590871219523, 5723939.123419892042875 ], [ 368837.156759660807438, 5723928.599543420597911 ], [ 368837.203283221577294, 5723917.593021813780069 ], [ 368837.272927670564968, 5723901.077679617330432 ], [ 368837.322956605523359, 5723884.073227553628385 ], [ 368837.235309951764066, 5723876.430760711431503 ], [ 368837.130587834515609, 5723867.063941007480025 ], [ 368836.453437898133416, 5723850.579114954918623 ], [ 368835.211868288170081, 5723832.617827713489532 ], [ 368833.492713364423253, 5723815.191942037083209 ], [ 368831.504319109139033, 5723797.26117167621851 ], [ 368829.037753704353236, 5723779.843563173897564 ], [ 368827.262263711832929, 5723766.914739581756294 ], [ 368825.230812830559444, 5723753.992561698891222 ], [ 368822.950316786416806, 5723741.076850202865899 ], [ 368820.911642546998337, 5723728.143733558245003 ], [ 368820.56334583874559, 5723725.660167688503861 ], [ 368819.939183647104073, 5723722.683016747236252 ], [ 368819.570976631250232, 5723719.69922061637044 ], [ 368819.188933843979612, 5723716.715783721767366 ], [ 368818.880166556045879, 5723715.221558419056237 ], [ 368818.551778108230792, 5723713.23822302930057 ], [ 368818.236092753591947, 5723711.744177369400859 ], [ 368817.907703919161577, 5723709.760842021554708 ], [ 368817.157450835278723, 5723703.793609337881207 ], [ 368816.171992817427963, 5723697.832483378238976 ], [ 368815.152787433355115, 5723691.371486535295844 ], [ 368814.153490078111645, 5723685.410720210522413 ], [ 368810.435292968642898, 5723668.047871312126517 ], [ 368806.206287135486491, 5723650.208668009378016 ], [ 368801.741206567152403, 5723632.876344531774521 ], [ 368797.269470194471069, 5723615.555324777029455 ], [ 368795.739150254812557, 5723608.606855465099216 ], [ 368793.95315370633034, 5723601.676153289154172 ], [ 368792.167152889538556, 5723594.74545173253864 ], [ 368789.883636140904855, 5723587.849925243295729 ], [ 368781.780039802659303, 5723567.162507608532906 ], [ 368771.512017452041619, 5723542.569844489917159 ], [ 368797.36608930490911, 5723526.497708548791707 ], [ 368973.235797028115485, 5723418.635845253244042 ], [ 369074.547136347857304, 5723356.510158616118133 ], [ 369138.783120978856459, 5723397.899268049746752 ], [ 369168.883661944768392, 5723381.062614429742098 ], [ 369180.999505657353438, 5723335.637344309128821 ], [ 369193.970734934497159, 5723286.072735175490379 ], [ 369201.127326925459784, 5723259.258972929790616 ], [ 369208.842520376900211, 5723221.926246562972665 ], [ 369257.874886737437919, 5723215.905946545302868 ], [ 369257.681197111378424, 5723192.89894462749362 ], [ 369265.087753439380322, 5723196.602014352567494 ], [ 369269.164334871515166, 5723198.43276837002486 ], [ 369273.470113341580145, 5723199.756851692683995 ], [ 369278.031871119514108, 5723201.074317035265267 ], [ 369282.579501885978971, 5723202.381024149246514 ], [ 369288.641976575134322, 5723203.637425276450813 ], [ 369294.926443881588057, 5723204.376219407655299 ], [ 369301.204278216115199, 5723205.126320476643741 ], [ 369307.246596607845277, 5723205.871392447501421 ], [ 369313.760261179995723, 5723206.103537566028535 ], [ 369320.00529074750375, 5723205.853020690381527 ], [ 369326.243114646000322, 5723205.591570210643113 ], [ 369332.468287411145866, 5723204.840837568975985 ], [ 369336.68769536272157, 5723204.164228494279087 ], [ 369340.665247136843391, 5723203.505003861151636 ], [ 369344.615737699612509, 5723202.334609787911177 ], [ 369348.573435897589661, 5723201.17516019474715 ], [ 369378.941950595239177, 5723191.421228026971221 ], [ 369400.190082312677987, 5723185.041172591969371 ], [ 369409.330425678228494, 5723182.16771169193089 ], [ 369420.698564742342569, 5723178.702575803734362 ], [ 369432.039665227523074, 5723174.726292856968939 ], [ 369436.887866238190327, 5723140.505918308161199 ], [ 369437.090320131741464, 5723139.499199474230409 ], [ 369437.80445628578309, 5723138.468133474700153 ], [ 369438.491827514546458, 5723136.937014913186431 ], [ 369439.199045833083801, 5723135.90612786449492 ], [ 369440.404397251608316, 5723134.862371720373631 ], [ 369441.85852833557874, 5723133.801061123609543 ], [ 369443.070512037549634, 5723132.746006674133241 ], [ 369444.793556923046708, 5723132.178493910469115 ], [ 369447.008439185097814, 5723131.086404086090624 ], [ 369449.458551976946183, 5723129.988238557241857 ], [ 369451.935142421105411, 5723129.379006722010672 ], [ 369454.412020673393272, 5723128.780896335840225 ], [ 369475.510650638781954, 5723124.908754731528461 ], [ 369516.726139378210064, 5723117.212343662977219 ], [ 369517.473053891037125, 5723117.181931053288281 ], [ 369518.469035620044451, 5723117.145087820477784 ], [ 369519.49148742237594, 5723117.597177512943745 ], [ 369520.238401877693832, 5723117.566765312105417 ], [ 369521.234383528179023, 5723117.529922624118626 ], [ 369522.263753516948782, 5723117.981834246776998 ], [ 369523.030506213719491, 5723118.451654049567878 ], [ 369524.046325886447448, 5723118.915043506771326 ], [ 369530.397282138466835, 5723121.154647576622665 ], [ 369543.938353007193655, 5723128.104807520285249 ], [ 369561.496396019880194, 5723135.385296871885657 ], [ 369584.316431205312256, 5723142.952899273484945 ], [ 369585.837003240012564, 5723143.392147245816886 ], [ 369587.357574994210154, 5723143.831395673565567 ], [ 369588.85831461485941, 5723143.770412785932422 ], [ 369590.378885957412422, 5723144.209662114270031 ], [ 369591.643472727388144, 5723144.655517564155161 ], [ 369593.164043532335199, 5723145.094767722301185 ], [ 369594.415716998453718, 5723145.04021355509758 ], [ 369595.936287414573599, 5723145.479464542120695 ], [ 369599.448522578459233, 5723145.833940839394927 ], [ 369602.940926685114391, 5723145.68818776588887 ], [ 369606.689315126975998, 5723145.535832191817462 ], [ 369610.18171943858033, 5723145.390084128826857 ], [ 369611.682458586408757, 5723145.32910801563412 ], [ 369613.432263502036221, 5723145.261706272140145 ], [ 369614.933002686710097, 5723145.200731123797596 ], [ 369616.406994267250411, 5723144.639703090302646 ], [ 369618.65464407944819, 5723144.548331112600863 ], [ 369620.909212424943689, 5723144.456781645305455 ], [ 369622.881049549556337, 5723143.871783909387887 ], [ 369625.12869969982421, 5723143.780414818786085 ], [ 369648.292349336959887, 5723141.324569686315954 ], [ 369656.22058374050539, 5723139.495443245396018 ], [ 369691.041373810032383, 5723134.569259168580174 ], [ 369705.705678389116656, 5723132.466376119293272 ], [ 369707.206421340350062, 5723132.405428445897996 ], [ 369721.229549910291098, 5723132.822836680337787 ], [ 369721.983380581368692, 5723132.792275916785002 ], [ 369871.076263346942142, 5723114.663146257400513 ], [ 369909.074415990442503, 5723108.098799718543887 ], [ 369968.158815697301179, 5723097.164252481423318 ], [ 370042.629171072272584, 5723083.097340676002204 ], [ 370046.599683143489528, 5723082.427732307463884 ], [ 370047.353521271841601, 5723082.397220218554139 ], [ 370048.080654613324441, 5723081.86665334738791 ], [ 370048.552086927869823, 5723081.353789288550615 ], [ 370049.037070537218824, 5723080.829449229873717 ], [ 370049.239648342947476, 5723079.822756990790367 ], [ 370049.456063391349744, 5723078.815708955749869 ], [ 370049.416491235489957, 5723077.815243354067206 ], [ 370049.120931723271497, 5723076.821360190398991 ], [ 370042.811586199561134, 5723057.076341924257576 ], [ 370039.938479328353424, 5723048.19251399487257 ], [ 370037.347772454260848, 5723039.791039223782718 ], [ 370034.979422881966457, 5723030.883105725981295 ], [ 370033.384700660652015, 5723022.444892010651529 ], [ 370032.327407043776475, 5723014.983213357627392 ], [ 370031.741263181203976, 5723006.99754922837019 ], [ 370031.686888557160273, 5722999.498951384797692 ], [ 370032.130374494474381, 5722991.97642274107784 ], [ 370033.261434328858741, 5722982.922860109247267 ], [ 370034.883442338032182, 5722973.845545254647732 ], [ 370037.259598908363841, 5722964.748838054947555 ], [ 370039.911545260809362, 5722956.145782107487321 ], [ 370043.492666700854897, 5722945.983227957040071 ], [ 370047.827949753729627, 5722935.801285289227962 ], [ 370052.680903343600221, 5722926.095650726929307 ], [ 370057.540795406559482, 5722916.389843367040157 ], [ 370060.331012531416491, 5722911.277308388613164 ], [ 370063.370026857592165, 5722906.147251134738326 ], [ 370066.638341169687919, 5722900.510559575632215 ], [ 370069.684287758136634, 5722895.380328525789082 ], [ 370070.371884519292507, 5722893.849300009198487 ], [ 370071.079265142034274, 5722892.818504327908158 ], [ 370071.766862717631739, 5722891.287476018071175 ], [ 370072.47424400964519, 5722890.256680545397103 ], [ 370073.410920429043472, 5722888.719249247573316 ], [ 370074.603594382409938, 5722887.175237130373716 ], [ 370075.801928470085841, 5722886.120693541131914 ], [ 370077.263178944762331, 5722885.059391516260803 ], [ 370078.744212665886153, 5722884.498322670347989 ], [ 370080.238110348931514, 5722884.437664869241416 ], [ 370081.988005126127973, 5722884.370426885783672 ], [ 370083.488535834243521, 5722884.2984719555825 ], [ 370126.455358002102003, 5722877.029490147717297 ], [ 370141.114605174050666, 5722874.427297352813184 ], [ 370171.664125211944338, 5722869.169163211248815 ], [ 370216.308623764431104, 5722932.885150208137929 ], [ 370307.966674857540056, 5723063.195067672990263 ], [ 370312.010954161349218, 5723070.524496828205884 ], [ 370313.099535960995127, 5723072.477268702350557 ], [ 370314.200958247296512, 5723074.930451759137213 ], [ 370315.275986567139626, 5723076.89469941239804 ], [ 370316.357647305587307, 5723078.847649501636624 ], [ 370318.003641066374257, 5723082.288339963182807 ], [ 370319.117899960023351, 5723085.241935020312667 ], [ 370320.514822045341134, 5723088.689017512835562 ], [ 370322.140765710151754, 5723091.61835558898747 ], [ 370354.022827988374047, 5723155.351357487030327 ], [ 370367.324364750413224, 5723180.814953038468957 ], [ 370379.970191466039978, 5723202.311730263754725 ], [ 370383.994798476225697, 5723209.152101607993245 ], [ 370388.82627049612347, 5723216.951006815768778 ], [ 370400.612431883229874, 5723235.977304470725358 ], [ 370410.118609950412065, 5723254.105123640969396 ], [ 370442.082526574726216, 5723313.819461839273572 ], [ 370451.292957412078977, 5723330.953450757078826 ], [ 370460.972680387843866, 5723396.101967449299991 ], [ 370467.645419059321284, 5723440.363258522003889 ], [ 370472.666386162978597, 5723473.661740872077644 ], [ 370513.895004054822493, 5723570.015710392966866 ], [ 370521.88791955600027, 5723595.582312292419374 ], [ 370530.883749078551773, 5723624.361345858313143 ], [ 370546.422954570036381, 5723673.747893132269382 ], [ 370556.551457820925862, 5723715.405910475179553 ], [ 370563.886565782537218, 5723745.573972458951175 ], [ 370564.509691087238025, 5723748.551322217099369 ], [ 370565.106161232746672, 5723751.028614829294384 ], [ 370565.467431140423287, 5723753.511932702735066 ], [ 370565.572748250560835, 5723756.001807430759072 ], [ 370565.454953960434068, 5723759.510005356743932 ], [ 370565.089141400821973, 5723762.523816868662834 ], [ 370564.460744607902598, 5723765.555482786148787 ], [ 370563.596133899176493, 5723769.093940186314285 ], [ 370563.183931615320034, 5723771.1074602259323 ], [ 370562.542717762175016, 5723773.638714790344238 ], [ 370562.116681168437935, 5723775.652589374221861 ], [ 370561.226434775046073, 5723778.190223953686655 ], [ 370481.362902166263666, 5723987.621294979006052 ], [ 370466.841555544291623, 5724025.71604834869504 ], [ 370446.144449726620223, 5724082.096037150360644 ], [ 370445.994178927212488, 5724084.603594779968262 ], [ 370445.11178264557384, 5724093.650685396045446 ], [ 370443.543402436363976, 5724110.226480865851045 ], [ 370438.972763975674752, 5724175.45113986171782 ], [ 370430.448236284777522, 5724268.128811915405095 ], [ 370427.563275979307946, 5724299.482433131895959 ], [ 370427.373809199896641, 5724301.000643660314381 ], [ 370427.164305248879828, 5724302.007499464787543 ], [ 370426.954801394604146, 5724303.014355281367898 ], [ 370426.516327043354977, 5724304.538952744565904 ], [ 370426.287071271275636, 5724305.045574126765132 ], [ 370425.828559873742051, 5724306.058816927485168 ], [ 370425.619341735553462, 5724307.076793077401817 ], [ 370425.147995259263553, 5724307.589624062180519 ], [ 370424.015124368364923, 5724310.645383846014738 ], [ 370413.953742770478129, 5724328.006560591049492 ], [ 370403.258076494792476, 5724329.004231058061123 ], [ 370398.721760992193595, 5724329.165119071491063 ], [ 370371.236682495335117, 5724463.47926211450249 ], [ 370361.368609085096978, 5724540.401596707291901 ], [ 370349.670928547042422, 5724698.913942124694586 ], [ 370349.488138995599002, 5724700.420859239064157 ], [ 370349.29151689261198, 5724701.928131421096623 ], [ 370348.840263744583353, 5724702.952325331047177 ], [ 370348.657474666484632, 5724704.45924248918891 ], [ 370347.48692466574721, 5724712.512284513562918 ], [ 370346.826913719414733, 5724721.041836413554847 ], [ 370346.436641957086977, 5724729.564464737661183 ], [ 370346.261765222181566, 5724737.580822507850826 ], [ 370346.525293095037341, 5724744.072574001736939 ], [ 370346.795737133477814, 5724750.564148022793233 ], [ 370347.039503481704742, 5724756.555665067397058 ], [ 370347.807918106904253, 5724763.034456879831851 ], [ 370348.884314417548012, 5724770.996441211551428 ], [ 370350.196562569704838, 5724778.440502361394465 ], [ 370351.763720317860134, 5724786.378762543201447 ], [ 370353.069330959115177, 5724793.834122265689075 ], [ 370353.84436616837047, 5724800.301617328077555 ], [ 370359.295419817848597, 5724829.594194825738668 ], [ 370359.334940374654252, 5724830.594664122909307 ], [ 370389.39653137960704, 5724959.426258563995361 ], [ 370362.328743660764303, 5724982.554188731126487 ], [ 370348.11104995070491, 5724995.649119565263391 ], [ 370346.913191036961507, 5724996.703608787618577 ], [ 370345.701215275272261, 5724997.747333112172782 ], [ 370344.240551694529131, 5724998.808569517917931 ], [ 370343.016016040870454, 5724999.363002512603998 ], [ 370341.077454088488594, 5725000.948378023691475 ], [ 370339.367818751605228, 5725002.016007554717362 ], [ 370337.665100060345139, 5725003.083460125140846 ], [ 370335.438041439338122, 5725003.674760283902287 ], [ 370322.716882207838353, 5725004.702408446930349 ], [ 370217.737861569446977, 5725006.508706150576472 ], [ 370209.221836089447606, 5725006.360334497876465 ], [ 370208.460460678616073, 5724999.892501850612462 ], [ 370204.790165304206312, 5724971.522388156503439 ], [ 370204.002089948975481, 5724964.554499680176377 ], [ 370198.119483222952113, 5724918.770891983993351 ], [ 370188.164327564882115, 5724926.181802014820278 ], [ 370156.615143508242909, 5724943.483897647820413 ], [ 370149.037229182489682, 5724947.795935878530145 ], [ 370141.728085978655145, 5724952.601818457245827 ], [ 370134.418956529931165, 5724957.407711865380406 ], [ 370127.378314280940685, 5724962.696327839978039 ], [ 370125.924599239369854, 5724963.757450043223798 ], [ 370124.490668719517998, 5724965.318806865252554 ], [ 370123.036955039890017, 5724966.379929926246405 ], [ 370121.59611018927535, 5724967.94146544393152 ], [ 370116.533571251959074, 5724972.645104827359319 ], [ 370111.229268733761273, 5724977.366094850935042 ], [ 370105.918060214957222, 5724982.087268501520157 ], [ 370100.855836254544556, 5724986.802044413052499 ], [ 370094.608396940981038, 5724993.060667196288705 ], [ 370088.629734823072795, 5724999.813128005713224 ], [ 370082.906692485616077, 5725006.54789362847805 ], [ 370077.681612309301272, 5725013.269856681115925 ], [ 370074.597499889321625, 5725017.39965020865202 ], [ 370071.540097885823343, 5725022.029501907527447 ], [ 370068.710740391397849, 5725026.108235284686089 ], [ 370065.616195119626354, 5725030.638897991739213 ], [ 370055.563097942504101, 5725047.945069084875286 ], [ 370037.822865323105361, 5725077.945397104136646 ], [ 369995.281359767890535, 5725150.73564031906426 ], [ 369987.635552746942267, 5725165.565305152907968 ], [ 369979.072841909015551, 5725182.410436828620732 ] ] ] ] } },
{ "type": "Feature", "properties": { "full_id": "r312075", "osm_id": "312075", "osm_type": "relation", "boundary": "administrative", "note:de": null, "name:es": null, "name:de": null, "ref:nuts:2": null, "ref:nuts": null, "population": null, "name:sr": null, "name:ru": null, "name:la": null, "name:ksh": null, "name:ja": null, "name:ar": null, "de:place": null, "ref:nuts:3": null, "license_plate_code": null, "admin_centre:postal_code": null, "wikipedia": null, "wikidata": null, "website": null, "opendata_portal": null, "name:prefix": null, "de:regionalschluessel": null, "de:amtlicher_gemeindeschluessel": null, "admin_title:de": null, "admin_title": null, "TMC:cid_58:tabcd_1:LocationCode": null, "TMC:cid_58:tabcd_1:LCLversion": null, "TMC:cid_58:tabcd_1:Class": null, "type": "boundary", "name": "Stadtkern Marl", "admin_level": "10" }, "geometry": { "type": "MultiPolygon", "coordinates": [ [ [ [ 368937.252815159677994, 5724812.002010937780142 ], [ 368988.335876942961477, 5724886.445411529392004 ], [ 369082.470997732947581, 5725016.157285410910845 ], [ 369094.644012500531971, 5725032.166119229979813 ], [ 369110.748654237599112, 5725053.013791611418128 ], [ 369151.198578987503424, 5725105.879417393356562 ], [ 369157.046144345717039, 5725114.151597462594509 ], [ 369164.721752887766343, 5725124.334903387352824 ], [ 369158.906985382316634, 5725129.081289143301547 ], [ 369157.446596227295231, 5725130.142873445525765 ], [ 369155.986207682755776, 5725131.204458181746304 ], [ 369154.788331371732056, 5725132.248114482499659 ], [ 369153.327943990589119, 5725133.309700010344386 ], [ 369150.66305484669283, 5725135.426242705434561 ], [ 369147.977998694754206, 5725137.031434594653547 ], [ 369145.293232346419245, 5725138.647748188115656 ], [ 369142.601263786433265, 5725140.253122180700302 ], [ 369138.947715955262538, 5725142.406415862031281 ], [ 369135.280339654069394, 5725144.560070645995438 ], [ 369131.619882189086638, 5725146.713548941537738 ], [ 369127.952512031537481, 5725148.867209157906473 ], [ 369125.516437291284092, 5725150.465961647219956 ], [ 369123.080364075896796, 5725152.064715338870883 ], [ 369120.631324264395516, 5725153.163059056736529 ], [ 369118.18862628453644, 5725154.773114629089832 ], [ 369108.842868173087481, 5725158.654086287133396 ], [ 369087.211066535906866, 5725168.050180301070213 ], [ 369065.586258272174746, 5725177.446189064532518 ], [ 369054.767251704237424, 5725181.888462998904288 ], [ 369039.527722362370696, 5725188.526273235678673 ], [ 369025.605703951790929, 5725196.598822385072708 ], [ 369014.67735615640413, 5725204.56038293428719 ], [ 369000.200571645458695, 5725217.654872437007725 ], [ 368992.003402036090847, 5725224.989255054853857 ], [ 368959.954664556542411, 5725254.830733070150018 ], [ 368959.227966429956723, 5725255.36146492138505 ], [ 368934.331171405210625, 5725270.384576562792063 ], [ 368913.406939502572641, 5725278.75046197604388 ], [ 368747.308098674751818, 5725345.624857629649341 ], [ 368735.991797163616866, 5725350.080766702070832 ], [ 368642.468713388894685, 5725387.44260701071471 ], [ 368628.023670248745475, 5725395.051413996145129 ], [ 368613.827046230435371, 5725402.631545428186655 ], [ 368593.508070340496488, 5725413.475675189867616 ], [ 368567.806994347483851, 5725427.041608908213675 ], [ 368562.463587768434081, 5725418.75695822108537 ], [ 368539.101754386094399, 5725434.72139634937048 ], [ 368517.180577562074177, 5725449.135060833767056 ], [ 368511.610810938524082, 5725453.686683561652899 ], [ 368493.470675373624545, 5725427.541398800909519 ], [ 368484.245776668656617, 5725414.239127188920975 ], [ 368444.281594515370671, 5725367.463989203795791 ], [ 368393.709818196948618, 5725292.611963944509625 ], [ 368375.616613972408231, 5725266.187641522847116 ], [ 368359.110805686796084, 5725238.809520450420678 ], [ 368306.96235931024421, 5725204.437767533585429 ], [ 368275.389729452552274, 5725182.349036402069032 ], [ 368222.528568630339578, 5725149.087222496978939 ], [ 368198.281409105169587, 5725134.853210776112974 ], [ 368192.886491268058307, 5725131.789199727587402 ], [ 368187.214594432211015, 5725128.454228116199374 ], [ 368163.968490753672086, 5725115.195748603902757 ], [ 368155.288235249347053, 5725109.290924618951976 ], [ 368151.310139575158246, 5725106.156585559248924 ], [ 368112.398731381457765, 5725075.52508454862982 ], [ 368105.326103261322714, 5725068.643624321557581 ], [ 368087.346865356550552, 5725051.175157128833234 ], [ 368065.91454087512102, 5725026.040866990573704 ], [ 368058.887645338894799, 5725018.000979558564723 ], [ 368055.634845499822404, 5725014.024305023252964 ], [ 368040.30325813771924, 5724996.720507677644491 ], [ 368017.498200433561578, 5724974.159413297660649 ], [ 368016.235002142027952, 5724945.682960521429777 ], [ 368016.038388108543586, 5724941.337122774682939 ], [ 368011.90279522142373, 5724779.368588930927217 ], [ 368010.298307770688552, 5724751.869181857444346 ], [ 368007.126122689456679, 5724724.499764800071716 ], [ 367991.232575985020958, 5724583.76995406113565 ], [ 367984.60761634336086, 5724523.073971320874989 ], [ 367982.579977216664702, 5724502.42923722229898 ], [ 367971.724894777929876, 5724404.621303247287869 ], [ 367970.74060053692665, 5724395.032602380029857 ], [ 367970.219564077444375, 5724389.927428442984819 ], [ 367964.567343873321079, 5724334.947996850125492 ], [ 367961.577953451953363, 5724305.581951690837741 ], [ 367961.242619934841059, 5724302.285757564008236 ], [ 367953.976870923826937, 5724304.745742488652468 ], [ 367938.895158335566521, 5724306.887047891505063 ], [ 367921.512611604470294, 5724308.6545693827793 ], [ 367911.595176794333383, 5724308.969511345028877 ], [ 367901.658198022749275, 5724308.272352861240506 ], [ 367891.718826857802924, 5724307.219186299480498 ], [ 367881.764807283820119, 5724306.400106304325163 ], [ 367876.08360823901603, 5724306.192599981091917 ], [ 367870.397236627759412, 5724306.052002203650773 ], [ 367864.716036183584947, 5724305.844508646056056 ], [ 367859.043723978858907, 5724305.447616063989699 ], [ 367850.835090186097659, 5724304.671964451670647 ], [ 367842.635923514841124, 5724303.729161105118692 ], [ 367834.504111736430787, 5724302.450774180702865 ], [ 367826.49550500937039, 5724300.590529986657202 ], [ 367798.020272258843761, 5724292.678188042715192 ], [ 367801.810686368029565, 5724272.73808974865824 ], [ 367801.89895122917369, 5724271.878937710076571 ], [ 367802.93818774621468, 5724261.335951172746718 ], [ 367804.427999976440333, 5724250.024482768028975 ], [ 367793.652821133029647, 5724242.695027402602136 ], [ 367783.978915153711569, 5724233.278124169446528 ], [ 367785.425347858341411, 5724215.814098907634616 ], [ 367785.562193537247367, 5724176.874269113875926 ], [ 367785.888129733793903, 5724135.637162431143224 ], [ 367786.063795768597629, 5724095.004893846809864 ], [ 367786.119112665590364, 5724068.552619307301939 ], [ 367778.611318605660927, 5724043.789403989911079 ], [ 367772.213420468848199, 5724023.615194264799356 ], [ 367756.277686919027474, 5723968.037101500667632 ], [ 367714.554860022733919, 5723921.39100669324398 ], [ 367702.403961545496713, 5723905.173220320604742 ], [ 367695.337564277346246, 5723891.737802868708968 ], [ 367681.551827313378453, 5723851.42662007920444 ], [ 367684.399295506183989, 5723839.623322213999927 ], [ 367689.994439291534945, 5723829.650930600240827 ], [ 367696.145740902749822, 5723825.583984622731805 ], [ 367725.398858636268415, 5723811.542566515505314 ], [ 367743.886646462255158, 5723830.777087772265077 ], [ 367776.52460555639118, 5723829.42210035957396 ], [ 367785.700897754170001, 5723829.582567949779332 ], [ 367808.912163787754253, 5723837.810711480677128 ], [ 367817.456738534208853, 5723840.814228157512844 ], [ 367832.932892727665603, 5723838.350722383707762 ], [ 367864.713253456982784, 5723833.057237129658461 ], [ 367878.729988479055464, 5723828.784825189970434 ], [ 367907.439980734954588, 5723817.518377832137048 ], [ 367925.474756251729559, 5723810.448125746101141 ], [ 367955.308977967593819, 5723798.751971111632884 ], [ 367970.921365977090318, 5723792.223689766600728 ], [ 367980.425180866150185, 5723789.816561597399414 ], [ 367989.095316842081957, 5723789.679048038087785 ], [ 368002.35846255463548, 5723790.734635379165411 ], [ 368014.721429281751625, 5723796.020077577792108 ], [ 368022.483381170895882, 5723801.926480296067894 ], [ 368030.29155071801506, 5723793.966459169983864 ], [ 368033.086181813268922, 5723774.542238142341375 ], [ 368041.166051997803152, 5723742.260920634493232 ], [ 368045.130092377075925, 5723738.71890767943114 ], [ 368049.827169183990918, 5723738.329174433834851 ], [ 368067.609317545080557, 5723741.715039200149477 ], [ 368070.729423727258109, 5723744.293110429309309 ], [ 368071.74486836604774, 5723748.717710869386792 ], [ 368095.282031875452958, 5723747.958531673997641 ], [ 368105.344385031668935, 5723747.584575259126723 ], [ 368114.254817129578441, 5723743.390493918210268 ], [ 368120.648956785677001, 5723740.920145481824875 ], [ 368117.611742601031438, 5723735.947407759726048 ], [ 368150.421073943842202, 5723720.446982909925282 ], [ 368179.091189725440927, 5723703.363344728015363 ], [ 367944.647683549090289, 5723338.874042035080492 ], [ 367954.319926630123518, 5723334.136792906560004 ], [ 367972.919669810624328, 5723325.037899369373918 ], [ 368002.477579229045659, 5723307.418268800713122 ], [ 368062.279568435740657, 5723275.633505099453032 ], [ 368096.741212894092314, 5723256.484325750730932 ], [ 368136.712900387006812, 5723229.602473655715585 ], [ 368171.289768176327925, 5723206.355804059654474 ], [ 368175.630634439177811, 5723203.438370908610523 ], [ 368192.739319028332829, 5723189.961497453972697 ], [ 368219.31789136514999, 5723169.538821012713015 ], [ 368257.002911986550316, 5723128.985956086777151 ], [ 368278.370243201148696, 5723101.711239632219076 ], [ 368325.116947873262689, 5723040.091605362482369 ], [ 368347.41937705752207, 5723010.678580906242132 ], [ 368460.590028528822586, 5722860.945809666998684 ], [ 368493.215321525291074, 5722821.082977838814259 ], [ 368494.878564348211512, 5722819.014454578980803 ], [ 368518.065487858722918, 5722786.530265768989921 ], [ 368520.685217318125069, 5722783.435374408960342 ], [ 368529.971294864779338, 5722772.043836261145771 ], [ 368530.907539111794904, 5722770.506112313829362 ], [ 368531.850702984433156, 5722768.96820858027786 ], [ 368533.055679709126707, 5722767.9131148327142 ], [ 368534.509742205496877, 5722766.851542431861162 ], [ 368536.010594354593195, 5722766.790248606353998 ], [ 368537.531381375913043, 5722767.229184289462864 ], [ 368538.796453098126221, 5722767.68589932192117 ], [ 368540.088088985416107, 5722768.631543572060764 ], [ 368541.628809515095782, 5722769.57070954144001 ], [ 368542.913525356096216, 5722770.516534460708499 ], [ 368543.982927970821038, 5722771.968707341700792 ], [ 368545.038781163748354, 5722773.432360556907952 ], [ 368545.852178706147242, 5722774.891192216426134 ], [ 368546.430084437597543, 5722776.879151808097959 ], [ 368546.765534899081104, 5722778.862289655953646 ], [ 368547.09406613430474, 5722780.845607480034232 ], [ 368563.233218944864348, 5722869.236231101676822 ], [ 368588.646340331993997, 5723006.770583595149219 ], [ 368612.972602011344861, 5723123.847155408002436 ], [ 368616.913396543124691, 5723140.681097917258739 ], [ 368621.123451295599807, 5723158.019918190315366 ], [ 368625.818602446932346, 5723174.845382971689105 ], [ 368630.51343695865944, 5723191.659731798805296 ], [ 368635.955145112122409, 5723208.443541713058949 ], [ 368641.645883332472295, 5723225.220883258618414 ], [ 368647.323580418771598, 5723241.49782154429704 ], [ 368653.263022681290749, 5723258.257581756450236 ], [ 368660.660229594330303, 5723279.964679542928934 ], [ 368670.633711078146007, 5723303.574438913725317 ], [ 368713.866697823628783, 5723405.860955446027219 ], [ 368733.832282060408033, 5723453.56980518065393 ], [ 368771.512017452041619, 5723542.569844489917159 ], [ 368781.780039802659303, 5723567.162507608532906 ], [ 368789.883636140904855, 5723587.849925243295729 ], [ 368792.167152889538556, 5723594.74545173253864 ], [ 368793.95315370633034, 5723601.676153289154172 ], [ 368795.739150254812557, 5723608.606855465099216 ], [ 368797.269470194471069, 5723615.555324777029455 ], [ 368801.741206567152403, 5723632.876344531774521 ], [ 368806.206287135486491, 5723650.208668009378016 ], [ 368810.435292968642898, 5723668.047871312126517 ], [ 368814.153490078111645, 5723685.410720210522413 ], [ 368815.152787433355115, 5723691.371486535295844 ], [ 368816.171992817427963, 5723697.832483378238976 ], [ 368817.157450835278723, 5723703.793609337881207 ], [ 368817.907703919161577, 5723709.760842021554708 ], [ 368818.236092753591947, 5723711.744177369400859 ], [ 368818.551778108230792, 5723713.23822302930057 ], [ 368818.880166556045879, 5723715.221558419056237 ], [ 368819.188933843979612, 5723716.715783721767366 ], [ 368819.570976631250232, 5723719.69922061637044 ], [ 368819.939183647104073, 5723722.683016747236252 ], [ 368820.56334583874559, 5723725.660167688503861 ], [ 368820.911642546998337, 5723728.143733558245003 ], [ 368822.950316786416806, 5723741.076850202865899 ], [ 368825.230812830559444, 5723753.992561698891222 ], [ 368827.262263711832929, 5723766.914739581756294 ], [ 368829.037753704353236, 5723779.843563173897564 ], [ 368831.504319109139033, 5723797.26117167621851 ], [ 368833.492713364423253, 5723815.191942037083209 ], [ 368835.211868288170081, 5723832.617827713489532 ], [ 368836.453437898133416, 5723850.579114954918623 ], [ 368837.130587834515609, 5723867.063941007480025 ], [ 368837.235309951764066, 5723876.430760711431503 ], [ 368837.322956605523359, 5723884.073227553628385 ], [ 368837.272927670564968, 5723901.077679617330432 ], [ 368837.203283221577294, 5723917.593021813780069 ], [ 368837.156759660807438, 5723928.599543420597911 ], [ 368836.841590871219523, 5723939.123419892042875 ], [ 368836.539127395488322, 5723950.136586436070502 ], [ 368836.223675600369461, 5723960.649343081749976 ], [ 368835.782434229622595, 5723968.183136773295701 ], [ 368835.340906240453478, 5723975.705810381099582 ], [ 368834.630446372553706, 5723982.734718712046742 ], [ 368833.939898121636361, 5723990.2638577837497 ], [ 368797.849991288094316, 5724371.980655821040273 ], [ 368797.388682174147107, 5724379.003107784315944 ], [ 368796.651539163896814, 5724385.531976135447621 ], [ 368795.16796145203989, 5724392.102487300522625 ], [ 368793.671102002670523, 5724398.161468434147537 ], [ 368792.436248438316397, 5724404.714392928406596 ], [ 368791.769181651121471, 5724406.745838680304587 ], [ 368791.377950736205094, 5724409.270867974497378 ], [ 368790.959600255591795, 5724411.284726031124592 ], [ 368790.55395902384771, 5724413.787874268367887 ], [ 368789.117145995376632, 5724421.358669503591955 ], [ 368787.699963981518522, 5724429.418575779534876 ], [ 368786.283076194289606, 5724437.489602845162153 ], [ 368784.865904939011671, 5724445.5495102442801 ], [ 368784.669731351663359, 5724447.056850013323128 ], [ 368784.238389199133962, 5724448.570298444479704 ], [ 368784.062420054222457, 5724450.588989197276533 ], [ 368783.63107845466584, 5724452.102437695488334 ], [ 368781.978203090257011, 5724460.680344855412841 ], [ 368780.083249852526933, 5724469.264541282318532 ], [ 368778.181387324933894, 5724477.848918300122023 ], [ 368776.286448893137276, 5724486.433116563595831 ], [ 368774.620312581129838, 5724494.499496288597584 ], [ 368772.927638200344518, 5724502.076945931650698 ], [ 368771.26180294493679, 5724510.154447340406477 ], [ 368769.588768342975527, 5724518.221008934080601 ], [ 368768.732480870326981, 5724521.759619393385947 ], [ 368767.876194758573547, 5724525.298230037093163 ], [ 368766.770911785366479, 5724528.843309769406915 ], [ 368765.914339666604064, 5724532.370800588279963 ], [ 368760.793568956665695, 5724547.593053087592125 ], [ 368756.601857944042422, 5724561.277801056392491 ], [ 368776.742083465447649, 5724588.963370589539409 ], [ 368799.013703664881177, 5724619.575884067453444 ], [ 368863.479639350262005, 5724708.971197644248605 ], [ 368916.543075209483504, 5724782.839530325494707 ], [ 368924.488527752226219, 5724793.516251876018941 ], [ 368935.40436947910348, 5724809.579620056785643 ], [ 368937.252815159677994, 5724812.002010937780142 ] ] ] ] } },
{ "type": "Feature", "properties": { "full_id": "r312076", "osm_id": "312076", "osm_type": "relation", "boundary": "administrative", "note:de": null, "name:es": null, "name:de": null, "ref:nuts:2": null, "ref:nuts": null, "population": null, "name:sr": null, "name:ru": null, "name:la": null, "name:ksh": null, "name:ja": null, "name:ar": null, "de:place": null, "ref:nuts:3": null, "license_plate_code": null, "admin_centre:postal_code": null, "wikipedia": null, "wikidata": null, "website": null, "opendata_portal": null, "name:prefix": null, "de:regionalschluessel": null, "de:amtlicher_gemeindeschluessel": null, "admin_title:de": null, "admin_title": null, "TMC:cid_58:tabcd_1:LocationCode": null, "TMC:cid_58:tabcd_1:LCLversion": null, "TMC:cid_58:tabcd_1:Class": null, "type": "boundary", "name": "Drewer-Nord", "admin_level": "10" }, "geometry": { "type": "MultiPolygon", "coordinates": [ [ [ [ 369979.072841909015551, 5725182.410436828620732 ], [ 369975.698471727664582, 5725179.559615408070385 ], [ 369972.330727152642794, 5725176.6974978717044 ], [ 369968.962978782597929, 5725173.835382528603077 ], [ 369965.34626101073809, 5725170.979679708369076 ], [ 369960.458566631597932, 5725167.678216796368361 ], [ 369955.053419034462422, 5725163.900466519407928 ], [ 369949.909829137846828, 5725160.605602545663714 ], [ 369944.524468268384226, 5725157.328097234480083 ], [ 369942.984722652880009, 5725156.388516404666007 ], [ 369941.444976457511075, 5725155.44893603771925 ], [ 369939.925032408500556, 5725155.009590006433427 ], [ 369938.385571584338322, 5725154.08113082498312 ], [ 369933.766326500277501, 5725151.262395245023072 ], [ 369929.147362598916516, 5725148.454784085974097 ], [ 369924.554827059153467, 5725146.136112526059151 ], [ 369919.706690896418877, 5725143.83515603095293 ], [ 369913.587566528760362, 5725141.088453131727874 ], [ 369907.736921990872361, 5725138.824457919225097 ], [ 369901.664313332759775, 5725137.078058735467494 ], [ 369895.342732797376812, 5725135.338080540299416 ], [ 369888.260413563810289, 5725133.617708780802786 ], [ 369881.19220717495773, 5725131.908110786229372 ], [ 369874.136889039073139, 5725130.698934503830969 ], [ 369866.832599406829104, 5725129.496183173730969 ], [ 369860.550616797874682, 5725128.756715587340295 ], [ 369854.288443167111836, 5725128.5174894426018 ], [ 369848.025982042192481, 5725128.267150786705315 ], [ 369841.776703165378422, 5725128.52835201099515 ], [ 369835.770124373026192, 5725128.27143392059952 ], [ 369829.520845499413554, 5725128.532650316134095 ], [ 369823.527163888677023, 5725128.776158633641899 ], [ 369817.533482557861134, 5725129.019674071110785 ], [ 369805.815191125380807, 5725130.011661945842206 ], [ 369782.62073947727913, 5725131.455349240452051 ], [ 369741.604420092422515, 5725137.654047184623778 ], [ 369739.619245304726064, 5725138.228248944506049 ], [ 369737.628366564400494, 5725138.312981610186398 ], [ 369735.643479251943063, 5725138.898305206559598 ], [ 369733.652313946920913, 5725138.971919184550643 ], [ 369729.656725569744594, 5725139.14174679107964 ], [ 369725.385430278955027, 5725138.817944723181427 ], [ 369721.343277364794631, 5725137.987490561790764 ], [ 369717.563635129714385, 5725137.139140016399324 ], [ 369716.797194804530591, 5725136.669294559396803 ], [ 369710.180006290844176, 5725133.935681315138936 ], [ 369699.003171878634021, 5725129.895373593084514 ], [ 369664.076277587213553, 5725113.815798887982965 ], [ 369655.39510225050617, 5725109.677796440199018 ], [ 369623.540373921045102, 5725095.466545382514596 ], [ 369605.136607154738158, 5725085.726468657143414 ], [ 369543.246477050299291, 5725052.751066910102963 ], [ 369530.967587674385868, 5725046.24698512814939 ], [ 369507.707810867927037, 5725034.195733601227403 ], [ 369470.61635190830566, 5725014.211916667409241 ], [ 369467.045844132895581, 5725012.356851572170854 ], [ 369359.13063535944093, 5724955.257859594188631 ], [ 369339.205474046757445, 5724945.068444447591901 ], [ 369319.253450931457337, 5724934.379053405486047 ], [ 369297.761687633406837, 5724922.761473304592073 ], [ 369254.037548398366198, 5724899.534619422629476 ], [ 369238.475941110518761, 5724892.170342473313212 ], [ 369225.718453188717831, 5724886.191235785372555 ], [ 369212.967850364162587, 5724880.211981785483658 ], [ 369200.210300392995123, 5724874.232938640750945 ], [ 369187.230530859786086, 5724868.760428530164063 ], [ 369176.039697333064396, 5724864.220852192491293 ], [ 369164.593233265331946, 5724859.699049306102097 ], [ 369152.90439417574089, 5724855.172422771342099 ], [ 369141.248379102733452, 5724851.64646577835083 ], [ 369097.031277033674996, 5724840.963492238894105 ], [ 369090.708726202778053, 5724839.213391051627696 ], [ 369067.99477544054389, 5724834.149268285371363 ], [ 369033.448282629309688, 5724827.567097704857588 ], [ 368971.666635753819719, 5724815.593618061393499 ], [ 368962.094821728533134, 5724813.983605275861919 ], [ 368952.274305305210873, 5724812.391190758906305 ], [ 368937.252815159677994, 5724812.002010937780142 ], [ 368988.335876942961477, 5724886.445411529392004 ], [ 369082.470997732947581, 5725016.157285410910845 ], [ 369094.644012500531971, 5725032.166119229979813 ], [ 369110.748654237599112, 5725053.013791611418128 ], [ 369151.198578987503424, 5725105.879417393356562 ], [ 369157.046144345717039, 5725114.151597462594509 ], [ 369164.721752887766343, 5725124.334903387352824 ], [ 369158.906985382316634, 5725129.081289143301547 ], [ 369157.446596227295231, 5725130.142873445525765 ], [ 369155.986207682755776, 5725131.204458181746304 ], [ 369154.788331371732056, 5725132.248114482499659 ], [ 369153.327943990589119, 5725133.309700010344386 ], [ 369150.66305484669283, 5725135.426242705434561 ], [ 369147.977998694754206, 5725137.031434594653547 ], [ 369145.293232346419245, 5725138.647748188115656 ], [ 369142.601263786433265, 5725140.253122180700302 ], [ 369138.947715955262538, 5725142.406415862031281 ], [ 369135.280339654069394, 5725144.560070645995438 ], [ 369131.619882189086638, 5725146.713548941537738 ], [ 369127.952512031537481, 5725148.867209157906473 ], [ 369125.516437291284092, 5725150.465961647219956 ], [ 369123.080364075896796, 5725152.064715338870883 ], [ 369120.631324264395516, 5725153.163059056736529 ], [ 369118.18862628453644, 5725154.773114629089832 ], [ 369108.842868173087481, 5725158.654086287133396 ], [ 369087.211066535906866, 5725168.050180301070213 ], [ 369065.586258272174746, 5725177.446189064532518 ], [ 369054.767251704237424, 5725181.888462998904288 ], [ 369039.527722362370696, 5725188.526273235678673 ], [ 369025.605703951790929, 5725196.598822385072708 ], [ 369014.67735615640413, 5725204.56038293428719 ], [ 369000.200571645458695, 5725217.654872437007725 ], [ 368992.003402036090847, 5725224.989255054853857 ], [ 368959.954664556542411, 5725254.830733070150018 ], [ 368959.227966429956723, 5725255.36146492138505 ], [ 368934.331171405210625, 5725270.384576562792063 ], [ 368913.406939502572641, 5725278.75046197604388 ], [ 368747.308098674751818, 5725345.624857629649341 ], [ 368735.991797163616866, 5725350.080766702070832 ], [ 368642.468713388894685, 5725387.44260701071471 ], [ 368628.023670248745475, 5725395.051413996145129 ], [ 368613.827046230435371, 5725402.631545428186655 ], [ 368593.508070340496488, 5725413.475675189867616 ], [ 368567.806994347483851, 5725427.041608908213675 ], [ 368562.463587768434081, 5725418.75695822108537 ], [ 368539.101754386094399, 5725434.72139634937048 ], [ 368517.180577562074177, 5725449.135060833767056 ], [ 368511.610810938524082, 5725453.686683561652899 ], [ 368560.436753667192534, 5725533.90428626537323 ], [ 368565.222627575218212, 5725540.712321078404784 ], [ 368615.057747329177801, 5725621.215702245011926 ], [ 368621.028611912857741, 5725633.946310303173959 ], [ 368627.94472811371088, 5725648.699842125177383 ], [ 368638.647972926206421, 5725671.778582778759301 ], [ 368654.507826697721612, 5725698.640183066017926 ], [ 368679.338227030995768, 5725742.638968588784337 ], [ 368704.058228885289282, 5725778.150245384313166 ], [ 368704.871445179916918, 5725779.62022050190717 ], [ 368705.179873060551472, 5725781.103321433067322 ], [ 368705.017558761755936, 5725783.110540112480521 ], [ 368704.323904436372686, 5725784.641953254118562 ], [ 368703.139582050498575, 5725786.197253039106727 ], [ 368701.410618712776341, 5725786.765216433443129 ], [ 368699.6816557427519, 5725787.333180425688624 ], [ 368697.684118540375493, 5725787.418507221154869 ], [ 368556.835782190319151, 5725762.684991481713951 ], [ 368525.583199170650914, 5725756.966635469347239 ], [ 368507.935779386083595, 5725753.687230250798166 ], [ 368459.808975519030355, 5725745.159415031783283 ], [ 368459.820815210288856, 5725745.348279017023742 ], [ 368439.254821584443562, 5725741.599879981018603 ], [ 368401.87048126605805, 5725734.795729594305158 ], [ 368381.859828074346296, 5725732.446317289024591 ], [ 368368.917140051838942, 5725731.804452245123684 ], [ 368355.919342724373564, 5725732.499392800033092 ], [ 368342.931449470517691, 5725733.839521077461541 ], [ 368329.951056633843109, 5725735.20174302905798 ], [ 368326.754642954561859, 5725735.485395218245685 ], [ 368314.582973554497585, 5725736.548372919671237 ], [ 368196.043021684512496, 5725746.929932871833444 ], [ 368104.435381033224985, 5725754.952671863138676 ], [ 368051.1996159091359, 5725759.615113381296396 ], [ 368032.186366810812615, 5725761.2804203517735 ], [ 368032.315018052351661, 5725768.320974033325911 ], [ 368034.829118750523776, 5725895.490881639532745 ], [ 368037.997644587187096, 5726055.637737803161144 ], [ 368041.605276547721587, 5726237.873040948063135 ], [ 367944.407616842014249, 5726245.043680496513844 ], [ 367944.718165096710436, 5726251.890311311930418 ], [ 367865.968215386965312, 5726273.124078779481351 ], [ 367871.583619922341313, 5726307.384438242763281 ], [ 367875.914306132704951, 5726333.799903900362551 ], [ 367827.164295667898841, 5726347.828516683541238 ], [ 367870.174769559933338, 5726531.914705728180707 ], [ 367947.921635955688544, 5726538.348647953942418 ], [ 367984.510310017969459, 5726541.375437145121396 ], [ 368049.388048669788986, 5726546.745383537374437 ], [ 368056.522475571196992, 5726547.326724978163838 ], [ 368494.276839684695005, 5726583.542122161015868 ], [ 368494.288967965112533, 5726583.742106651887298 ], [ 368687.831520160078071, 5726594.29388542752713 ], [ 368701.381531699676998, 5726595.232254471629858 ], [ 368724.810998571920209, 5726514.224694048985839 ], [ 368729.613893424044363, 5726485.011784213595092 ], [ 368755.085652752313763, 5726489.969021117314696 ], [ 368795.687028554035351, 5726497.804700844921172 ], [ 368834.761695408029482, 5726505.201875391416252 ], [ 368841.082305440213531, 5726506.951628251001239 ], [ 368847.16063526191283, 5726508.696555595844984 ], [ 368853.252249823068269, 5726510.953022269532084 ], [ 368859.114872034522705, 5726513.716194367967546 ], [ 368863.988800984574482, 5726516.505056333728135 ], [ 368868.876012123073451, 5726519.805455023422837 ], [ 368873.285618327034172, 5726523.63014136813581 ], [ 368877.197418716968969, 5726527.467761593870819 ], [ 368880.107279458781704, 5726531.35366450343281 ], [ 368882.775150527188089, 5726535.24585425760597 ], [ 368884.951303045381792, 5726539.651566184125841 ], [ 368887.141568527673371, 5726544.068040135316551 ], [ 368906.090203589294106, 5726585.316169507801533 ], [ 368907.480386782204732, 5726588.763057724572718 ], [ 368909.355077098822221, 5726591.685487024486065 ], [ 368911.471747801057063, 5726594.601633099839091 ], [ 368913.602243700821418, 5726597.517420960590243 ], [ 368917.487425740109757, 5726600.86613879725337 ], [ 368921.352406182792038, 5726603.70350687392056 ], [ 368925.722087343165185, 5726606.527772825211287 ], [ 368930.091763570264447, 5726609.352042490616441 ], [ 368933.916917377267964, 5726611.188955133780837 ], [ 368937.998166127596051, 5726613.030349249951541 ], [ 368942.301198897766881, 5726614.354111448861659 ], [ 368946.591237785993144, 5726615.177465305663645 ], [ 369138.11652674654033, 5726631.306999742053449 ], [ 369142.635520881856792, 5726631.623834220692515 ], [ 369158.673374043544754, 5726632.465546634048223 ], [ 369234.931499308615457, 5726643.831686043180525 ], [ 369671.729032882140018, 5726681.419437849894166 ], [ 369684.283239884825889, 5726682.39726235717535 ], [ 369695.828622573695611, 5726683.423414709046483 ], [ 369709.149320891243406, 5726684.882260731421411 ], [ 369700.575506162829697, 5726713.746250580996275 ], [ 369726.960641116194893, 5726716.659481673501432 ], [ 369867.122399914718699, 5726742.921965318731964 ], [ 369964.959462655649986, 5726767.919367632828653 ], [ 370028.205678420839831, 5726791.327712015248835 ], [ 370098.484422823879868, 5726815.44604909978807 ], [ 370119.586532723391429, 5726823.593727730214596 ], [ 370201.148593536228873, 5726872.771923662163317 ], [ 370274.997643751266878, 5726928.759421650320292 ], [ 370303.738314758695196, 5726952.601798671297729 ], [ 370316.968975341354962, 5726964.057146200910211 ], [ 370356.078011617530137, 5726996.47989185526967 ], [ 370451.371174327505287, 5727087.616505303420126 ], [ 370442.014839188137557, 5727042.467055339366198 ], [ 370350.676488763478119, 5726907.653166357427835 ], [ 370350.115413927705958, 5726894.158626136370003 ], [ 370349.531957592116669, 5726892.181765695102513 ], [ 370348.497472965565976, 5726891.229105522856116 ], [ 370347.436307411524467, 5726889.776387196034193 ], [ 370346.623736247071065, 5726888.306155881844461 ], [ 370346.0600453306688, 5726886.829531765542924 ], [ 370346.02051068644505, 5726885.829059891402721 ], [ 370345.961208715918474, 5726884.328352082520723 ], [ 370346.150787634949666, 5726882.821251357905567 ], [ 370353.511327147076372, 5726861.000063476152718 ], [ 370344.52361561282305, 5726849.368859658949077 ], [ 370237.269855212187394, 5726704.683690989390016 ], [ 370150.44142040295992, 5726576.1888721389696 ], [ 369891.286547773168422, 5726174.598670473322272 ], [ 369883.259011270652991, 5726161.91971599496901 ], [ 369808.370021749462467, 5726043.927418122068048 ], [ 369765.307894364988897, 5725976.157708816230297 ], [ 369754.93452840205282, 5725961.08022920973599 ], [ 369747.463378463755362, 5725949.878222511149943 ], [ 369739.770008134422824, 5725939.182704089209437 ], [ 369690.925465012784116, 5725876.65922169201076 ], [ 369662.98866200784687, 5725835.785024675540626 ], [ 369654.482023285061587, 5725823.619507359340787 ], [ 369663.535704326059204, 5725812.747734693810344 ], [ 369670.684761130367406, 5725803.95037829875946 ], [ 369680.425254689878784, 5725791.5364198544994 ], [ 369722.847370363073424, 5725740.267030330374837 ], [ 369739.189136562985368, 5725724.08864754345268 ], [ 369849.397983370290603, 5725642.518575807102025 ], [ 369861.949731737957336, 5725631.490266770124435 ], [ 369919.891888368350919, 5725562.06299234367907 ], [ 369927.296681378269568, 5725553.760192551650107 ], [ 369943.252145282574929, 5725534.087268399074674 ], [ 369967.575776248355396, 5725505.085369271226227 ], [ 370042.641203695966396, 5725414.432323404587805 ], [ 370050.721030696178786, 5725404.109377844259143 ], [ 370050.824522375245579, 5725400.601509432308376 ], [ 370122.580227194470353, 5725314.597288073971868 ], [ 370077.056035369285382, 5725271.947669483721256 ], [ 370027.618973108706996, 5725225.448821857571602 ], [ 370015.594912315602414, 5725212.939251250587404 ], [ 370014.559753560577519, 5725211.975534996017814 ], [ 370013.746846785885282, 5725210.505354881286621 ], [ 370012.960650863999035, 5725209.535230973735452 ], [ 370011.918861497426406, 5725208.582813515327871 ], [ 370005.693970426975284, 5725203.335008419118822 ], [ 369999.233933592913672, 5725198.093263466842473 ], [ 369992.511373791028745, 5725192.869411930441856 ], [ 369986.04439427354373, 5725187.627861518412828 ], [ 369984.236188783426769, 5725186.2055639391765 ], [ 369982.440578896959778, 5725185.272558761760592 ], [ 369980.888252195902169, 5725183.843674820847809 ], [ 369979.072841909015551, 5725182.410436828620732 ] ] ] ] } },
{ "type": "Feature", "properties": { "full_id": "r2999083", "osm_id": "2999083", "osm_type": "relation", "boundary": "administrative", "note:de": null, "name:es": null, "name:de": null, "ref:nuts:2": null, "ref:nuts": null, "population": null, "name:sr": null, "name:ru": null, "name:la": null, "name:ksh": null, "name:ja": null, "name:ar": null, "de:place": null, "ref:nuts:3": null, "license_plate_code": null, "admin_centre:postal_code": null, "wikipedia": null, "wikidata": "Q16830359", "website": null, "opendata_portal": null, "name:prefix": null, "de:regionalschluessel": null, "de:amtlicher_gemeindeschluessel": null, "admin_title:de": null, "admin_title": null, "TMC:cid_58:tabcd_1:LocationCode": null, "TMC:cid_58:tabcd_1:LCLversion": null, "TMC:cid_58:tabcd_1:Class": null, "type": "boundary", "name": "Altendorf-Ulfkotte", "admin_level": "10" }, "geometry": { "type": "MultiPolygon", "coordinates": [ [ [ [ 363899.258871791011188, 5724491.169405716471374 ], [ 363887.569063692470081, 5724493.008937684819102 ], [ 363847.715929565252736, 5724499.268682057969272 ], [ 363844.51611648069229, 5724496.628518484532833 ], [ 363827.188346154405735, 5724501.157388356514275 ], [ 363808.352172062441241, 5724505.448781497776508 ], [ 363800.390896017896011, 5724506.687225490808487 ], [ 363735.662414235062897, 5724516.33390886336565 ], [ 363690.988271987414919, 5724523.73762299772352 ], [ 363676.944474155083299, 5724526.06404185295105 ], [ 363642.529879106674343, 5724531.466452131047845 ], [ 363627.745128900976852, 5724533.779626112431288 ], [ 363603.779741621983703, 5724537.542575824074447 ], [ 363524.91530751157552, 5724549.92176179587841 ], [ 363145.126587526057847, 5724609.528552278876305 ], [ 362608.543526036315598, 5724703.829170092940331 ], [ 362607.026349032472353, 5724699.708444325253367 ], [ 362606.73236665665172, 5724698.570223349146545 ], [ 362606.568890766240656, 5724697.395067585632205 ], [ 362606.509162748698145, 5724696.217089844867587 ], [ 362606.449132252135314, 5724695.027992010116577 ], [ 362606.457621831155848, 5724693.558822302147746 ], [ 362606.563547866418958, 5724692.109258940443397 ], [ 362606.599703689455055, 5724690.63933671079576 ], [ 362606.415740220458247, 5724689.219915095716715 ], [ 362606.121192614547908, 5724688.315404321998358 ], [ 362605.72380421863636, 5724687.447075850330293 ], [ 362605.244627084000967, 5724686.625485398806632 ], [ 362604.683661181363277, 5724685.85063299164176 ], [ 362603.733513397048227, 5724684.763645290397108 ], [ 362602.654370666015893, 5724683.769193138927221 ], [ 362601.53524063405348, 5724682.831470528617501 ], [ 362600.442868934071157, 5724681.859635311178863 ], [ 362599.406736670644023, 5724680.919655479490757 ], [ 362598.343542795628309, 5724680.002668620087206 ], [ 362597.335075977025554, 5724679.061936630867422 ], [ 362596.441165287396871, 5724678.006805398501456 ], [ 362595.724664729612414, 5724676.857821738347411 ], [ 362595.137763480539434, 5724675.638542795553803 ], [ 362594.584537275717594, 5724674.384962890297174 ], [ 362593.990718941553496, 5724673.165872224606574 ], [ 362593.192951675853692, 5724671.573966545984149 ], [ 362592.415631134004798, 5724669.970376441255212 ], [ 362591.549907262960915, 5724668.424832904711366 ], [ 362590.52090775850229, 5724666.983886055648327 ], [ 362589.812269557965919, 5724666.124025699682534 ], [ 362589.028456355677918, 5724665.299595437012613 ], [ 362588.157752540311776, 5724664.588812286965549 ], [ 362587.175516937917564, 5724664.103629884310067 ], [ 362585.763284748420119, 5724663.841583546251059 ], [ 362584.297878727316856, 5724663.914833932183683 ], [ 362582.823479900020175, 5724664.166382607072592 ], [ 362581.392698298674077, 5724664.494643388316035 ], [ 362579.868110118783079, 5724664.936739888973534 ], [ 362578.381735401810147, 5724665.5113371508196 ], [ 362576.918228450464085, 5724666.163211012259126 ], [ 362575.483295750455, 5724666.847692894749343 ], [ 362573.297222189372405, 5724667.908717670477927 ], [ 362571.134924679354299, 5724669.080379822291434 ], [ 362568.979242163477466, 5724670.240734643302858 ], [ 362566.79377647000365, 5724671.324002474546432 ], [ 362562.123922869795933, 5724673.443032814189792 ], [ 362557.417069648625329, 5724675.474047773517668 ], [ 362552.657870544702746, 5724677.361823387444019 ], [ 362547.809624239278492, 5724679.029460188001394 ], [ 362543.016064700903371, 5724680.417405347339809 ], [ 362538.161425442900509, 5724681.595579098910093 ], [ 362533.260446875821799, 5724682.59696542751044 ], [ 362528.334786068822723, 5724683.454360026866198 ], [ 362523.41241144615924, 5724684.178130073472857 ], [ 362518.458134554093704, 5724684.746976626105607 ], [ 362513.505932321422733, 5724685.137718279846013 ], [ 362508.526624612393789, 5724685.295507615432143 ], [ 362503.500066490960307, 5724685.243149710819125 ], [ 362498.481589696079027, 5724684.979138451628387 ], [ 362493.477807431714609, 5724684.492165425792336 ], [ 362488.50134122709278, 5724683.737373616546392 ], [ 362483.644527384953108, 5724682.801275776699185 ], [ 362478.802406198112294, 5724681.642215781845152 ], [ 362474.06999223557068, 5724680.190836632624269 ], [ 362469.485756434849463, 5724678.334807155653834 ], [ 362464.959177074662875, 5724676.054334985092282 ], [ 362460.59612111991737, 5724673.424435625784099 ], [ 362456.49341992335394, 5724670.442471931688488 ], [ 362452.793898726580665, 5724667.01552733592689 ], [ 362450.393876767659094, 5724664.031716994941235 ], [ 362448.394359923026059, 5724660.758792898617685 ], [ 362446.612234697502572, 5724657.335281144827604 ], [ 362437.650967964204028, 5724657.167570888064802 ], [ 362442.829226585279685, 5724649.826516201719642 ], [ 362440.902911409386434, 5724645.683590769767761 ], [ 362439.12785015249392, 5724641.503161839209497 ], [ 362437.530195432715118, 5724637.228875352069736 ], [ 362435.559002648165915, 5724631.184227750636637 ], [ 362433.827767782844603, 5724625.055147397331893 ], [ 362432.344013986352365, 5724618.863685872405767 ], [ 362431.108044987078756, 5724612.620963067747653 ], [ 362429.523181907832623, 5724602.971342239528894 ], [ 362428.282633505063131, 5724593.256702776066959 ], [ 362427.484446788090281, 5724583.518887574784458 ], [ 362427.273875029466581, 5724573.753940597176552 ], [ 362427.502974736155011, 5724567.170852730982006 ], [ 362428.071903412987012, 5724560.61189491301775 ], [ 362429.029382300854195, 5724554.086868763901293 ], [ 362430.453616868820973, 5724547.671543095260859 ], [ 362431.959839472838212, 5724542.233278984203935 ], [ 362433.779742191312835, 5724536.8754997048527 ], [ 362436.048075430677272, 5724531.716947737149894 ], [ 362438.942301683477126, 5724526.919716106727719 ], [ 362458.834370820201002, 5724498.902194544672966 ], [ 362406.609832912334241, 5724539.106693067587912 ], [ 362393.648655190365389, 5724548.128731825388968 ], [ 362380.768463339074515, 5724560.375819189473987 ], [ 362377.078644235210959, 5724566.964169913902879 ], [ 362378.003195528173819, 5724576.509356678463519 ], [ 362350.696840214543045, 5724583.885874576866627 ], [ 362302.494256237056106, 5724596.873266962356865 ], [ 362295.045693811611272, 5724598.879110935144126 ], [ 362276.469309265143238, 5724533.950839450582862 ], [ 362349.78694758831989, 5724507.058310923166573 ], [ 362404.468959846533835, 5724483.634590528905392 ], [ 362437.78498012421187, 5724467.136423144489527 ], [ 362484.030771342571825, 5724444.254933006130159 ], [ 362473.572864393470809, 5724394.97404421120882 ], [ 362415.987050036492292, 5724402.050618248991668 ], [ 362400.781802677607629, 5724403.922576039098203 ], [ 362328.712563631648663, 5724406.331284423358738 ], [ 362328.656496981624514, 5724385.478293459862471 ], [ 362324.058761047199368, 5724352.151790538802743 ], [ 362397.896606305730529, 5724320.616530016995966 ], [ 362402.189881597878411, 5724318.385206080041826 ], [ 362406.336641911300831, 5724315.857411465607584 ], [ 362410.288165532285348, 5724313.023344478569925 ], [ 362414.017996084527113, 5724309.928238566964865 ], [ 362420.072948243352585, 5724304.00998608674854 ], [ 362425.665888647781685, 5724297.648061648011208 ], [ 362430.840439465129748, 5724290.919174152426422 ], [ 362435.641433768789284, 5724283.944513130933046 ], [ 362437.578864048002288, 5724280.864849746227264 ], [ 362439.361698083695956, 5724277.700370186008513 ], [ 362440.899407674907707, 5724274.431282651610672 ], [ 362442.087024582084268, 5724271.015931772999465 ], [ 362444.164008180028759, 5724261.366755924187601 ], [ 362445.210905672400258, 5724251.511933985166252 ], [ 362445.556148162926547, 5724241.564934089779854 ], [ 362445.52125191752566, 5724231.639413252472878 ], [ 362445.192135077086277, 5724226.162107524462044 ], [ 362444.5036271805875, 5724220.705715753138065 ], [ 362443.704443160095252, 5724215.25233759637922 ], [ 362443.036381823767442, 5724209.784260937944055 ], [ 362442.51968327711802, 5724204.790581178851426 ], [ 362441.995764065533876, 5724199.785969749093056 ], [ 362441.623720208415762, 5724194.766094683669508 ], [ 362441.535282239201479, 5724189.738497463986278 ], [ 362441.933404115494341, 5724186.055308249779046 ], [ 362442.636490715667605, 5724182.386072095483541 ], [ 362443.256571628211532, 5724178.719096198678017 ], [ 362443.377703567966819, 5724175.03232085518539 ], [ 362442.801707400940359, 5724171.420168671756983 ], [ 362441.77068559860345, 5724167.876047764904797 ], [ 362440.581473871890921, 5724164.369619295932353 ], [ 362439.461433316348121, 5724160.861307612620294 ], [ 362438.024429661571048, 5724155.881558833643794 ], [ 362436.553442698495928, 5724150.924992382526398 ], [ 362435.150717663695104, 5724145.933182548731565 ], [ 362433.920014136936516, 5724140.903303945437074 ], [ 362433.268080442445353, 5724136.536493913270533 ], [ 362432.891021309769712, 5724132.095429185777903 ], [ 362432.335928489686921, 5724127.725982300937176 ], [ 362431.15529551950749, 5724123.518237210810184 ], [ 362428.722322592977434, 5724119.33346570469439 ], [ 362425.572716323542409, 5724115.524316446855664 ], [ 362422.409876402467489, 5724111.737786001525819 ], [ 362419.928469720878638, 5724107.554337174631655 ], [ 362418.096047314873431, 5724101.528169689700007 ], [ 362417.101179028162733, 5724095.245498956181109 ], [ 362416.35351697326405, 5724088.889326299540699 ], [ 362415.248270007316023, 5724082.620790098793805 ], [ 362405.481710958760232, 5724042.246105350553989 ], [ 362403.974980376311578, 5724025.049356203526258 ], [ 362402.691660670563579, 5724009.193051025271416 ], [ 362402.240340373828076, 5724000.247036693617702 ], [ 362402.266024178883526, 5723991.276903097517788 ], [ 362402.693227707932238, 5723982.306962793692946 ], [ 362403.411878411716316, 5723973.36247037537396 ], [ 362407.692307786724996, 5723927.942471705377102 ], [ 362409.679376823361963, 5723927.443225150927901 ], [ 362409.616399969556369, 5723928.435361373238266 ], [ 362466.130447083385661, 5723896.2826381130144 ], [ 362446.804112174082547, 5723851.093607462011278 ], [ 362414.843729722371791, 5723848.380495428107679 ], [ 362413.236631785519421, 5723846.309876394458115 ], [ 362411.499796286574565, 5723801.087143179029226 ], [ 362376.045287129352801, 5723799.982864518649876 ], [ 362339.079396917833947, 5723799.053551577962935 ], [ 362280.81717593484791, 5723799.595203347504139 ], [ 362229.552492209768388, 5723814.046329842880368 ], [ 362181.345111729810014, 5723820.524595437571406 ], [ 362146.40277105581481, 5723820.431767558678985 ], [ 362137.295259484788403, 5723812.423025317490101 ], [ 362113.531809040578082, 5723761.792022591456771 ], [ 362092.464989401516505, 5723734.390288976952434 ], [ 362082.510354434838519, 5723726.805377858690917 ], [ 362072.56679339427501, 5723719.120027605444193 ], [ 362066.626187168410979, 5723717.067651459947228 ], [ 362056.499299331335351, 5723716.10886388272047 ], [ 361955.576011576282326, 5723732.864627479575574 ], [ 361942.922706204117276, 5723736.738034022040665 ], [ 361887.421552863379475, 5723753.734381834976375 ], [ 361846.331772576784715, 5723770.381802912801504 ], [ 361841.440512464032508, 5723761.134320935234427 ], [ 361891.459108596784063, 5723717.568085347302258 ], [ 361908.44911309692543, 5723689.227148606441915 ], [ 361883.230309574631974, 5723656.375513133592904 ], [ 361881.026550246635452, 5723653.508989594876766 ], [ 361875.778615002171136, 5723646.663824273273349 ], [ 361846.251137033395935, 5723667.925024488009512 ], [ 361799.24807822535513, 5723701.772038547322154 ], [ 361781.887190200854093, 5723679.834346365183592 ], [ 361778.347726891108323, 5723681.28883121907711 ], [ 361667.581951529835351, 5723726.452188478782773 ], [ 361627.574264064314775, 5723755.802672442048788 ], [ 361616.745061841385905, 5723753.216994617134333 ], [ 361607.489369324408472, 5723746.659915070049465 ], [ 361521.712842038308736, 5723784.298231141641736 ], [ 361513.517359647783451, 5723787.883632143959403 ], [ 361480.356184609583579, 5723795.458566041663289 ], [ 361477.093293029232882, 5723800.177441451698542 ], [ 361402.489272450329736, 5723824.335514145903289 ], [ 361355.168635167530738, 5723839.64447867218405 ], [ 361326.620372079429217, 5723826.851250175386667 ], [ 361298.001561106764711, 5723814.015599519014359 ], [ 361243.770620972150937, 5723789.697763357311487 ], [ 361107.81606941181235, 5723728.743496354669333 ], [ 361098.822726864367723, 5723724.706263148225844 ], [ 360825.192349309218116, 5723602.032635270617902 ], [ 360677.855204293504357, 5723536.929357385262847 ], [ 360669.94941492320504, 5723533.441553053446114 ], [ 360441.076512933243066, 5723427.22601602692157 ], [ 360434.750196353299543, 5723424.284754874184728 ], [ 360408.372218208154663, 5723412.037507046945393 ], [ 360357.888763455208391, 5723388.615718056447804 ], [ 360344.196172561845742, 5723382.439416609704494 ], [ 360286.130766175570898, 5723356.267672787420452 ], [ 360261.854794643819332, 5723344.196742201223969 ], [ 360247.224121983163059, 5723337.156350944191217 ], [ 360180.680973427777644, 5723291.645141322165728 ], [ 360177.907507761847228, 5723287.748991656117141 ], [ 360173.253229462890886, 5723281.189521554857492 ], [ 360171.509409428923391, 5723278.722723462618887 ], [ 360169.778501745313406, 5723276.222183018922806 ], [ 360168.075266551226377, 5723273.720877395011485 ], [ 360166.385559115908109, 5723271.208069424144924 ], [ 360162.543967113830149, 5723265.494146319106221 ], [ 360158.729425566329155, 5723259.75722018815577 ], [ 360154.989441288169473, 5723253.96259072329849 ], [ 360151.406421806430444, 5723248.085720203816891 ], [ 360145.847213498607744, 5723238.602253048680723 ], [ 360140.120856151683256, 5723228.834075197577477 ], [ 360122.627500099129975, 5723191.681527152657509 ], [ 360109.217877590213902, 5723163.24091815110296 ], [ 360073.811693900031969, 5723088.079642960801721 ], [ 360069.273394498275593, 5723078.467825338244438 ], [ 360078.775550294434652, 5723074.298620372079313 ], [ 360075.51482577866409, 5723070.816637228243053 ], [ 360074.16899275383912, 5723069.473960291594267 ], [ 360072.776574600371532, 5723068.199344740249217 ], [ 360071.410907371377107, 5723066.890603253617883 ], [ 360070.18745580513496, 5723065.466639068908989 ], [ 360066.979409294435754, 5723060.636649057269096 ], [ 360064.193242948502302, 5723055.539023005403578 ], [ 360061.624471471994184, 5723050.290707722306252 ], [ 360059.097208106890321, 5723045.041244205087423 ], [ 360054.457672599703074, 5723035.276441248133779 ], [ 360050.023531177663244, 5723025.428054460324347 ], [ 360049.320356234558858, 5723023.789373790845275 ], [ 360045.760498364747036, 5723015.50816133338958 ], [ 360041.613223802298307, 5723005.51829428691417 ], [ 360041.397486222384032, 5723004.978970156051219 ], [ 360037.26401352440007, 5722994.487939494661987 ], [ 360033.147873928304762, 5722983.3732332540676 ], [ 360029.017264052061364, 5722972.236673440784216 ], [ 360024.681840484612621, 5722961.205945774912834 ], [ 360018.05109426821582, 5722945.553677911870182 ], [ 360011.180300936917774, 5722929.985966016538441 ], [ 360004.179854977875948, 5722914.488624555058777 ], [ 359997.13847095402889, 5722899.014682381413877 ], [ 359988.851587368175387, 5722879.824932063929737 ], [ 359985.390568302827887, 5722871.618916966952384 ], [ 359980.72101248044055, 5722860.530705920420587 ], [ 359971.98981512413593, 5722841.553601781837642 ], [ 359961.914893460343592, 5722823.314839250408113 ], [ 359954.893681607907638, 5722812.825976676307619 ], [ 359947.212681822711602, 5722802.767161501571536 ], [ 359938.996745512355119, 5722793.146065360866487 ], [ 359930.328593813348562, 5722783.949269800446928 ], [ 359921.845301811175887, 5722775.926990689709783 ], [ 359912.905344621627592, 5722768.418166460469365 ], [ 359903.703216177294962, 5722761.194837546907365 ], [ 359894.461087185598444, 5722754.028275834396482 ], [ 359861.59473799704574, 5722728.219772311858833 ], [ 359877.635976843128446, 5722689.392662201076746 ], [ 359748.988302192650735, 5722606.99258750025183 ], [ 359714.926019688951783, 5722673.88572237547487 ], [ 359711.079377868853044, 5722670.019587104208767 ], [ 359710.510583812836558, 5722666.741318177431822 ], [ 359710.245674681267701, 5722663.933143245987594 ], [ 359710.291520356258843, 5722661.094086068682373 ], [ 359710.503431501972955, 5722658.250419707037508 ], [ 359710.702121495967731, 5722655.429377469234169 ], [ 359711.341263570764568, 5722651.761467919684947 ], [ 359712.331753068545368, 5722648.028164070099592 ], [ 359712.8277505307924, 5722644.442127774469554 ], [ 359711.967414791230112, 5722641.138564713299274 ], [ 359709.972881615976803, 5722639.135138196870685 ], [ 359707.265567882219329, 5722637.897110124118626 ], [ 359704.231547361356206, 5722637.113294325768948 ], [ 359701.241511592990719, 5722636.417287967167795 ], [ 359694.781090714212041, 5722635.183285438455641 ], [ 359688.21432920609368, 5722634.608828560449183 ], [ 359681.604995180969127, 5722634.247004804201424 ], [ 359675.030693347973283, 5722633.650517086498439 ], [ 359669.369008555309847, 5722633.251271990127861 ], [ 359663.628611858119257, 5722633.010018571279943 ], [ 359658.067755605559796, 5722632.251872297376394 ], [ 359652.944380740751512, 5722630.290827470831573 ], [ 359641.01462155173067, 5722623.366258504800498 ], [ 359632.000386734376661, 5722616.449778570793569 ], [ 359605.426224741968326, 5722607.33903465885669 ], [ 359600.005950241815299, 5722603.416529845446348 ], [ 359583.970577994710766, 5722593.534643505699933 ], [ 359562.382747413299512, 5722584.697357856668532 ], [ 359545.179733585391659, 5722571.676384571939707 ], [ 359520.5191977993818, 5722536.004608431831002 ], [ 359481.059579478402156, 5722523.246324449777603 ], [ 359479.16270935483044, 5722521.27365386299789 ], [ 359476.425260428106412, 5722517.710707022808492 ], [ 359475.278056722483598, 5722516.051054457202554 ], [ 359474.266770945221651, 5722514.298594797030091 ], [ 359473.357732665608637, 5722512.487649799324572 ], [ 359472.523881882312708, 5722510.641228885389864 ], [ 359471.613033300382085, 5722508.017947553656995 ], [ 359470.928057549754158, 5722505.299358083866537 ], [ 359470.133604070695583, 5722502.628326677717268 ], [ 359468.936148479231633, 5722500.157685484737158 ], [ 359467.517337022291031, 5722498.193985118530691 ], [ 359465.860357057652436, 5722496.381578370928764 ], [ 359463.961998815415427, 5722494.854097769595683 ], [ 359461.84673125523841, 5722493.744406342506409 ], [ 359460.642953259637579, 5722493.288217231631279 ], [ 359453.930978384218179, 5722490.737203379161656 ], [ 359447.300236749812029, 5722415.147007519379258 ], [ 359444.647742504719645, 5722414.642074691131711 ], [ 359431.496287385583855, 5722412.125472473911941 ], [ 359430.247858737129718, 5722404.336790401488543 ], [ 359424.104053859366104, 5722366.191907427273691 ], [ 359415.888451200211421, 5722291.402559284120798 ], [ 359412.947489264421165, 5722266.333737306296825 ], [ 359413.041248393710703, 5722258.997389669530094 ], [ 359414.934948115493171, 5722243.420344124548137 ], [ 359406.438124133856036, 5722170.230221290141344 ], [ 359406.705202803364955, 5722139.741592490114272 ], [ 359404.278566064313054, 5722117.729962685145438 ], [ 359402.725709554622881, 5722061.395729968324304 ], [ 359405.742348269443028, 5721949.22473173122853 ], [ 359417.874818171025254, 5721837.590411537326872 ], [ 359418.503064583521336, 5721830.294851399026811 ], [ 359418.512576864217408, 5721830.138786787167192 ], [ 359434.598279420519248, 5721661.371818722225726 ], [ 359435.469566180545371, 5721658.331752436235547 ], [ 359438.472249992948491, 5721658.214890739880502 ], [ 359459.612009425763972, 5721655.768774783238769 ], [ 359465.356178353540599, 5721655.108327662572265 ], [ 359468.351634131162427, 5721654.980556131340563 ], [ 359470.344196888967417, 5721654.902917656116188 ], [ 359485.210972923203371, 5721651.284706886857748 ], [ 359501.820735592162237, 5721641.597551911137998 ], [ 359512.911417681025341, 5721642.914152693934739 ], [ 359524.560906163766049, 5721675.063636935316026 ], [ 359532.878935313143302, 5721707.216667897067964 ], [ 359538.020256614428945, 5721711.035604041069746 ], [ 359543.788582843844779, 5721712.244171273894608 ], [ 359589.440137399127707, 5721707.581974787637591 ], [ 359637.426322834100574, 5721702.688452592119575 ], [ 359647.378366488788743, 5721701.666568388231099 ], [ 359723.387364350724965, 5721696.274266818538308 ], [ 359733.52425830962602, 5721689.182367240078747 ], [ 359741.819636319298297, 5721683.866497819311917 ], [ 359744.213390835095197, 5721681.273915017955005 ], [ 359745.098020783974789, 5721665.725056106224656 ], [ 359745.066019304678775, 5721665.570144196040928 ], [ 359922.463888099242467, 5721644.093065250664949 ], [ 359931.456248954345938, 5721643.176234331913292 ], [ 359954.426525971561205, 5721640.547945649363101 ], [ 360137.094100097252522, 5721614.981890183873475 ], [ 360139.696630880760495, 5721618.927290637977421 ], [ 360155.854795035207644, 5721638.444897178560495 ], [ 360163.6395551051246, 5721645.952771884389222 ], [ 360166.550500138429925, 5721631.249413911253214 ], [ 360183.189086022204719, 5721618.803890484385192 ], [ 360197.279181980644353, 5721608.120421690866351 ], [ 360203.058112037018873, 5721603.95438018720597 ], [ 360210.970753517642152, 5721593.541910506784916 ], [ 360218.459885478951037, 5721582.33991115540266 ], [ 360221.335446372802835, 5721562.340409580618143 ], [ 360219.217478942591697, 5721527.065988420508802 ], [ 360236.513240295695141, 5721486.258226089179516 ], [ 360245.557014852645807, 5721476.916279346682131 ], [ 360248.693837352737319, 5721467.114409394562244 ], [ 360261.045887962216511, 5721452.918066176585853 ], [ 360268.21567730238894, 5721444.685160599648952 ], [ 360278.728007986152079, 5721432.587346865795553 ], [ 360304.441815262311138, 5721411.645303650759161 ], [ 360311.650601248838939, 5721408.83095992077142 ], [ 360331.495949436211959, 5721401.104894890449941 ], [ 360357.408750114263967, 5721388.860112306661904 ], [ 360372.040297084720805, 5721381.945908684283495 ], [ 360427.61928972939495, 5721355.906611900776625 ], [ 360368.380657504545525, 5721094.131077538244426 ], [ 360363.994893903727643, 5721085.060058324597776 ], [ 360378.1559358597151, 5721075.120835088193417 ], [ 360400.503874802670907, 5721085.231719339266419 ], [ 360426.694919214700349, 5721091.786803756840527 ], [ 360505.047757469234057, 5721090.926923353224993 ], [ 360533.951967554516159, 5721094.147077715024352 ], [ 360565.717203820764553, 5721088.586060055531561 ], [ 360593.192981686966959, 5721080.194450369104743 ], [ 360608.033900708833244, 5721074.29903210606426 ], [ 360629.08346149767749, 5721063.959224983118474 ], [ 360640.221498103870545, 5721066.211820919066668 ], [ 360636.725011917937081, 5721088.387010145932436 ], [ 360641.310431719874032, 5721092.65638196375221 ], [ 360656.579477225197479, 5721093.248319433070719 ], [ 360680.184768191189505, 5721093.710791298188269 ], [ 360682.069389308686368, 5721087.193247072398663 ], [ 360689.14032682380639, 5721005.927775501273572 ], [ 360864.181096929416526, 5720995.81181497592479 ], [ 360938.293763916939497, 5721025.611732931807637 ], [ 361055.299359108321369, 5721072.673791225999594 ], [ 361226.110062879568432, 5721121.288578064180911 ], [ 361242.694240159762558, 5721122.614044655114412 ], [ 361522.59045492997393, 5721184.482927752658725 ], [ 361545.731330246315338, 5721184.962128811515868 ], [ 361741.191338996752165, 5721205.988506494089961 ], [ 361767.622579686110839, 5721209.272123252041638 ], [ 361773.328998548502568, 5721209.995276127941906 ], [ 361779.018602875410579, 5721210.863563324324787 ], [ 361784.683559066615999, 5721211.843813869170845 ], [ 361790.342807176173665, 5721212.868740003556013 ], [ 361796.407439878559671, 5721214.027261506766081 ], [ 361802.460050261579454, 5721215.252888712100685 ], [ 361808.493716787081212, 5721216.545810711570084 ], [ 361814.509350850014016, 5721217.939387520775199 ], [ 361855.602473204606213, 5721227.766898645088077 ], [ 361855.651226053480059, 5721227.776695121079683 ], [ 361871.428934058872983, 5721231.552204813808203 ], [ 361949.354367947787978, 5721250.178560157306492 ], [ 362067.416527393856086, 5721278.416556420736015 ], [ 362093.32380951999221, 5721284.609499078243971 ], [ 362094.503501996747218, 5721284.944560796953738 ], [ 362095.671474706032313, 5721285.357840541750193 ], [ 362096.826817825436592, 5721285.815978199243546 ], [ 362097.995093380566686, 5721286.240378510206938 ], [ 362099.141998598584905, 5721286.643105259165168 ], [ 362100.275364458444528, 5721287.057329789735377 ], [ 362101.422269291942939, 5721287.4600570499897 ], [ 362102.568870688672177, 5721287.851664530113339 ], [ 362105.042327520553954, 5721288.641093079000711 ], [ 362107.528413008782081, 5721289.38566520716995 ], [ 362110.015104178106412, 5721290.15247861854732 ], [ 362112.475929080101196, 5721290.986768376082182 ], [ 362114.525976485223509, 5721291.743233853019774 ], [ 362116.55616929277312, 5721292.533626432530582 ], [ 362118.580653082346544, 5721293.368688683025539 ], [ 362120.578967417473905, 5721294.260106789879501 ], [ 362122.410262696328573, 5721295.122694732621312 ], [ 362124.222612936515361, 5721296.052569689229131 ], [ 362126.015108496183529, 5721297.016371527686715 ], [ 362127.800378975225613, 5721297.969242660328746 ], [ 362160.848219363368116, 5721315.585784438066185 ], [ 362163.539947070763446, 5721317.014732195995748 ], [ 362173.429896979476325, 5721313.172973892651498 ], [ 362175.376414997852407, 5721312.418836389668286 ], [ 362212.825740214553662, 5721294.07150109577924 ], [ 362271.637818746559788, 5721263.068367282859981 ], [ 362281.876174636126962, 5721269.978394384495914 ], [ 362293.521198865259066, 5721253.258166193030775 ], [ 362293.773910435382277, 5721252.87292259093374 ], [ 362321.871927784581203, 5721214.627775639295578 ], [ 362322.561509828083217, 5721213.752123228274286 ], [ 362324.449134390568361, 5721211.341535145416856 ], [ 362324.623722745571285, 5721211.648373781703413 ], [ 362331.722052917233668, 5721223.050792376510799 ], [ 362337.4736616081791, 5721232.30873847194016 ], [ 362356.460030595539138, 5721262.884318684227765 ], [ 362360.271997003932483, 5721261.95706660207361 ], [ 362407.398998331977054, 5721250.503293153829873 ], [ 362407.777549153310247, 5721250.415095034986734 ], [ 362445.911588146933354, 5721241.153838185593486 ], [ 362446.600992097752169, 5721241.034930706955492 ], [ 362503.830926212540362, 5721230.998762466013432 ], [ 362533.159058959281538, 5721312.851019401103258 ], [ 362556.36934326949995, 5721387.525050145573914 ], [ 362621.042586748604663, 5721378.734501149505377 ], [ 362646.644391160341911, 5721362.003189595416188 ], [ 362713.067484823288396, 5721351.830916588194668 ], [ 362713.229296195553616, 5721350.902878844179213 ], [ 362715.900322576519102, 5721334.7389155915007 ], [ 362722.523095545708202, 5721294.731123285368085 ], [ 362723.063868056517094, 5721291.433610141277313 ], [ 362720.223064390185755, 5721269.454548832029104 ], [ 362718.022136460291222, 5721252.421314803883433 ], [ 362732.044743616017513, 5721254.088242843747139 ], [ 362753.661828492884524, 5721256.639648341573775 ], [ 362767.219176521350164, 5721258.263659263029695 ], [ 362784.143570708227344, 5721264.258763471618295 ], [ 362788.125946323736571, 5721275.991148601286113 ], [ 362788.155441577429883, 5721276.057117695920169 ], [ 362799.778307489701547, 5721310.283801547251642 ], [ 362801.178483711788431, 5721314.407772607170045 ], [ 362801.645309232699219, 5721315.786136394366622 ], [ 362825.309427266125567, 5721307.510162141174078 ], [ 362826.764044381910935, 5721307.003316381014884 ], [ 362873.131685579894111, 5721290.778235618025064 ], [ 362883.640828498348128, 5721291.873161673545837 ], [ 362901.240914192341734, 5721340.426928547210991 ], [ 362901.959308744233567, 5721342.399404004216194 ], [ 362902.00475484400522, 5721342.542838823981583 ], [ 362908.539807942113839, 5721360.56031497195363 ], [ 362910.366328775475267, 5721365.596396264620125 ], [ 362915.257963134790771, 5721364.128393401391804 ], [ 362918.339438948722091, 5721372.023794669657946 ], [ 362942.405589509406127, 5721433.778522422537208 ], [ 362961.141358583699912, 5721513.538612025789917 ], [ 362998.097819271148182, 5721658.706371706910431 ], [ 363022.238878293836024, 5721746.822143942117691 ], [ 363028.355403414811008, 5721772.941304872743785 ], [ 363028.630467111303005, 5721774.402778808027506 ], [ 363028.843246020958759, 5721775.865940129384398 ], [ 363029.090326158329844, 5721777.317043967545033 ], [ 363029.454753657220863, 5721778.753840507939458 ], [ 363030.23623587784823, 5721780.758006326854229 ], [ 363031.182303461071569, 5721782.702072350308299 ], [ 363032.148830629186705, 5721784.634456033818424 ], [ 363033.033214817754924, 5721786.602449852973223 ], [ 363072.367689665232319, 5721887.248964542523026 ], [ 363075.144499314657878, 5721908.462050799280405 ], [ 363076.386189771350473, 5721917.998694298788905 ], [ 363080.908447564928792, 5721916.974833286367357 ], [ 363438.532354988157749, 5721846.364279479719698 ], [ 363480.371100494230632, 5721860.802679167129099 ], [ 363480.594354631204624, 5721860.863419796340168 ], [ 363494.811242602998391, 5721865.698662772774696 ], [ 363500.032408832106739, 5721867.47174156177789 ], [ 363509.41924561857013, 5721870.656923707574606 ], [ 363550.482522831996903, 5721884.604925102554262 ], [ 363556.759125235839747, 5721886.73906175326556 ], [ 363560.907891512615606, 5721888.552271594293416 ], [ 363561.26443057868164, 5721888.676187777891755 ], [ 363564.228368310024962, 5721889.697890290990472 ], [ 363567.817010307335295, 5721889.745713219046593 ], [ 363575.673388142837211, 5721889.856426390819252 ], [ 363581.291792083065957, 5721889.927385051734746 ], [ 363592.58347492077155, 5721884.659548158757389 ], [ 363651.169580616406165, 5721857.339737595058978 ], [ 363658.679406028590165, 5721853.843273722566664 ], [ 363661.428719018294942, 5721852.556162414140999 ], [ 363670.159215124556795, 5721852.721349609084427 ], [ 363705.36402413866017, 5721853.341239737346768 ], [ 363861.825681180809624, 5721845.208629523403943 ], [ 363870.332387791189831, 5721844.779268283396959 ], [ 363869.325968996214215, 5721860.385771473869681 ], [ 363867.708004110725597, 5721904.719361851923168 ], [ 363855.438466442981735, 5721957.518976252526045 ], [ 363912.944112118100747, 5721924.52257468085736 ], [ 363923.486159383377526, 5721917.639828751794994 ], [ 363955.248783287941478, 5721896.910161072388291 ], [ 363968.704079713206738, 5721888.135236138477921 ], [ 363980.616703090840019, 5721879.936003514565527 ], [ 363987.174541676125955, 5721875.542012282647192 ], [ 363993.754050068673678, 5721871.18083153385669 ], [ 364000.261673805536702, 5721866.72144035436213 ], [ 364006.582499453332275, 5721862.011135634966195 ], [ 364014.043012771580834, 5721855.901424527168274 ], [ 364021.316435925196856, 5721849.52968202251941 ], [ 364028.404264773940668, 5721842.951507764868438 ], [ 364035.307396703807171, 5721836.200261247344315 ], [ 364039.013700587092899, 5721832.639741342514753 ], [ 364042.7121922186343, 5721829.046050096862018 ], [ 364046.134812033909839, 5721825.237217572517693 ], [ 364048.992738881730475, 5721821.031831415370107 ], [ 364051.536901993385982, 5721816.489912061952055 ], [ 364054.007663824013434, 5721819.005200932733715 ], [ 364061.391356132691726, 5721826.518458623439074 ], [ 364063.370889536221512, 5721828.279118882492185 ], [ 364065.551456517539918, 5721829.789555917493999 ], [ 364067.911100025987253, 5721831.005847827531397 ], [ 364070.393261093064211, 5721831.885003004223108 ], [ 364073.098756697785575, 5721832.313029884360731 ], [ 364075.882258747471496, 5721832.293835964053869 ], [ 364078.667299981112592, 5721832.074295931495726 ], [ 364081.459859703551047, 5721831.876811565831304 ], [ 364094.40467086515855, 5721831.406414963304996 ], [ 364100.500063536106609, 5721831.186927223578095 ], [ 364097.36353180592414, 5721869.084604312665761 ], [ 364093.083396531292237, 5721871.135953495278955 ], [ 364091.887038799701259, 5721874.807010738179088 ], [ 364089.232417185674421, 5721882.968520250171423 ], [ 364088.73960816883482, 5721884.472937102429569 ], [ 364083.129498308524489, 5721906.08991114795208 ], [ 364072.846935905516148, 5721935.510925124399364 ], [ 364071.937550674541853, 5721938.005819692276418 ], [ 364070.999887383542955, 5721940.479218517430127 ], [ 364070.11848415620625, 5721942.984489297494292 ], [ 364069.390224586124532, 5721945.519027087837458 ], [ 364069.31973286322318, 5721947.791060701943934 ], [ 364069.574748669750988, 5721950.321417485363781 ], [ 364069.457652802113444, 5721952.405525971204042 ], [ 364069.031500001787208, 5721953.040159217081964 ], [ 364068.269929925911129, 5721953.305454572662711 ], [ 364068.110465175064746, 5721953.298614024184644 ], [ 364067.097441195510328, 5721960.180779325775802 ], [ 364064.842925546341576, 5721965.705310025252402 ], [ 364056.377122702659108, 5721987.221060597337782 ], [ 364051.955375176272355, 5721996.62082480173558 ], [ 364046.567166667431593, 5722004.588798445649445 ], [ 364045.521667373948731, 5722006.141468306072056 ], [ 364011.616275677457452, 5722068.970325158908963 ], [ 363990.341118071926758, 5722107.534128997474909 ], [ 363988.136227895040065, 5722110.264203552156687 ], [ 363987.458981935400516, 5722133.996491410769522 ], [ 364107.603478207136504, 5722196.432542115449905 ], [ 364130.759391936706379, 5722207.2164575336501 ], [ 364127.32525212795008, 5722229.654041094705462 ], [ 364153.410125036607496, 5722245.589547802694142 ], [ 364182.953445089748129, 5722276.332820448093116 ], [ 364196.72102891857503, 5722303.438276510685682 ], [ 364180.143519980367273, 5722319.173701973631978 ], [ 364139.112664272892289, 5722361.105409298092127 ], [ 364181.887594063184224, 5722383.569820251315832 ], [ 364189.234009014617186, 5722387.411947710439563 ], [ 364183.678066092426889, 5722392.735802035778761 ], [ 364169.804214893141761, 5722405.994960292242467 ], [ 364164.570397574454546, 5722423.562251772731543 ], [ 364138.250115393602755, 5722452.679728957824409 ], [ 364137.251390336896293, 5722457.25797875225544 ], [ 364140.916717971500475, 5722460.175187099725008 ], [ 364134.28437822900014, 5722488.307321428321302 ], [ 364121.631111021735705, 5722508.833879576064646 ], [ 364146.372183122613933, 5722515.012662924826145 ], [ 364164.422571555303875, 5722518.555943209677935 ], [ 364181.534998072311282, 5722519.921119932085276 ], [ 364204.571643151924945, 5722524.521273721940815 ], [ 364196.977083010249771, 5722555.249765771441162 ], [ 364196.457935012993403, 5722556.287501628510654 ], [ 364195.594357813009992, 5722557.134185123257339 ], [ 364194.554508941364475, 5722557.863195350393653 ], [ 364193.534821079112589, 5722558.569407863542438 ], [ 364192.815106279682368, 5722559.100638994947076 ], [ 364192.073737050930504, 5722559.599067660048604 ], [ 364191.282139383489266, 5722560.03207721374929 ], [ 364190.452060634503141, 5722560.321455140598118 ], [ 364189.349136924720369, 5722560.506882876157761 ], [ 364188.23481210519094, 5722560.525695242919028 ], [ 364187.110878786072135, 5722560.444612860679626 ], [ 364185.993267258396372, 5722560.341104604303837 ], [ 364133.843804001808167, 5722556.156269020400941 ], [ 364130.982950736652128, 5722589.862393400631845 ], [ 364127.531578555412125, 5722630.706404539756477 ], [ 364096.732206157990731, 5722709.509311459027231 ], [ 364064.821709244395606, 5722702.677881371229887 ], [ 364045.958083401201293, 5722763.611080536618829 ], [ 364049.155092906032223, 5722786.449069223366678 ], [ 364030.571413422061596, 5722847.986874655820429 ], [ 364021.430408591986634, 5722891.432283933274448 ], [ 364020.021209095139056, 5722902.620606915093958 ], [ 364015.697089489549398, 5722923.847056014463305 ], [ 364015.147204724140465, 5722927.856858387589455 ], [ 364014.986575328919571, 5722931.922956360504031 ], [ 364015.089463265496306, 5722936.004220391623676 ], [ 364015.268459177226759, 5722940.083436659537256 ], [ 364015.485827329219319, 5722945.07412910554558 ], [ 364015.855710116564296, 5722950.071846128441393 ], [ 364016.473774607642554, 5722955.029501089826226 ], [ 364017.450123653979972, 5722959.921875299885869 ], [ 364018.439036961412057, 5722963.222585604526103 ], [ 364019.653878095152322, 5722966.428192080929875 ], [ 364021.061249138670973, 5722969.584106079302728 ], [ 364022.604901348240674, 5722972.658456664532423 ], [ 364035.532506054150872, 5722997.393509807065129 ], [ 364036.415493167471141, 5722998.816414898261428 ], [ 364037.414903075317852, 5723000.191675449721515 ], [ 364038.338803795399144, 5723001.591223855502903 ], [ 364039.023237930843607, 5723003.09736795257777 ], [ 364039.641659455024637, 5723005.495540218427777 ], [ 364039.978204293758608, 5723007.96806450933218 ], [ 364040.066270259674639, 5723010.469529707916081 ], [ 364039.925417507416569, 5723012.954896997660398 ], [ 364039.621620099875145, 5723014.788086853921413 ], [ 364039.108763317286503, 5723016.571260153315961 ], [ 364038.505962629395071, 5723018.356853233650327 ], [ 364037.867970136692747, 5723020.121136852540076 ], [ 364036.230224625323899, 5723024.872405521571636 ], [ 364026.509137814049609, 5723077.881394405849278 ], [ 364025.885970472590998, 5723085.342896963469684 ], [ 364023.931771681644022, 5723102.777655552141368 ], [ 364022.91611904266756, 5723109.804593114182353 ], [ 364020.711018242756836, 5723115.083030128851533 ], [ 364067.906067510659341, 5723126.532861775718629 ], [ 364071.251881150412373, 5723127.110557832755148 ], [ 364074.651587228989229, 5723127.375218316912651 ], [ 364078.081399845890701, 5723127.472149069420993 ], [ 364081.50459266116377, 5723127.580388328060508 ], [ 364084.334277337009553, 5723127.760232605040073 ], [ 364087.171179446217138, 5723127.951012501493096 ], [ 364090.011411252489779, 5723128.008166629821062 ], [ 364092.817389282630756, 5723127.821424224413931 ], [ 364095.640575526980683, 5723127.24473537877202 ], [ 364098.407556898251642, 5723126.380227687768638 ], [ 364101.151690011785831, 5723125.438438918441534 ], [ 364103.926787944277748, 5723124.618228665553033 ], [ 364242.331040446530096, 5723090.362776454538107 ], [ 364246.497778880991973, 5723089.282700512558222 ], [ 364250.678356344404165, 5723088.202256349846721 ], [ 364254.86251972138416, 5723087.255257004871964 ], [ 364259.10979974392103, 5723086.595897377468646 ], [ 364261.445331733964849, 5723086.421885656192899 ], [ 364263.798285254335497, 5723086.380944695323706 ], [ 364266.133767982712016, 5723086.462883519940078 ], [ 364268.479454527725466, 5723086.666958823800087 ], [ 364270.619670600397512, 5723086.954450470395386 ], [ 364272.763171533762943, 5723087.364264242351055 ], [ 364274.875065067200921, 5723087.886209079064429 ], [ 364276.947835102677345, 5723088.498230529017746 ], [ 364290.315328752622008, 5723092.8019392285496 ], [ 364288.164592432323843, 5723100.115235134959221 ], [ 364350.54292548133526, 5723124.992234707809985 ], [ 364483.678799046843778, 5723179.531413272023201 ], [ 364500.802701539359987, 5723182.188123264349997 ], [ 364552.229288244561758, 5723185.494448460638523 ], [ 364589.384291916503571, 5723192.855953424237669 ], [ 364649.696991572680417, 5723203.01376498490572 ], [ 364655.212569809053093, 5723207.317282698117197 ], [ 364662.464115651382599, 5723209.226286891847849 ], [ 364683.757210667885374, 5723233.916865274310112 ], [ 364692.479788143129554, 5723234.139563322998583 ], [ 364696.853172077564523, 5723244.916872615925968 ], [ 364692.304635809210595, 5723279.313191310502589 ], [ 364688.059795129578561, 5723306.690686085261405 ], [ 364669.843958715675399, 5723337.435773973353207 ], [ 364660.01815885596443, 5723345.388438357040286 ], [ 364640.354983301251195, 5723507.91803222335875 ], [ 364582.666186669026501, 5723695.503489800728858 ], [ 364588.629805731121451, 5723698.4595364369452 ], [ 364584.337656116404105, 5723709.82508915476501 ], [ 364581.454665407189168, 5723717.458345255814493 ], [ 364539.750666015199386, 5723828.967178345657885 ], [ 364537.59925738198217, 5723832.897444847039878 ], [ 364522.539793601143174, 5723860.420458285138011 ], [ 364518.711846316640731, 5723867.40028256457299 ], [ 364513.373133769142441, 5723877.158141175284982 ], [ 364505.908967177267186, 5723890.778824222274125 ], [ 364481.364151607616805, 5723888.810876335017383 ], [ 364478.028083171346225, 5723888.83358982950449 ], [ 364474.753860514785629, 5723889.355412373319268 ], [ 364468.317064519273117, 5723891.464369310066104 ], [ 364461.954407867102418, 5723894.272417969070375 ], [ 364455.628191987634636, 5723896.890319119207561 ], [ 364449.567646946350578, 5723899.089360010810196 ], [ 364443.565729393449146, 5723901.409244876354933 ], [ 364437.586658380459994, 5723903.806421036832035 ], [ 364431.628942265408114, 5723906.225287783890963 ], [ 364412.086743063933682, 5723914.227794965729117 ], [ 364382.068421676522121, 5723925.493913513608277 ], [ 364338.847100531216711, 5723941.588225338608027 ], [ 364294.395143953850493, 5723953.865634569898248 ], [ 364291.003033732296899, 5723954.635564423166215 ], [ 364263.11278932983987, 5723944.089717377908528 ], [ 364128.638304388266988, 5723893.209690301679075 ], [ 364042.894712478329893, 5724116.744310295209289 ], [ 364036.923943571164273, 5724132.295259601436555 ], [ 363987.208878460922278, 5724261.908000061288476 ], [ 363948.247864089673385, 5724361.764285430312157 ], [ 363935.373990706342738, 5724397.009023082442582 ], [ 363899.258871791011188, 5724491.169405716471374 ] ] ] ] } },
{ "type": "Feature", "properties": { "full_id": "r2999084", "osm_id": "2999084", "osm_type": "relation", "boundary": "administrative", "note:de": "Nicht leichtfertig ändern, das sind exakte Daten vom Vermessungsamt", "name:es": null, "name:de": null, "ref:nuts:2": null, "ref:nuts": null, "population": null, "name:sr": null, "name:ru": null, "name:la": null, "name:ksh": null, "name:ja": null, "name:ar": null, "de:place": null, "ref:nuts:3": null, "license_plate_code": null, "admin_centre:postal_code": null, "wikipedia": null, "wikidata": "Q109182452", "website": null, "opendata_portal": null, "name:prefix": null, "de:regionalschluessel": null, "de:amtlicher_gemeindeschluessel": null, "admin_title:de": null, "admin_title": null, "TMC:cid_58:tabcd_1:LocationCode": null, "TMC:cid_58:tabcd_1:LCLversion": null, "TMC:cid_58:tabcd_1:Class": null, "type": "boundary", "name": "Altstadt", "admin_level": "10" }, "geometry": { "type": "MultiPolygon", "coordinates": [ [ [ [ 359738.204472409037407, 5725895.892193621024489 ], [ 359730.174568766029552, 5725868.404973355121911 ], [ 359728.353572007617913, 5725861.644840011373162 ], [ 359726.670942707918584, 5725855.381651563569903 ], [ 359725.895985172828659, 5725853.14406871329993 ], [ 359710.558341016818304, 5725808.232144028879702 ], [ 359670.290191200212575, 5725679.30189143307507 ], [ 359670.656979643623345, 5725676.064395193010569 ], [ 359669.33076605736278, 5725672.918462494388223 ], [ 359660.848744249204174, 5725651.598028297536075 ], [ 359660.765760773734655, 5725651.600334567017853 ], [ 359655.885895489016548, 5725632.895183566957712 ], [ 359654.281661074608564, 5725626.718864551745355 ], [ 359647.971294102608226, 5725628.507904157042503 ], [ 359643.573443060973659, 5725618.681143155321479 ], [ 359623.362829822290223, 5725552.626933755353093 ], [ 359618.419520072988234, 5725535.381426345556974 ], [ 359613.963778827921487, 5725517.999953385442495 ], [ 359609.783085348899476, 5725500.555193823762238 ], [ 359605.657382313103881, 5725483.097779518924654 ], [ 359603.717576926748734, 5725475.061192092485726 ], [ 359601.798512911133002, 5725467.024028594605625 ], [ 359600.017136475536972, 5725458.960780376568437 ], [ 359598.462732296087779, 5725450.846707719378173 ], [ 359596.683559585013427, 5725439.378037138842046 ], [ 359595.200823873048648, 5725427.867739338427782 ], [ 359593.932158159324899, 5725416.340361467562616 ], [ 359592.780435928143561, 5725404.787475227378309 ], [ 359591.871506978524849, 5725394.997291531413794 ], [ 359591.079832873190753, 5725385.192719303071499 ], [ 359590.433386148535646, 5725375.384109419770539 ], [ 359589.904504919599276, 5725365.572230958379805 ], [ 359589.569620779715478, 5725357.012494383379817 ], [ 359589.352612752467394, 5725348.460609194822609 ], [ 359589.252863087225705, 5725339.894335308112204 ], [ 359589.256850097037386, 5725331.325177327729762 ], [ 359590.120169539994095, 5725218.490238429047167 ], [ 359590.994945010403171, 5725187.717513758689165 ], [ 359590.886656120768748, 5725161.167614925652742 ], [ 359590.209036508109421, 5725144.760597452521324 ], [ 359582.864301479188725, 5725082.978333611041307 ], [ 359578.520964745199308, 5725045.506583618931472 ], [ 359577.409182051429525, 5725035.143355893902481 ], [ 359568.122828089864925, 5725045.929234957322478 ], [ 359556.001952186168637, 5725011.778644664213061 ], [ 359556.544020205386914, 5724981.738530030474067 ], [ 359556.45268386171665, 5724973.973286898806691 ], [ 359555.840131452307105, 5724971.608793328516185 ], [ 359555.573219853802584, 5724963.503444952890277 ], [ 359555.243039542110637, 5724957.603324390947819 ], [ 359554.950550983310677, 5724953.80546657089144 ], [ 359567.523576985462569, 5724950.940799123607576 ], [ 359578.486180025851354, 5724949.901516322046518 ], [ 359578.790583237423562, 5724926.244723581708968 ], [ 359580.218572526879143, 5724813.038043180480599 ], [ 359580.423594737192616, 5724796.261508706025779 ], [ 359551.642192882369272, 5724793.255728657357395 ], [ 359550.486132932477631, 5724797.483365907333791 ], [ 359548.438227646285668, 5724804.985361422412097 ], [ 359501.330596733605489, 5724793.864802800118923 ], [ 359490.737137949268799, 5724791.266035245731473 ], [ 359434.557646071363706, 5724777.516137477010489 ], [ 359425.678540079738013, 5724776.828435204923153 ], [ 359415.620222423225641, 5724776.051153779029846 ], [ 359334.112148692482151, 5724763.508165287785232 ], [ 359325.593687694869004, 5724762.599149213172495 ], [ 359293.123408649931662, 5724759.130001069046557 ], [ 359263.652141725411639, 5724753.741270670667291 ], [ 359260.117785878013819, 5724753.094128034077585 ], [ 359226.621108594932593, 5724736.644600956700742 ], [ 359220.07746639411198, 5724733.577406323514879 ], [ 359211.661678652162664, 5724729.649851000867784 ], [ 359191.106523639056832, 5724712.127616518177092 ], [ 359172.927000328607392, 5724689.943089666776359 ], [ 359111.669872167520225, 5724609.377071119844913 ], [ 359018.803696607821621, 5724486.63695818092674 ], [ 358962.516568196413573, 5724413.42345236055553 ], [ 358903.346951361512765, 5724336.451620977371931 ], [ 358885.488478935789317, 5724359.307964282110333 ], [ 358870.122625136282295, 5724378.956452711485326 ], [ 358863.09875906520756, 5724389.201886609196663 ], [ 358856.72731418517651, 5724398.516550838947296 ], [ 358808.666543192230165, 5724462.970402433536947 ], [ 358792.124493673094548, 5724521.991971797309816 ], [ 358787.60279001109302, 5724540.758938525803387 ], [ 358783.632370962179266, 5724557.206859525293112 ], [ 358779.433417722932063, 5724574.640499768778682 ], [ 358779.123329580528662, 5724575.928969090804458 ], [ 358778.862280855071731, 5724577.238324849866331 ], [ 358778.712211655743886, 5724578.55570668913424 ], [ 358778.756123239756562, 5724579.878794135525823 ], [ 358779.057820846501272, 5724581.261446884833276 ], [ 358779.579611590481363, 5724582.593431763350964 ], [ 358780.218054589815438, 5724583.888769386336207 ], [ 358780.897065280762035, 5724585.149586852639914 ], [ 358801.726535898691509, 5724624.051925194449723 ], [ 358805.944849482213613, 5724632.569881954230368 ], [ 358808.827538798679598, 5724638.376386228017509 ], [ 358827.316030067042448, 5724680.96107507776469 ], [ 358838.52564059389988, 5724707.812942459248006 ], [ 358840.974658210820053, 5724716.680844044312835 ], [ 358842.338112825993448, 5724721.62839656509459 ], [ 358853.620803357684053, 5724760.018705209717155 ], [ 358880.40873008442577, 5724851.193222868256271 ], [ 358905.042767817853019, 5724971.09553562477231 ], [ 358907.139988678856753, 5724981.25308972876519 ], [ 358911.540132643771358, 5725000.260396669618785 ], [ 358908.259280134807341, 5725057.742722231894732 ], [ 358908.1558966106968, 5725059.492815389297903 ], [ 358909.168361401068978, 5725082.356257150880992 ], [ 358912.067458442877978, 5725099.168629040010273 ], [ 358913.335279048245866, 5725107.635535513050854 ], [ 358913.422063886653632, 5725108.512278102338314 ], [ 358913.991465979255736, 5725111.055971793830395 ], [ 358914.562766655988526, 5725111.685476922430098 ], [ 358915.268971142359078, 5725112.188797968439758 ], [ 358916.061667125672102, 5725112.567287364043295 ], [ 358916.878920863615349, 5725112.833803923800588 ], [ 358918.055498219502624, 5725113.079154518432915 ], [ 358919.26199629495386, 5725113.15673915669322 ], [ 358920.463524359976873, 5725113.056403799913824 ], [ 358921.596285034669563, 5725112.724287051707506 ], [ 358949.068137276102789, 5725102.586620992980897 ], [ 358951.131113158364315, 5725106.81355306878686 ], [ 358951.651034365058877, 5725107.834001294337213 ], [ 358952.130080180126242, 5725108.877848488278687 ], [ 358952.588688217452727, 5725109.933395182713866 ], [ 358952.904711352894083, 5725110.592291017062962 ], [ 358953.935999413835816, 5725112.822614473290741 ], [ 358957.360644251923077, 5725120.205455927178264 ], [ 358964.199837713094894, 5725142.294105210341513 ], [ 358967.051675467053428, 5725160.643579668365419 ], [ 358970.423889720346779, 5725182.261488050222397 ], [ 358972.05318222369533, 5725198.719840168021619 ], [ 358970.097380342194811, 5725218.405466723255813 ], [ 358969.953813938191161, 5725219.956363945268095 ], [ 358969.73417280963622, 5725221.50938555598259 ], [ 358969.381887778348755, 5725223.0215964904055 ], [ 358968.805499729001895, 5725224.439907321706414 ], [ 358968.02646178327268, 5725225.541145205497742 ], [ 358967.070490075217094, 5725226.502651177346706 ], [ 358966.022749000345357, 5725227.399947912432253 ], [ 358965.010208801133558, 5725228.318519253283739 ], [ 358941.512816024245694, 5725251.376821920275688 ], [ 358934.844096481858287, 5725257.939831243827939 ], [ 358933.852936929091811, 5725258.880069590173662 ], [ 358932.847635451471433, 5725259.809574470855296 ], [ 358931.863703098264523, 5725260.760740065015852 ], [ 358930.950482602231205, 5725261.76557416561991 ], [ 358930.154210517706815, 5725262.744884326122701 ], [ 358929.406970854150131, 5725263.745082386769354 ], [ 358928.70215837622527, 5725264.777481530793011 ], [ 358928.061141822603531, 5725265.863742226734757 ], [ 358927.360285902628675, 5725267.285535461269319 ], [ 358926.764720997074619, 5725268.760031123645604 ], [ 358926.17607229645364, 5725270.234333676286042 ], [ 358925.510728610330261, 5725271.688521327450871 ], [ 358914.348805108340457, 5725293.066958041861653 ], [ 358912.538604717818089, 5725296.400495186448097 ], [ 358907.014304440643173, 5725306.515016037970781 ], [ 358904.874791300331708, 5725310.447577918879688 ], [ 358900.105273406836204, 5725320.57440656144172 ], [ 358895.739722823142074, 5725334.507098294794559 ], [ 358895.382648849510588, 5725336.342182197608054 ], [ 358895.317900348396506, 5725338.235870582982898 ], [ 358895.46816111903172, 5725340.145808884873986 ], [ 358895.721536407538224, 5725342.030608706176281 ], [ 358895.97374909860082, 5725343.626094778999686 ], [ 358896.322160454816185, 5725345.19663561694324 ], [ 358896.807954043499194, 5725346.729951851069927 ], [ 358897.491817773145158, 5725348.168704366311431 ], [ 358898.342670973041095, 5725349.391345919109881 ], [ 358899.356083437800407, 5725350.487029981799424 ], [ 358900.471056419424713, 5725351.501975744962692 ], [ 358901.653011315967888, 5725352.437149382196367 ], [ 358903.016327822464518, 5725353.422899675555527 ], [ 358904.439399771916214, 5725354.317951197735965 ], [ 358905.927900201757438, 5725355.077630701474845 ], [ 358907.507627993996721, 5725355.634445265866816 ], [ 358927.513133217464201, 5725360.962645151652396 ], [ 358929.667791887186468, 5725361.536792187020183 ], [ 358931.809861114248633, 5725362.155806581489742 ], [ 358933.906315425643697, 5725362.876254316419363 ], [ 358935.925061123620253, 5725363.788061382248998 ], [ 358938.504744940786622, 5725365.207249683327973 ], [ 358940.978435168974102, 5725366.796330300159752 ], [ 358943.285443417495117, 5725368.612641669809818 ], [ 358945.411317013436928, 5725370.634329844266176 ], [ 358947.084480553981848, 5725372.802207698114216 ], [ 358948.500747809652239, 5725375.188706512562931 ], [ 358949.80822639039252, 5725377.645016345195472 ], [ 358951.197449588682503, 5725380.054528557695448 ], [ 358957.568038023542613, 5725390.081616905517876 ], [ 358968.283326624310575, 5725406.987326653674245 ], [ 358969.382160631474108, 5725409.160121578723192 ], [ 358970.159995959023945, 5725411.486554103903472 ], [ 358970.7668031018693, 5725413.884535097517073 ], [ 358971.35977849306073, 5725416.282902414910495 ], [ 358971.833181479480118, 5725418.11704551614821 ], [ 358972.25879588490352, 5725419.974780593067408 ], [ 358972.60864873661194, 5725421.845760116353631 ], [ 358972.834020252106711, 5725423.720215931534767 ], [ 358972.870890565915033, 5725425.288332371041179 ], [ 358972.790195456473157, 5725426.859731958247721 ], [ 358972.66800676274579, 5725428.432290309108794 ], [ 358972.608058666926809, 5725430.003110527060926 ], [ 358972.612643589847721, 5725433.1412747008726 ], [ 358972.633279578352813, 5725440.819498584605753 ], [ 358972.645531745452899, 5725448.19748190511018 ], [ 358975.138908959983382, 5725459.167518080212176 ], [ 358975.455960714025423, 5725461.351017254404724 ], [ 358976.542606452072505, 5725468.788026890717447 ], [ 358977.150371678930242, 5725472.955444378778338 ], [ 358975.593623927328736, 5725503.702991800382733 ], [ 358974.183561994694173, 5725526.567327878437936 ], [ 358974.529543139389716, 5725534.24759579077363 ], [ 358975.195789777266327, 5725549.430790847167373 ], [ 358975.784301898092963, 5725559.352282907813787 ], [ 358977.044201825279742, 5725580.428238520398736 ], [ 358977.991862229187973, 5725596.271297523751855 ], [ 358975.982388148200698, 5725605.352790439501405 ], [ 358940.978048056364059, 5725605.384540954604745 ], [ 358906.001740629260894, 5725606.172502495348454 ], [ 358871.038407724350691, 5725607.672581196762621 ], [ 358850.390439902490471, 5725609.039828683249652 ], [ 358829.762451430200599, 5725610.87400840036571 ], [ 358809.171774037997238, 5725613.052219893783331 ], [ 358788.615302299382165, 5725615.463262563571334 ], [ 358772.889022545656189, 5725617.360923040658236 ], [ 358715.964984458638355, 5725624.261662711389363 ], [ 358703.680484272714239, 5725625.740512339398265 ], [ 358643.950888547871727, 5725630.316768712364137 ], [ 358638.981955251190811, 5725636.009104452095926 ], [ 358631.922313412535004, 5725640.936449356377125 ], [ 358576.253335035871714, 5725656.806796945631504 ], [ 358572.933421220863238, 5725657.867978162132204 ], [ 358569.646776028210297, 5725659.128547163680196 ], [ 358566.418880852987058, 5725660.509889018721879 ], [ 358563.227121202624403, 5725661.945864592678845 ], [ 358560.814674874127377, 5725663.037280305288732 ], [ 358558.417617522412911, 5725664.183909877203405 ], [ 358556.092206036555581, 5725665.417563716880977 ], [ 358553.854762963484973, 5725666.826814455911517 ], [ 358552.156714004871901, 5725668.220956954173744 ], [ 358550.57336005102843, 5725669.756560899317265 ], [ 358549.011998922389466, 5725671.336064292117953 ], [ 358547.399739775282796, 5725672.827964052557945 ], [ 358528.701733850582968, 5725688.45348409190774 ], [ 358527.492563358740881, 5725689.511205369606614 ], [ 358526.283393375808373, 5725690.568926949985325 ], [ 358525.01011723803822, 5725691.561672439798713 ], [ 358523.656100421503652, 5725692.389749234542251 ], [ 358522.171378217288293, 5725692.998913556337357 ], [ 358520.612207228667103, 5725693.420975553803146 ], [ 358519.030732881976292, 5725693.788019214756787 ], [ 358517.470627655799035, 5725694.176722143776715 ], [ 358499.192773372866213, 5725699.351821495220065 ], [ 358499.399919325485826, 5725699.334888043813407 ], [ 358455.825139521679375, 5725712.096657091751695 ], [ 358452.369588619738352, 5725712.761087276041508 ], [ 358452.371147184458096, 5725712.816687353886664 ], [ 358368.736428232165053, 5725742.482914669439197 ], [ 358334.495146282424685, 5725754.149321056902409 ], [ 358327.832244853081647, 5725756.428464010357857 ], [ 358330.661159905255772, 5725831.356984614394605 ], [ 358332.766176117758732, 5725858.285186961293221 ], [ 358335.087866826273967, 5725926.728747920133173 ], [ 358337.377050395240076, 5725964.168474060483277 ], [ 358335.393310071201995, 5725964.747183922678232 ], [ 358320.823713404708542, 5725969.351532974280417 ], [ 358305.798185593448579, 5725974.970309640280902 ], [ 358293.972910503391176, 5725979.464338856749237 ], [ 358278.740425336523913, 5725986.090596954338253 ], [ 358227.964968795888126, 5726010.697297434322536 ], [ 358201.460789450677112, 5726023.282599824480712 ], [ 358181.377808980178088, 5726033.617728601209819 ], [ 358165.013275161851197, 5726043.292043193243444 ], [ 358149.858118225994986, 5726051.919716653414071 ], [ 358132.975176157080568, 5726061.119038398377597 ], [ 358108.034917061799206, 5726075.163298555649817 ], [ 358088.67059612844605, 5726084.9555644383654 ], [ 358070.585808714618906, 5726095.212735219858587 ], [ 358057.905251337448135, 5726103.236954603344202 ], [ 358045.148025360540487, 5726109.271307789720595 ], [ 358035.404312726925127, 5726115.666112184524536 ], [ 358029.530461062560789, 5726118.913954577408731 ], [ 358023.600573204341345, 5726120.660991320386529 ], [ 358021.107904416858219, 5726126.762898590415716 ], [ 358013.194385018316098, 5726129.088783759623766 ], [ 358008.694807942956686, 5726129.282097580842674 ], [ 358003.906942561443429, 5726134.480357438325882 ], [ 357996.305023902794346, 5726138.288766617886722 ], [ 357986.173110962146893, 5726141.211272997781634 ], [ 357978.722416912089102, 5726142.522602816112339 ], [ 357971.852921029436402, 5726145.798522403463721 ], [ 357964.457985200802796, 5726148.599565850570798 ], [ 357956.551437345566228, 5726150.925346367992461 ], [ 357929.415555192332249, 5726154.048164293169975 ], [ 357924.936683233594522, 5726154.730639036744833 ], [ 357921.446040691342205, 5726154.873382618650794 ], [ 357966.669328319607303, 5726220.563023042865098 ], [ 358029.743309493176639, 5726312.526929314248264 ], [ 358036.162479593651369, 5726322.774113341234624 ], [ 358041.883754495123867, 5726334.042520904913545 ], [ 358046.927241493132897, 5726359.35228811390698 ], [ 358044.946587697253563, 5726365.940589889883995 ], [ 358040.842409489559941, 5726369.606083568185568 ], [ 358036.531604956951924, 5726374.290112737566233 ], [ 358034.648673929623328, 5726383.368524722754955 ], [ 358028.175401022483129, 5726420.654011154547334 ], [ 358017.317637950764038, 5726497.147210746072233 ], [ 358007.891749161761254, 5726560.078673891723156 ], [ 358004.307474110741168, 5726590.338580925948918 ], [ 358015.458755080588162, 5726590.970875302329659 ], [ 358021.359806422551628, 5726591.41698965523392 ], [ 358032.367973218322732, 5726592.865749544464052 ], [ 358044.159641348291188, 5726591.910934907384217 ], [ 358053.948640126618557, 5726589.621358366683125 ], [ 358058.61513540148735, 5726588.488552681170404 ], [ 358063.691338194068521, 5726585.930872995406389 ], [ 358074.239712139242329, 5726578.901370977982879 ], [ 358085.500170723185875, 5726566.187311344780028 ], [ 358095.967820712132379, 5726557.268230485729873 ], [ 358117.438365810201503, 5726543.944518845528364 ], [ 358135.982273759320378, 5726535.800137580372393 ], [ 358148.69543031277135, 5726531.681356797926128 ], [ 358181.374498046236113, 5726526.434104108251631 ], [ 358248.324843895738013, 5726518.176935143768787 ], [ 358332.450138359330595, 5726507.71369797270745 ], [ 358403.815241632284597, 5726499.446010978892446 ], [ 358438.387510781292804, 5726496.061488806270063 ], [ 358445.360524988616817, 5726495.498710152693093 ], [ 358484.367224222281948, 5726491.088734867982566 ], [ 358484.367535943340044, 5726491.099854895845056 ], [ 358614.039357358240522, 5726478.697053463198245 ], [ 358635.479053538409062, 5726477.807298461906612 ], [ 358666.50512685906142, 5726480.722364977002144 ], [ 358692.939103114185855, 5726486.448183133266866 ], [ 358709.668156323139556, 5726492.045112091116607 ], [ 358729.444842423312366, 5726501.707829643040895 ], [ 358749.400977753626648, 5726515.56113509926945 ], [ 358759.742043183476198, 5726525.076220114715397 ], [ 358761.938447276130319, 5726526.416990287601948 ], [ 358770.449424199818168, 5726531.609703560359776 ], [ 358772.638597338693216, 5726532.939551696181297 ], [ 358772.831311419955455, 5726537.107437019236386 ], [ 358773.380381675029639, 5726549.066598281264305 ], [ 358777.182242909329943, 5726631.045813990756869 ], [ 358777.272879008494783, 5726632.801619173958898 ], [ 358779.90257898659911, 5726639.73915780428797 ], [ 358780.201846460346133, 5726640.543183691799641 ], [ 358780.776874776813202, 5726650.70989347808063 ], [ 358782.00799020100385, 5726672.209563503973186 ], [ 358782.318454796390142, 5726673.413910842500627 ], [ 358787.131751319160685, 5726672.333318187855184 ], [ 358789.967459035571665, 5726672.0425466587767 ], [ 358797.162014878937043, 5726670.750678506679833 ], [ 359004.921853257110342, 5726646.492072232067585 ], [ 359042.678935947595164, 5726639.739730444736779 ], [ 359054.321060512913391, 5726637.645193682983518 ], [ 359150.70838268159423, 5726624.783265508711338 ], [ 359243.122659614658915, 5726617.32010595779866 ], [ 359474.547696475056, 5726595.225618650205433 ], [ 359574.885929771349765, 5726589.528896457515657 ], [ 359687.06577215535799, 5726584.918361885473132 ], [ 359771.857424143177923, 5726582.996301617473364 ], [ 359782.404498855932616, 5726582.569789578206837 ], [ 359796.738908660772722, 5726581.982468120753765 ], [ 359939.695287123322487, 5726576.099996980279684 ], [ 359928.535426483023912, 5726542.2225082507357 ], [ 359894.207508582563605, 5726437.976221447810531 ], [ 359852.365704325085972, 5726292.42892902251333 ], [ 359850.897806223481894, 5726287.161323219537735 ], [ 359842.857749192859046, 5726258.272035302594304 ], [ 359840.762483625439927, 5726258.074244630523026 ], [ 359809.035432422882877, 5726144.44155861530453 ], [ 359777.761663612734992, 5726026.24483320210129 ], [ 359756.383227864746004, 5725964.128777271136642 ], [ 359756.306048696162179, 5725963.841576640494168 ], [ 359753.841990658489522, 5725954.606484809890389 ], [ 359751.068279467057437, 5725944.189231779426336 ], [ 359744.633254036365543, 5725920.051924819126725 ], [ 359738.204472409037407, 5725895.892193621024489 ] ] ] ] } },
{ "type": "Feature", "properties": { "full_id": "r2999085", "osm_id": "2999085", "osm_type": "relation", "boundary": "administrative", "note:de": null, "name:es": null, "name:de": null, "ref:nuts:2": null, "ref:nuts": null, "population": null, "name:sr": null, "name:ru": null, "name:la": null, "name:ksh": null, "name:ja": null, "name:ar": null, "de:place": null, "ref:nuts:3": null, "license_plate_code": null, "admin_centre:postal_code": null, "wikipedia": null, "wikidata": "Q44176786", "website": null, "opendata_portal": null, "name:prefix": null, "de:regionalschluessel": null, "de:amtlicher_gemeindeschluessel": null, "admin_title:de": null, "admin_title": null, "TMC:cid_58:tabcd_1:LocationCode": null, "TMC:cid_58:tabcd_1:LCLversion": null, "TMC:cid_58:tabcd_1:Class": null, "type": "boundary", "name": "Deuten", "admin_level": "10" }, "geometry": { "type": "MultiPolygon", "coordinates": [ [ [ [ 357311.677500762511045, 5733697.010722769424319 ], [ 357328.908442113082856, 5733672.049867868423462 ], [ 357390.293996228137985, 5733579.732318164780736 ], [ 357480.447841854242142, 5733444.155528330244124 ], [ 357566.754745027050376, 5733314.342908198945224 ], [ 357605.05128850863548, 5733336.809116762131453 ], [ 357773.600480269582476, 5733435.669137145392597 ], [ 357809.955251577077433, 5733456.488918161019683 ], [ 357825.443630829686299, 5733462.951678946614265 ], [ 357863.071021083276719, 5733465.462139572016895 ], [ 358052.061796916183084, 5733471.07235895562917 ], [ 358082.500232837395743, 5733468.600959193892777 ], [ 358445.441870254580863, 5733439.468936177901924 ], [ 358449.930051176808774, 5733425.086676686070859 ], [ 358534.772307807463221, 5733378.087408160790801 ], [ 358549.442186199361458, 5733369.951976992189884 ], [ 358571.638238244806416, 5733357.665642889216542 ], [ 358585.519143283017911, 5733349.975372347049415 ], [ 358723.099091966170818, 5733273.765954216942191 ], [ 358815.286775599233806, 5733225.597431465052068 ], [ 358819.793014512048103, 5733223.1563301961869 ], [ 359059.037068213685416, 5733212.817665706388652 ], [ 359069.817922119167633, 5733212.349105813540518 ], [ 359192.6115587168606, 5733207.045565760694444 ], [ 359205.720609950425569, 5733207.792034010402858 ], [ 359239.213192783296108, 5733209.705007839016616 ], [ 359278.606074939714745, 5733077.996575380675495 ], [ 359304.877688764710911, 5732986.863407630473375 ], [ 359322.851218392373994, 5732913.078251851722598 ], [ 359326.687740626919549, 5732908.909106553532183 ], [ 359335.800359397835564, 5732911.537022083997726 ], [ 359338.754595173755661, 5732910.419557130895555 ], [ 359340.756525872275233, 5732910.341404226608574 ], [ 359360.934694174677134, 5732914.507802853360772 ], [ 359369.880600392818451, 5732913.145191664807498 ], [ 359375.051791932317428, 5732916.929309922270477 ], [ 359431.235398279968649, 5732920.625250588171184 ], [ 359443.136463115573861, 5732921.150111090391874 ], [ 359598.437919792137109, 5732898.735282626003027 ], [ 359639.49946631671628, 5732906.850238813087344 ], [ 359666.631638194085099, 5732906.628558838739991 ], [ 359717.240686941484455, 5732906.699184505268931 ], [ 359749.481148542021401, 5732912.233955387957394 ], [ 359763.113262973725796, 5732910.151762696914375 ], [ 359780.013310442154761, 5732913.253683208487928 ], [ 359827.161147117556538, 5732909.393135596066713 ], [ 359909.642834815429524, 5732894.578998665325344 ], [ 359977.879496407578699, 5732886.639064501039684 ], [ 359984.824723398545757, 5732888.627268415875733 ], [ 359942.196607896010391, 5732723.459692314267159 ], [ 359915.620032482722308, 5732633.087531350553036 ], [ 359902.655543697765097, 5732578.182658577337861 ], [ 359893.233530708239414, 5732534.363692812621593 ], [ 359889.733139926218428, 5732430.85241551976651 ], [ 359891.513761341571808, 5732418.583541124127805 ], [ 359883.89734141662484, 5732381.547429286874831 ], [ 359882.668470664531924, 5732370.163510972633958 ], [ 360148.173743709397968, 5732339.4170056367293 ], [ 360218.781351843499579, 5732332.705815963447094 ], [ 360228.033807677507866, 5732335.376001519151032 ], [ 360240.670461032772437, 5732334.969842097721994 ], [ 360320.964459114766214, 5732316.662415615282953 ], [ 360382.488128226716071, 5732304.117966781370342 ], [ 360384.441848500340711, 5732303.039993066340685 ], [ 360446.705836337641813, 5732308.482043612748384 ], [ 360448.708003710140474, 5732308.404335288330913 ], [ 360450.70295698789414, 5732308.315698869526386 ], [ 360471.800718158599921, 5732310.457970935851336 ], [ 360530.020178680657409, 5732339.082789288833737 ], [ 360549.351404119108338, 5732371.299446471966803 ], [ 360548.440260549832601, 5732373.338953879661858 ], [ 360550.552812944632024, 5732376.251844079233706 ], [ 360571.934626058908179, 5732409.402278293855488 ], [ 360576.871556589088868, 5732432.2129967790097 ], [ 360575.960414912377018, 5732434.252499382942915 ], [ 360579.073985909926705, 5732437.126572059467435 ], [ 360587.75295373640256, 5732477.78430987522006 ], [ 360588.285286210884806, 5732490.779002812691033 ], [ 360592.572473129781429, 5732497.604675226844847 ], [ 360610.130836409109179, 5732583.933686401695013 ], [ 360625.206128000281751, 5732583.516640561632812 ], [ 360683.015137604379561, 5732579.948044917546213 ], [ 360734.542133000679314, 5732554.630285819992423 ], [ 360740.56000755506102, 5732550.568919078446925 ], [ 360810.111509626265615, 5732517.987585043534636 ], [ 360929.125445013632998, 5732465.067435838282108 ], [ 360968.757908913423307, 5732446.668650757521391 ], [ 360988.166803146828897, 5732436.729435282759368 ], [ 361034.843202155898325, 5732424.380019827745855 ], [ 361057.706930524669588, 5732422.425183166749775 ], [ 361068.774370559025556, 5732425.024577391333878 ], [ 361071.556690420082305, 5732425.671221234835684 ], [ 361080.916124805808067, 5732425.479936490766704 ], [ 361189.787647046614438, 5732445.014877247624099 ], [ 361225.022927166195586, 5732450.610169369727373 ], [ 361305.956868944340385, 5732468.335284569300711 ], [ 361349.051218810316641, 5732473.481401620432734 ], [ 361356.209547462523915, 5732477.190561739727855 ], [ 361379.322996668342967, 5732528.280334039591253 ], [ 361384.561841580551118, 5732534.067745600827038 ], [ 361441.795565877226181, 5732538.714363438077271 ], [ 361484.076887718751095, 5732544.985690241679549 ], [ 361538.183297981740907, 5732546.748036965727806 ], [ 361547.336538339150138, 5732550.380378436297178 ], [ 361619.632193576893769, 5732556.406827939674258 ], [ 361663.914839331584517, 5732562.591293312609196 ], [ 361735.550605012220331, 5732552.645760612562299 ], [ 361738.546494790818542, 5732552.519033685326576 ], [ 361740.541351037798449, 5732552.430906496942043 ], [ 361823.329022252873983, 5732557.760604090988636 ], [ 361906.028191138990223, 5732561.636238135397434 ], [ 361908.023348527378403, 5732561.559297418221831 ], [ 361915.607423463487066, 5732503.661053967662156 ], [ 361912.336005703196861, 5732405.47452808264643 ], [ 361903.541615605470724, 5732379.630243288353086 ], [ 361865.869887560373172, 5732315.137974151410162 ], [ 361864.79863809957169, 5732289.171056115068495 ], [ 361867.658685573376715, 5732267.19167235866189 ], [ 361872.404888052260503, 5732230.81589372921735 ], [ 361872.198958049761131, 5732225.824822133406997 ], [ 361862.688350011478178, 5732217.739127888344228 ], [ 361862.386035271920264, 5732206.207114006392658 ], [ 361861.302739817765541, 5732204.255930399522185 ], [ 361848.282426830031909, 5732106.726200045086443 ], [ 361846.204891120665707, 5732104.813405362889171 ], [ 361845.504226946155541, 5732087.828198648989201 ], [ 361843.419776451541111, 5732085.91559436544776 ], [ 361842.726011301507242, 5732068.930198929272592 ], [ 361840.648458864772692, 5732067.017406340688467 ], [ 361839.948084777919576, 5732050.043321068398654 ], [ 361834.255839342600666, 5732033.261743294075131 ], [ 361834.173637585248798, 5732031.271987624466419 ], [ 361834.515029295464046, 5732015.237523531541228 ], [ 361843.145033068140037, 5731981.860114728100598 ], [ 361852.11606298875995, 5731910.491669332608581 ], [ 361863.505734229576774, 5731819.927007377147675 ], [ 361868.832472962560132, 5731803.700267250649631 ], [ 361867.55212062667124, 5731723.698929987847805 ], [ 361871.89727374096401, 5731683.505985082127154 ], [ 361868.086281637195498, 5731652.650854215025902 ], [ 361866.673917455424089, 5731618.269010150805116 ], [ 361865.792597926571034, 5731564.675894615240395 ], [ 361866.338261633412912, 5731564.660939339548349 ], [ 361866.800728161353618, 5731538.407186261378229 ], [ 361878.110310988035053, 5731439.565235779620707 ], [ 361877.261952343920711, 5731344.283773427829146 ], [ 361876.406250853207894, 5731334.247034437023103 ], [ 361873.327476526959799, 5731298.330620922148228 ], [ 361854.962012592703104, 5731238.105562156997621 ], [ 361842.663567496347241, 5731188.397650185972452 ], [ 361839.933585587190464, 5731179.591911796480417 ], [ 361828.868914692429826, 5731143.88328252453357 ], [ 361801.030269736947957, 5731054.104734420776367 ], [ 361787.129410945810378, 5731009.270643250085413 ], [ 361775.733273792662658, 5730956.455518474802375 ], [ 361775.591918772901408, 5730953.065193111076951 ], [ 361774.511578384321183, 5730926.77584571018815 ], [ 361792.341706452833023, 5730888.483370789326727 ], [ 361796.644133930269163, 5730879.240025767125189 ], [ 361838.095747587794904, 5730840.634061685763299 ], [ 361853.589640395890456, 5730818.475452575832605 ], [ 361863.917777148424648, 5730795.501390383578837 ], [ 361887.693195003201254, 5730725.864314113743603 ], [ 361888.481520548579283, 5730695.083507252857089 ], [ 361884.732116930535994, 5730678.849567919038236 ], [ 361864.130634791683406, 5730626.397765531204641 ], [ 361855.497393764264416, 5730590.889532381668687 ], [ 361853.337779566354584, 5730563.294351479038596 ], [ 361868.070707109523937, 5730485.313820718787611 ], [ 361870.645488607522566, 5730476.585297643207014 ], [ 361882.463884913246147, 5730436.555004380643368 ], [ 361892.396243508497719, 5730354.165675305761397 ], [ 361914.867221545078792, 5730218.36116639059037 ], [ 361917.832639364991337, 5730200.407585087232292 ], [ 361914.879137582727708, 5730172.088535876013339 ], [ 361904.092993382946588, 5730116.296289948746562 ], [ 361902.11163820681395, 5730106.056691667065024 ], [ 361887.540963293169625, 5730030.74857813026756 ], [ 361877.873606642242521, 5730001.177863911725581 ], [ 361875.712730233033653, 5729985.901980536989868 ], [ 361876.641491862130351, 5729908.98973994795233 ], [ 361882.696757986152079, 5729869.284333977848291 ], [ 361884.717908024089411, 5729863.553443312644958 ], [ 361888.208950479107443, 5729853.67588095087558 ], [ 361900.37732543295715, 5729831.90914736315608 ], [ 361940.447509771911427, 5729784.662120340391994 ], [ 361964.206982639501803, 5729764.214133826084435 ], [ 361973.121901033911854, 5729758.973431053571403 ], [ 361979.219778958940879, 5729755.401217291131616 ], [ 361982.056426850729622, 5729749.648054284974933 ], [ 361980.5668855169788, 5729738.426794225350022 ], [ 361969.783859827613924, 5729713.059635017998517 ], [ 361969.229110564803705, 5729711.739400611259043 ], [ 361969.315002800605725, 5729701.487714724615216 ], [ 361980.075966477859765, 5729664.146469926461577 ], [ 361978.333519133739173, 5729659.097312276251614 ], [ 361967.874129137315322, 5729653.897237255237997 ], [ 361955.019045412656851, 5729634.184443742036819 ], [ 361954.468126415158622, 5729620.878727217204869 ], [ 361973.309774892986752, 5729580.64545841794461 ], [ 361988.899226880050264, 5729561.044446922838688 ], [ 361992.397341491188854, 5729552.925086487084627 ], [ 361994.516988827032037, 5729548.003937783651054 ], [ 362001.868095471058041, 5729543.974589016288519 ], [ 362056.822905948618427, 5729513.915512332692742 ], [ 362089.526296300115064, 5729496.027956046164036 ], [ 362103.064542439067736, 5729488.635708399116993 ], [ 362113.543111729202792, 5729482.896263495087624 ], [ 362112.788376913056709, 5729481.848565231077373 ], [ 362023.271172541310079, 5729356.452865468338132 ], [ 361944.54160230665002, 5729149.080275031737983 ], [ 361913.872759459831286, 5729101.154797686263919 ], [ 361862.840770610491745, 5729029.649429617449641 ], [ 361781.333414224965964, 5728914.387641250155866 ], [ 361727.798131911898963, 5728837.476867878809571 ], [ 361720.914856638817582, 5728827.572006360627711 ], [ 361708.819542763987556, 5728810.198146223090589 ], [ 361619.433000339136925, 5728681.767118256539106 ], [ 361569.84588880778756, 5728610.536355185322464 ], [ 361558.706229741801508, 5728617.942026502452791 ], [ 361558.434665118344128, 5728618.12753495387733 ], [ 361520.839310533949174, 5728643.653229509480298 ], [ 361405.897626242192928, 5728721.993985754437745 ], [ 361347.033854726119898, 5728766.300558906048536 ], [ 361344.947145920596085, 5728767.882522192783654 ], [ 361335.012753643386532, 5728774.576750607229769 ], [ 361333.08427336224122, 5728775.876156505197287 ], [ 361328.730911887658294, 5728782.305702038109303 ], [ 361325.566628566302825, 5728786.955384649336338 ], [ 361323.124355108477175, 5728795.980990501120687 ], [ 361321.771153384645004, 5728796.318661409430206 ], [ 361310.130787083995529, 5728799.320655444636941 ], [ 361301.768667733238544, 5728801.06404472887516 ], [ 361268.194433040218428, 5728805.726465918123722 ], [ 361247.66464639629703, 5728809.151144529692829 ], [ 361177.192485893610865, 5728820.838630633428693 ], [ 361016.704388912126888, 5728847.492650797590613 ], [ 361002.369254123826977, 5728849.824000413529575 ], [ 360987.710545537876897, 5728852.208822477608919 ], [ 360958.944501270772889, 5728856.907755518332124 ], [ 360934.745050440425985, 5728861.425317087210715 ], [ 360829.257283101906069, 5728881.11642842553556 ], [ 360818.874545309052337, 5728883.061050068587065 ], [ 360793.027643051580526, 5728893.033249616622925 ], [ 360745.695958253054414, 5728910.142260684631765 ], [ 360740.354960617027245, 5728912.081410614773631 ], [ 360672.216346722154412, 5728920.039199769496918 ], [ 360594.810126737516839, 5728930.490879719145596 ], [ 360590.486290333792567, 5728930.944234061986208 ], [ 360543.897319064068142, 5728935.859957660548389 ], [ 360536.442764690611511, 5728936.644741928204894 ], [ 360463.563594066014048, 5728944.725314753130078 ], [ 360403.660482796898577, 5728951.357224738225341 ], [ 360371.827829247049522, 5729072.850343818776309 ], [ 360360.827577055257279, 5729066.210595431737602 ], [ 360354.097150459536351, 5729062.168043656274676 ], [ 360348.498716560075991, 5729058.795263550244272 ], [ 360322.440728457702789, 5729043.102040983736515 ], [ 360315.76832337572705, 5729037.410893117077649 ], [ 360293.761076713853981, 5729018.656548256985843 ], [ 360199.907678624091204, 5728887.012011067010462 ], [ 360168.979893424897455, 5728843.644003421999514 ], [ 360167.051016505749431, 5728840.926439225673676 ], [ 360091.891423552006017, 5728782.53734041005373 ], [ 359772.326181719894521, 5728525.624185620807111 ], [ 359768.840895650908351, 5728525.89912114944309 ], [ 359100.431092814309523, 5728578.209440590813756 ], [ 359091.348564710293431, 5728578.919394849799573 ], [ 359087.026670843129978, 5728583.413709030486643 ], [ 359053.263639959390275, 5728584.802036805078387 ], [ 358981.074351775110699, 5728587.776492808014154 ], [ 358970.344858982716687, 5728588.209969846531749 ], [ 358968.037155632046051, 5728604.132964258082211 ], [ 358967.376106974086724, 5728608.691978228278458 ], [ 358969.826447756029665, 5728620.38657630328089 ], [ 358975.957962568034418, 5728726.650631671771407 ], [ 358980.208062988123856, 5728765.616029938682914 ], [ 358979.482681783149019, 5728848.033663996495306 ], [ 358980.198156963917427, 5728890.202804915606976 ], [ 358980.735250645549968, 5728921.537518713623285 ], [ 358987.733723424025811, 5729027.399003265425563 ], [ 358989.321445647394285, 5729051.537426327355206 ], [ 358988.959629643126391, 5729052.448971136473119 ], [ 358986.474674291093834, 5729058.806193104013801 ], [ 358962.76788927387679, 5729119.208232881501317 ], [ 358955.763412262545899, 5729137.065451889298856 ], [ 358939.797143129515462, 5729163.620041632093489 ], [ 358812.030454737250693, 5729355.505042533390224 ], [ 358807.052924468065612, 5729362.978255576454103 ], [ 358732.306235495605506, 5729479.675671816803515 ], [ 358725.315770214714576, 5729490.577388083562255 ], [ 358646.961718351172749, 5729612.897209177725017 ], [ 358614.735635568504222, 5729661.465272585861385 ], [ 358614.698122660280205, 5729660.620534271001816 ], [ 358605.656209266046062, 5729678.001283269375563 ], [ 358600.325402159709483, 5729682.2238939255476 ], [ 358603.709259512019344, 5729697.598073873668909 ], [ 358605.41054451407399, 5729702.536084250546992 ], [ 358608.150610588840209, 5729714.43386809155345 ], [ 358614.248285790672526, 5729728.685858219861984 ], [ 358617.899253425537609, 5729738.543792483396828 ], [ 358617.908033666433766, 5729738.610319227911532 ], [ 358619.926046918844804, 5729742.76043685618788 ], [ 358638.523337405873463, 5729803.781448245979846 ], [ 358652.535541675169952, 5729849.751325302757323 ], [ 358666.472750707762316, 5729898.728115471079946 ], [ 358684.437324230384547, 5729958.921205077320337 ], [ 358676.27830080955755, 5730028.515772203914821 ], [ 358679.372635800158605, 5730078.230506888590753 ], [ 358681.620709572976921, 5730085.167528716847301 ], [ 358690.786819425062276, 5730113.444936307147145 ], [ 358702.077755316102412, 5730132.915564751252532 ], [ 358729.930303851608187, 5730172.176626640371978 ], [ 358736.805151329492219, 5730186.061968476511538 ], [ 358737.165238282002974, 5730194.966060452163219 ], [ 358732.721851140609942, 5730200.243188376538455 ], [ 358616.34758942539338, 5730181.391974282450974 ], [ 358557.422575145261362, 5730171.804431009106338 ], [ 358514.576965490181465, 5730164.058898555114865 ], [ 358480.807298592233565, 5730157.939761986956 ], [ 358443.763620540965348, 5730151.456476981751621 ], [ 358405.228080868488178, 5730145.037610024213791 ], [ 358356.593776373425499, 5730136.532258548773825 ], [ 358310.231716423644684, 5730128.430929941125214 ], [ 358265.133807718695607, 5730120.784156374633312 ], [ 358222.294119138736278, 5730113.040897749364376 ], [ 358179.177971674827859, 5730104.816101984120905 ], [ 358119.22158756130375, 5730094.772931742481887 ], [ 358103.575689218821935, 5730091.407114650122821 ], [ 358102.304750968702137, 5730090.964337890967727 ], [ 358037.80247377185151, 5730079.603291511535645 ], [ 357995.970718490774743, 5730072.32321584969759 ], [ 357950.608567258343101, 5730064.174719599075615 ], [ 357897.441030093817972, 5730054.855469534173608 ], [ 357876.006457367097028, 5730050.729780312627554 ], [ 357865.942215642193332, 5730049.14379770681262 ], [ 357848.044478114636149, 5730045.87561840750277 ], [ 357790.068621328100562, 5730035.257404334843159 ], [ 357734.897328377293888, 5730026.0186065454036 ], [ 357686.771134223730769, 5730017.483010241761804 ], [ 357636.89103372360114, 5730009.041897205635905 ], [ 357585.518318706017453, 5730000.643423927016556 ], [ 357534.117767762567382, 5729991.756578967906535 ], [ 357532.597696233191527, 5729991.309851913712919 ], [ 357491.005491715972312, 5729983.515194159932435 ], [ 357487.234203631756827, 5729983.176618067547679 ], [ 357455.229979972704314, 5729977.48175046313554 ], [ 357459.464483473799191, 5729989.314531214535236 ], [ 357451.665619774255902, 5729988.132742841728032 ], [ 357454.341068516194355, 5730047.062748393043876 ], [ 357454.605107899114955, 5730126.604952400550246 ], [ 357456.749533225200139, 5730209.065436862409115 ], [ 357457.294352287019137, 5730240.56720208376646 ], [ 357458.162279157200828, 5730292.058547344990075 ], [ 357458.321929549681954, 5730381.107854334637523 ], [ 357461.78806831582915, 5730477.542349002324045 ], [ 357461.786353252246045, 5730562.589822855778039 ], [ 357462.116025762283243, 5730570.582217086106539 ], [ 357464.252024370012805, 5730628.52591588255018 ], [ 357465.660626911907457, 5730748.044418930076063 ], [ 357465.801836911472492, 5730763.554186901077628 ], [ 357466.835569825023413, 5730880.078497005626559 ], [ 357468.740768966963515, 5730987.07405957672745 ], [ 357470.317937700892799, 5731110.583161583170295 ], [ 357470.967274987138808, 5731175.112770246341825 ], [ 357478.540379027079325, 5731182.800202761776745 ], [ 357480.59199049056042, 5731281.278015587478876 ], [ 357505.803349314839579, 5731292.250640992075205 ], [ 357589.033217388438061, 5731326.846551047638059 ], [ 357686.055887988011818, 5731368.388301515951753 ], [ 357688.590627137338743, 5731369.28495230525732 ], [ 357736.406352937920019, 5731388.334478777833283 ], [ 357732.944072244165, 5731395.476821054704487 ], [ 357721.612223001138773, 5731417.954403634183109 ], [ 357677.448851503781043, 5731511.838594623841345 ], [ 357626.926491997670382, 5731615.473792139440775 ], [ 357605.833535750745796, 5731662.36614550743252 ], [ 357563.300803212332539, 5731748.726836983114481 ], [ 357538.349296518368647, 5731775.963547937572002 ], [ 357528.510614292114042, 5731783.464375199750066 ], [ 357504.504288614320103, 5731791.554981022141874 ], [ 357493.325073053536471, 5731791.003022320568562 ], [ 357346.438812204520218, 5731841.188137140125036 ], [ 357339.462730495957658, 5731843.578020767308772 ], [ 357310.346343990415335, 5731853.539229307323694 ], [ 357305.1977344659972, 5731855.28758308198303 ], [ 356906.166395542793907, 5731991.647696106694639 ], [ 357039.823112889484037, 5732084.543202207423747 ], [ 356858.680599994258955, 5732193.419187600724399 ], [ 356848.886602169484831, 5732201.944031528197229 ], [ 356760.252385989064351, 5732345.568058083765209 ], [ 356671.666826131986454, 5732485.130416341125965 ], [ 356581.661568826762959, 5732624.657098367810249 ], [ 356556.30188846483361, 5732673.389897990971804 ], [ 356548.752690966241062, 5732687.883450691588223 ], [ 356473.057834819715936, 5732869.518136468715966 ], [ 356426.380217403639108, 5732893.762977262958884 ], [ 356439.191313832183369, 5732909.457185631617904 ], [ 356426.963815085531678, 5732907.935949304141104 ], [ 356468.583449375641067, 5732957.954994711093605 ], [ 356505.688074378587771, 5732997.007245449349284 ], [ 356556.624184628832154, 5733051.714035930112004 ], [ 356570.335190370620694, 5733064.333549709059298 ], [ 356623.759579785401002, 5733105.748761703260243 ], [ 356663.569061835238244, 5733136.478444572538137 ], [ 356715.353031486971304, 5733187.089339974336326 ], [ 356753.681011090811808, 5733329.553222998976707 ], [ 356750.133595861843787, 5733341.862701877951622 ], [ 356762.420834588352591, 5733347.957021029666066 ], [ 356785.634478109306656, 5733369.88898815959692 ], [ 357100.523908199276775, 5733673.327156425453722 ], [ 357221.524552405171562, 5733785.492887940257788 ], [ 357243.263450105092488, 5733808.436828217469156 ], [ 357311.677500762511045, 5733697.010722769424319 ] ] ] ] } },
{ "type": "Feature", "properties": { "full_id": "r2999086", "osm_id": "2999086", "osm_type": "relation", "boundary": "administrative", "note:de": null, "name:es": null, "name:de": null, "ref:nuts:2": null, "ref:nuts": null, "population": null, "name:sr": null, "name:ru": null, "name:la": null, "name:ksh": null, "name:ja": null, "name:ar": null, "de:place": null, "ref:nuts:3": null, "license_plate_code": null, "admin_centre:postal_code": null, "wikipedia": null, "wikidata": "Q109182551", "website": null, "opendata_portal": null, "name:prefix": null, "de:regionalschluessel": null, "de:amtlicher_gemeindeschluessel": null, "admin_title:de": null, "admin_title": null, "TMC:cid_58:tabcd_1:LocationCode": null, "TMC:cid_58:tabcd_1:LCLversion": null, "TMC:cid_58:tabcd_1:Class": null, "type": "boundary", "name": "Feldmark", "admin_level": "10" }, "geometry": { "type": "MultiPolygon", "coordinates": [ [ [ [ 359738.204472409037407, 5725895.892193621024489 ], [ 359730.174568766029552, 5725868.404973355121911 ], [ 359728.353572007617913, 5725861.644840011373162 ], [ 359726.670942707918584, 5725855.381651563569903 ], [ 359725.895985172828659, 5725853.14406871329993 ], [ 359710.558341016818304, 5725808.232144028879702 ], [ 359670.290191200212575, 5725679.30189143307507 ], [ 359670.656979643623345, 5725676.064395193010569 ], [ 359669.33076605736278, 5725672.918462494388223 ], [ 359660.848744249204174, 5725651.598028297536075 ], [ 359660.765760773734655, 5725651.600334567017853 ], [ 359655.885895489016548, 5725632.895183566957712 ], [ 359654.281661074608564, 5725626.718864551745355 ], [ 359647.971294102608226, 5725628.507904157042503 ], [ 359643.573443060973659, 5725618.681143155321479 ], [ 359623.362829822290223, 5725552.626933755353093 ], [ 359618.419520072988234, 5725535.381426345556974 ], [ 359613.963778827921487, 5725517.999953385442495 ], [ 359609.783085348899476, 5725500.555193823762238 ], [ 359605.657382313103881, 5725483.097779518924654 ], [ 359603.717576926748734, 5725475.061192092485726 ], [ 359601.798512911133002, 5725467.024028594605625 ], [ 359600.017136475536972, 5725458.960780376568437 ], [ 359598.462732296087779, 5725450.846707719378173 ], [ 359596.683559585013427, 5725439.378037138842046 ], [ 359595.200823873048648, 5725427.867739338427782 ], [ 359593.932158159324899, 5725416.340361467562616 ], [ 359592.780435928143561, 5725404.787475227378309 ], [ 359591.871506978524849, 5725394.997291531413794 ], [ 359591.079832873190753, 5725385.192719303071499 ], [ 359590.433386148535646, 5725375.384109419770539 ], [ 359589.904504919599276, 5725365.572230958379805 ], [ 359589.569620779715478, 5725357.012494383379817 ], [ 359589.352612752467394, 5725348.460609194822609 ], [ 359589.252863087225705, 5725339.894335308112204 ], [ 359589.256850097037386, 5725331.325177327729762 ], [ 359590.120169539994095, 5725218.490238429047167 ], [ 359590.994945010403171, 5725187.717513758689165 ], [ 359590.886656120768748, 5725161.167614925652742 ], [ 359590.209036508109421, 5725144.760597452521324 ], [ 359582.864301479188725, 5725082.978333611041307 ], [ 359578.520964745199308, 5725045.506583618931472 ], [ 359577.409182051429525, 5725035.143355893902481 ], [ 359568.122828089864925, 5725045.929234957322478 ], [ 359556.001952186168637, 5725011.778644664213061 ], [ 359556.544020205386914, 5724981.738530030474067 ], [ 359556.45268386171665, 5724973.973286898806691 ], [ 359555.840131452307105, 5724971.608793328516185 ], [ 359555.573219853802584, 5724963.503444952890277 ], [ 359555.243039542110637, 5724957.603324390947819 ], [ 359554.950550983310677, 5724953.80546657089144 ], [ 359567.523576985462569, 5724950.940799123607576 ], [ 359578.486180025851354, 5724949.901516322046518 ], [ 359578.790583237423562, 5724926.244723581708968 ], [ 359580.218572526879143, 5724813.038043180480599 ], [ 359580.423594737192616, 5724796.261508706025779 ], [ 359551.642192882369272, 5724793.255728657357395 ], [ 359550.486132932477631, 5724797.483365907333791 ], [ 359548.438227646285668, 5724804.985361422412097 ], [ 359501.330596733605489, 5724793.864802800118923 ], [ 359490.737137949268799, 5724791.266035245731473 ], [ 359434.557646071363706, 5724777.516137477010489 ], [ 359425.678540079738013, 5724776.828435204923153 ], [ 359415.620222423225641, 5724776.051153779029846 ], [ 359334.112148692482151, 5724763.508165287785232 ], [ 359325.593687694869004, 5724762.599149213172495 ], [ 359293.123408649931662, 5724759.130001069046557 ], [ 359263.652141725411639, 5724753.741270670667291 ], [ 359260.117785878013819, 5724753.094128034077585 ], [ 359226.621108594932593, 5724736.644600956700742 ], [ 359220.07746639411198, 5724733.577406323514879 ], [ 359211.661678652162664, 5724729.649851000867784 ], [ 359191.106523639056832, 5724712.127616518177092 ], [ 359172.927000328607392, 5724689.943089666776359 ], [ 359111.669872167520225, 5724609.377071119844913 ], [ 359018.803696607821621, 5724486.63695818092674 ], [ 358962.516568196413573, 5724413.42345236055553 ], [ 358903.346951361512765, 5724336.451620977371931 ], [ 358895.51689301582519, 5724326.265003609471023 ], [ 358878.361858851916622, 5724303.429607743397355 ], [ 358835.91910994425416, 5724246.924300751648843 ], [ 358826.729140813229606, 5724235.150990284048021 ], [ 358798.118369393399917, 5724198.513669228181243 ], [ 358787.147773161064833, 5724184.464295588433743 ], [ 358647.985148870386183, 5723993.870854526758194 ], [ 358626.333993486710824, 5723964.818656617775559 ], [ 358621.775451682566199, 5723959.01461564656347 ], [ 358616.95963051111903, 5723953.418094508349895 ], [ 358612.008557816385292, 5723947.936649450100958 ], [ 358606.990165227325633, 5723942.523864973336458 ], [ 358602.538796935230494, 5723937.829710677266121 ], [ 358597.985833995277062, 5723933.216304196044803 ], [ 358588.806590188993141, 5723924.09171290602535 ], [ 358528.804623614414595, 5723864.029358487576246 ], [ 358524.182283657486551, 5723859.662787104025483 ], [ 358506.653216748556588, 5723843.115588697604835 ], [ 358489.03853112552315, 5723826.481814558617771 ], [ 358489.65548178285826, 5723825.273763221688569 ], [ 358503.859345107048284, 5723820.235299239866436 ], [ 358500.451725708087906, 5723816.725026566535234 ], [ 358487.293663327000104, 5723803.238289976492524 ], [ 358479.508251466671936, 5723796.434128798544407 ], [ 358440.154159035300836, 5723761.268067101016641 ], [ 358430.852852172858547, 5723753.73856426589191 ], [ 358385.330248313257471, 5723715.640821155160666 ], [ 358369.721156482642982, 5723701.922586510889232 ], [ 358370.44940407667309, 5723719.752643226645887 ], [ 358370.459750658133999, 5723719.874769151210785 ], [ 358354.541418107110076, 5723704.017404403537512 ], [ 358255.620685448404402, 5723610.027086681686342 ], [ 358221.762642187182792, 5723577.390454676002264 ], [ 358145.965110797435045, 5723504.465528001077473 ], [ 358129.831160816480406, 5723489.115659577772021 ], [ 357819.059885024791583, 5723189.18271728605032 ], [ 357800.834475070761982, 5723171.922865093685687 ], [ 357693.68912051175721, 5723090.771874385885894 ], [ 357684.887994344171602, 5723083.630196714773774 ], [ 357673.50602881598752, 5723074.591420352458954 ], [ 357665.998559999163263, 5723068.39267404563725 ], [ 357659.259324737591669, 5723062.673096098005772 ], [ 357649.710860911989585, 5723055.552524024620652 ], [ 357636.460057288873941, 5723043.595079739578068 ], [ 357625.645730736549012, 5723036.031670711934566 ], [ 357613.993454283103347, 5723026.49983888771385 ], [ 357604.133036558167078, 5723017.896878860890865 ], [ 357593.234844687744044, 5723008.343845035880804 ], [ 357585.706160434521735, 5723001.645011990331113 ], [ 357577.360853604855947, 5722993.489073247648776 ], [ 357568.857440098421648, 5722987.340784619562328 ], [ 357559.957768045482226, 5722977.698109095916152 ], [ 357549.992050133063458, 5722966.594236963428557 ], [ 357538.809433457267005, 5722956.047737007029355 ], [ 357533.479694362729788, 5722948.263144510798156 ], [ 357525.175955032813363, 5722941.096575376577675 ], [ 357518.979998625523876, 5722930.342770569957793 ], [ 357511.69008258957183, 5722917.138093184679747 ], [ 357501.941774019622244, 5722899.017038035206497 ], [ 357496.268912540399469, 5722882.750885431654751 ], [ 357491.009770095814019, 5722864.458761189132929 ], [ 357486.483129419269972, 5722845.622933695092797 ], [ 357482.955771047854796, 5722832.757351453416049 ], [ 357495.279237758019008, 5722828.247708045877516 ], [ 357503.647041368414648, 5722824.906852356158197 ], [ 357503.896133017260581, 5722824.899829649366438 ], [ 357511.74473748379387, 5722821.072830252349377 ], [ 357535.076969662215561, 5722810.610648310743272 ], [ 357570.006643222062849, 5722796.160380261018872 ], [ 357578.132371147046797, 5722792.826474225148559 ], [ 357619.694382950197905, 5722775.60780166555196 ], [ 357661.519599476072472, 5722758.382071523927152 ], [ 357689.327387757657561, 5722747.238154721446335 ], [ 357692.031399935600348, 5722746.127046026289463 ], [ 357694.486317831790075, 5722745.022952032275498 ], [ 357715.370929562253878, 5722735.654394997283816 ], [ 357722.217144650523551, 5722731.878211595118046 ], [ 357723.171205716440454, 5722730.838637836277485 ], [ 357763.369888544548303, 5722680.150866138748825 ], [ 357786.003458509454504, 5722652.693684779107571 ], [ 357800.335440217866562, 5722636.109249013476074 ], [ 357831.840085744042881, 5722599.288284850306809 ], [ 357846.399861176905688, 5722582.174536535516381 ], [ 357850.209174546587747, 5722577.515748336911201 ], [ 357830.959045587689616, 5722577.812314262613654 ], [ 357827.921833463129587, 5722576.929539220407605 ], [ 357792.08774515602272, 5722569.401811925694346 ], [ 357772.196400847169571, 5722560.201551393605769 ], [ 357750.20838526415173, 5722548.600913971662521 ], [ 357761.525752996094525, 5722519.625878601334989 ], [ 357775.007216834113933, 5722488.553422706201673 ], [ 357779.977464626310393, 5722481.836484516970813 ], [ 357784.028751193429343, 5722476.670045989565551 ], [ 357824.758535668021068, 5722494.009147472679615 ], [ 357860.838058915454894, 5722507.539749721065164 ], [ 357878.383147712564096, 5722514.324616834521294 ], [ 357884.741162331542, 5722517.061588152311742 ], [ 357894.309998044162057, 5722506.16461646836251 ], [ 357921.813634897000156, 5722475.510805402882397 ], [ 357961.714193391380832, 5722429.841125824488699 ], [ 357974.587781908747274, 5722414.299810666590929 ], [ 357987.213194421376102, 5722417.283717680722475 ], [ 357993.629056317266077, 5722409.012885657139122 ], [ 358022.300968598865438, 5722424.844950278289616 ], [ 358036.090237529599108, 5722431.791501392610371 ], [ 358041.936296779313125, 5722434.05338448099792 ], [ 358060.726287512225099, 5722440.781664825975895 ], [ 358064.033300767303444, 5722442.14666941575706 ], [ 358079.807273259793874, 5722448.503428036347032 ], [ 358098.820872556068935, 5722460.734285418875515 ], [ 358115.779239390103612, 5722471.542778197675943 ], [ 358125.660701653687283, 5722480.646937023848295 ], [ 358145.165050612180494, 5722492.853055926039815 ], [ 358171.001179959974252, 5722512.794100502505898 ], [ 358184.417536147637293, 5722522.756253336556256 ], [ 358195.197016930149402, 5722529.320254120975733 ], [ 358215.871368655585684, 5722545.477886781096458 ], [ 358230.367159974470269, 5722557.390786821953952 ], [ 358242.128576350223739, 5722563.415420705452561 ], [ 358252.216520406422205, 5722571.501306107267737 ], [ 358257.820443062344566, 5722573.781346253119409 ], [ 358268.348310699569993, 5722574.343046894297004 ], [ 358275.058042904536705, 5722555.058048627339303 ], [ 358287.373830104363151, 5722526.022944794036448 ], [ 358298.689617890398949, 5722503.058798405341804 ], [ 358298.668670519371517, 5722502.558593915775418 ], [ 358308.158980538952164, 5722502.170143970288336 ], [ 358320.520499301492237, 5722504.65034067351371 ], [ 358391.422549184178934, 5722497.84481181576848 ], [ 358391.754068804031704, 5722497.813266999088228 ], [ 358393.273585688206367, 5722497.670540191233158 ], [ 358397.348410267266445, 5722499.503909726627171 ], [ 358399.354481823625974, 5722499.425455472432077 ], [ 358438.227816606522538, 5722495.821554816327989 ], [ 358460.287144709960558, 5722496.91763911396265 ], [ 358537.052744384738617, 5722538.782633732073009 ], [ 358555.364639373729005, 5722546.038002983666956 ], [ 358599.105884090065956, 5722545.404011538252234 ], [ 358637.40530936117284, 5722603.993576757609844 ], [ 358640.930049357120879, 5722605.230442091822624 ], [ 358650.89026582823135, 5722620.910416033118963 ], [ 358705.022164242516737, 5722595.648358852602541 ], [ 358714.101454899879172, 5722591.71097997482866 ], [ 358731.378894867608324, 5722583.527039487846196 ], [ 358760.794227915583178, 5722569.339496369473636 ], [ 358767.095512442174368, 5722566.103046380914748 ], [ 358774.706262896303087, 5722561.650380804203451 ], [ 358773.358804660965689, 5722553.57523635122925 ], [ 358800.980758315417916, 5722532.938912631012499 ], [ 358793.416850781068206, 5722519.239389268681407 ], [ 358819.451478520291857, 5722500.027475292794406 ], [ 358823.305424760386813, 5722497.182187147438526 ], [ 358826.433260620571673, 5722494.869099386036396 ], [ 358859.165042798151262, 5722463.518196661025286 ], [ 358909.045405542943627, 5722435.450330223888159 ], [ 359005.494746255397331, 5722347.435953671112657 ], [ 359024.065356263658032, 5722336.657421174459159 ], [ 359033.626181404222734, 5722335.311319262720644 ], [ 359043.966162961267401, 5722333.843351764604449 ], [ 359067.893013915512711, 5722331.863049123436213 ], [ 359078.475114374363329, 5722331.378850233741105 ], [ 359100.646436872833874, 5722332.752843845635653 ], [ 359144.067453553434461, 5722334.736669477075338 ], [ 359170.361485449131578, 5722341.660556421615183 ], [ 359196.905116745270789, 5722354.564817734062672 ], [ 359198.369217186351307, 5722355.414325623773038 ], [ 359199.990508720045909, 5722356.437513370066881 ], [ 359217.382347320439294, 5722365.735167021863163 ], [ 359248.618665728718042, 5722395.46899644844234 ], [ 359272.618594376544934, 5722419.506297024898231 ], [ 359278.970302406174596, 5722414.332727120257914 ], [ 359280.36481115029892, 5722413.181045810692012 ], [ 359276.872676480910741, 5722410.874482925049961 ], [ 359310.208022950217128, 5722387.411156329326332 ], [ 359341.197611264069565, 5722362.510975247249007 ], [ 359347.764878216898069, 5722355.372867375612259 ], [ 359372.604719842551276, 5722329.208423412404954 ], [ 359383.576177136041224, 5722318.075097188353539 ], [ 359390.897829461959191, 5722310.916066554374993 ], [ 359408.047976022586226, 5722292.110269227065146 ], [ 359415.888451200211421, 5722291.402559284120798 ], [ 359424.104053859366104, 5722366.191907427273691 ], [ 359430.247858737129718, 5722404.336790401488543 ], [ 359431.496287385583855, 5722412.125472473911941 ], [ 359444.647742504719645, 5722414.642074691131711 ], [ 359447.300236749812029, 5722415.147007519379258 ], [ 359453.930978384218179, 5722490.737203379161656 ], [ 359460.642953259637579, 5722493.288217231631279 ], [ 359461.84673125523841, 5722493.744406342506409 ], [ 359463.961998815415427, 5722494.854097769595683 ], [ 359465.860357057652436, 5722496.381578370928764 ], [ 359467.517337022291031, 5722498.193985118530691 ], [ 359468.936148479231633, 5722500.157685484737158 ], [ 359470.133604070695583, 5722502.628326677717268 ], [ 359470.928057549754158, 5722505.299358083866537 ], [ 359471.613033300382085, 5722508.017947553656995 ], [ 359472.523881882312708, 5722510.641228885389864 ], [ 359473.357732665608637, 5722512.487649799324572 ], [ 359474.266770945221651, 5722514.298594797030091 ], [ 359475.278056722483598, 5722516.051054457202554 ], [ 359476.425260428106412, 5722517.710707022808492 ], [ 359479.16270935483044, 5722521.27365386299789 ], [ 359481.059579478402156, 5722523.246324449777603 ], [ 359520.5191977993818, 5722536.004608431831002 ], [ 359545.179733585391659, 5722571.676384571939707 ], [ 359562.382747413299512, 5722584.697357856668532 ], [ 359583.970577994710766, 5722593.534643505699933 ], [ 359600.005950241815299, 5722603.416529845446348 ], [ 359605.426224741968326, 5722607.33903465885669 ], [ 359632.000386734376661, 5722616.449778570793569 ], [ 359641.01462155173067, 5722623.366258504800498 ], [ 359652.944380740751512, 5722630.290827470831573 ], [ 359658.067755605559796, 5722632.251872297376394 ], [ 359663.628611858119257, 5722633.010018571279943 ], [ 359669.369008555309847, 5722633.251271990127861 ], [ 359675.030693347973283, 5722633.650517086498439 ], [ 359681.604995180969127, 5722634.247004804201424 ], [ 359688.21432920609368, 5722634.608828560449183 ], [ 359694.781090714212041, 5722635.183285438455641 ], [ 359701.241511592990719, 5722636.417287967167795 ], [ 359704.231547361356206, 5722637.113294325768948 ], [ 359707.265567882219329, 5722637.897110124118626 ], [ 359709.972881615976803, 5722639.135138196870685 ], [ 359711.967414791230112, 5722641.138564713299274 ], [ 359712.8277505307924, 5722644.442127774469554 ], [ 359712.331753068545368, 5722648.028164070099592 ], [ 359711.341263570764568, 5722651.761467919684947 ], [ 359710.702121495967731, 5722655.429377469234169 ], [ 359710.503431501972955, 5722658.250419707037508 ], [ 359710.291520356258843, 5722661.094086068682373 ], [ 359710.245674681267701, 5722663.933143245987594 ], [ 359710.510583812836558, 5722666.741318177431822 ], [ 359711.079377868853044, 5722670.019587104208767 ], [ 359714.926019688951783, 5722673.88572237547487 ], [ 359748.988302192650735, 5722606.99258750025183 ], [ 359877.635976843128446, 5722689.392662201076746 ], [ 359861.59473799704574, 5722728.219772311858833 ], [ 359894.461087185598444, 5722754.028275834396482 ], [ 359903.703216177294962, 5722761.194837546907365 ], [ 359912.905344621627592, 5722768.418166460469365 ], [ 359921.845301811175887, 5722775.926990689709783 ], [ 359930.328593813348562, 5722783.949269800446928 ], [ 359938.996745512355119, 5722793.146065360866487 ], [ 359947.212681822711602, 5722802.767161501571536 ], [ 359954.893681607907638, 5722812.825976676307619 ], [ 359961.914893460343592, 5722823.314839250408113 ], [ 359971.98981512413593, 5722841.553601781837642 ], [ 359980.72101248044055, 5722860.530705920420587 ], [ 359985.390568302827887, 5722871.618916966952384 ], [ 359988.851587368175387, 5722879.824932063929737 ], [ 359997.13847095402889, 5722899.014682381413877 ], [ 360004.179854977875948, 5722914.488624555058777 ], [ 360011.180300936917774, 5722929.985966016538441 ], [ 360018.05109426821582, 5722945.553677911870182 ], [ 360024.681840484612621, 5722961.205945774912834 ], [ 360029.017264052061364, 5722972.236673440784216 ], [ 360033.147873928304762, 5722983.3732332540676 ], [ 360037.26401352440007, 5722994.487939494661987 ], [ 360041.397486222384032, 5723004.978970156051219 ], [ 360041.613223802298307, 5723005.51829428691417 ], [ 360045.760498364747036, 5723015.50816133338958 ], [ 360049.320356234558858, 5723023.789373790845275 ], [ 360050.023531177663244, 5723025.428054460324347 ], [ 360054.457672599703074, 5723035.276441248133779 ], [ 360059.097208106890321, 5723045.041244205087423 ], [ 360061.624471471994184, 5723050.290707722306252 ], [ 360064.193242948502302, 5723055.539023005403578 ], [ 360066.979409294435754, 5723060.636649057269096 ], [ 360070.18745580513496, 5723065.466639068908989 ], [ 360071.410907371377107, 5723066.890603253617883 ], [ 360072.776574600371532, 5723068.199344740249217 ], [ 360074.16899275383912, 5723069.473960291594267 ], [ 360075.51482577866409, 5723070.816637228243053 ], [ 360078.775550294434652, 5723074.298620372079313 ], [ 360069.273394498275593, 5723078.467825338244438 ], [ 360073.811693900031969, 5723088.079642960801721 ], [ 360109.217877590213902, 5723163.24091815110296 ], [ 360122.627500099129975, 5723191.681527152657509 ], [ 360140.120856151683256, 5723228.834075197577477 ], [ 360145.847213498607744, 5723238.602253048680723 ], [ 360151.406421806430444, 5723248.085720203816891 ], [ 360154.989441288169473, 5723253.96259072329849 ], [ 360158.729425566329155, 5723259.75722018815577 ], [ 360162.543967113830149, 5723265.494146319106221 ], [ 360166.385559115908109, 5723271.208069424144924 ], [ 360168.075266551226377, 5723273.720877395011485 ], [ 360169.778501745313406, 5723276.222183018922806 ], [ 360171.509409428923391, 5723278.722723462618887 ], [ 360173.253229462890886, 5723281.189521554857492 ], [ 360177.907507761847228, 5723287.748991656117141 ], [ 360180.680973427777644, 5723291.645141322165728 ], [ 360247.224121983163059, 5723337.156350944191217 ], [ 360261.854794643819332, 5723344.196742201223969 ], [ 360286.130766175570898, 5723356.267672787420452 ], [ 360344.196172561845742, 5723382.439416609704494 ], [ 360357.888763455208391, 5723388.615718056447804 ], [ 360408.372218208154663, 5723412.037507046945393 ], [ 360434.750196353299543, 5723424.284754874184728 ], [ 360441.076512933243066, 5723427.22601602692157 ], [ 360669.94941492320504, 5723533.441553053446114 ], [ 360677.855204293504357, 5723536.929357385262847 ], [ 360825.192349309218116, 5723602.032635270617902 ], [ 361098.822726864367723, 5723724.706263148225844 ], [ 361107.81606941181235, 5723728.743496354669333 ], [ 361243.770620972150937, 5723789.697763357311487 ], [ 361298.001561106764711, 5723814.015599519014359 ], [ 361326.620372079429217, 5723826.851250175386667 ], [ 361355.168635167530738, 5723839.64447867218405 ], [ 361402.489272450329736, 5723824.335514145903289 ], [ 361477.093293029232882, 5723800.177441451698542 ], [ 361480.356184609583579, 5723795.458566041663289 ], [ 361513.517359647783451, 5723787.883632143959403 ], [ 361521.712842038308736, 5723784.298231141641736 ], [ 361607.489369324408472, 5723746.659915070049465 ], [ 361616.745061841385905, 5723753.216994617134333 ], [ 361627.574264064314775, 5723755.802672442048788 ], [ 361667.581951529835351, 5723726.452188478782773 ], [ 361778.347726891108323, 5723681.28883121907711 ], [ 361781.887190200854093, 5723679.834346365183592 ], [ 361799.24807822535513, 5723701.772038547322154 ], [ 361846.251137033395935, 5723667.925024488009512 ], [ 361875.778615002171136, 5723646.663824273273349 ], [ 361881.026550246635452, 5723653.508989594876766 ], [ 361883.230309574631974, 5723656.375513133592904 ], [ 361908.44911309692543, 5723689.227148606441915 ], [ 361891.459108596784063, 5723717.568085347302258 ], [ 361841.440512464032508, 5723761.134320935234427 ], [ 361846.331772576784715, 5723770.381802912801504 ], [ 361887.421552863379475, 5723753.734381834976375 ], [ 361942.922706204117276, 5723736.738034022040665 ], [ 361955.576011576282326, 5723732.864627479575574 ], [ 362056.499299331335351, 5723716.10886388272047 ], [ 362066.626187168410979, 5723717.067651459947228 ], [ 362072.56679339427501, 5723719.120027605444193 ], [ 362082.510354434838519, 5723726.805377858690917 ], [ 362092.464989401516505, 5723734.390288976952434 ], [ 362113.531809040578082, 5723761.792022591456771 ], [ 362137.295259484788403, 5723812.423025317490101 ], [ 362146.40277105581481, 5723820.431767558678985 ], [ 362181.345111729810014, 5723820.524595437571406 ], [ 362229.552492209768388, 5723814.046329842880368 ], [ 362280.81717593484791, 5723799.595203347504139 ], [ 362339.079396917833947, 5723799.053551577962935 ], [ 362376.045287129352801, 5723799.982864518649876 ], [ 362411.499796286574565, 5723801.087143179029226 ], [ 362413.236631785519421, 5723846.309876394458115 ], [ 362414.843729722371791, 5723848.380495428107679 ], [ 362446.804112174082547, 5723851.093607462011278 ], [ 362466.130447083385661, 5723896.2826381130144 ], [ 362409.616399969556369, 5723928.435361373238266 ], [ 362409.679376823361963, 5723927.443225150927901 ], [ 362407.692307786724996, 5723927.942471705377102 ], [ 362403.411878411716316, 5723973.36247037537396 ], [ 362402.693227707932238, 5723982.306962793692946 ], [ 362402.266024178883526, 5723991.276903097517788 ], [ 362402.240340373828076, 5724000.247036693617702 ], [ 362402.691660670563579, 5724009.193051025271416 ], [ 362403.974980376311578, 5724025.049356203526258 ], [ 362405.481710958760232, 5724042.246105350553989 ], [ 362415.248270007316023, 5724082.620790098793805 ], [ 362416.35351697326405, 5724088.889326299540699 ], [ 362417.101179028162733, 5724095.245498956181109 ], [ 362418.096047314873431, 5724101.528169689700007 ], [ 362419.928469720878638, 5724107.554337174631655 ], [ 362422.409876402467489, 5724111.737786001525819 ], [ 362425.572716323542409, 5724115.524316446855664 ], [ 362428.722322592977434, 5724119.33346570469439 ], [ 362431.15529551950749, 5724123.518237210810184 ], [ 362432.335928489686921, 5724127.725982300937176 ], [ 362432.891021309769712, 5724132.095429185777903 ], [ 362433.268080442445353, 5724136.536493913270533 ], [ 362433.920014136936516, 5724140.903303945437074 ], [ 362435.150717663695104, 5724145.933182548731565 ], [ 362436.553442698495928, 5724150.924992382526398 ], [ 362438.024429661571048, 5724155.881558833643794 ], [ 362439.461433316348121, 5724160.861307612620294 ], [ 362440.581473871890921, 5724164.369619295932353 ], [ 362441.77068559860345, 5724167.876047764904797 ], [ 362442.801707400940359, 5724171.420168671756983 ], [ 362443.377703567966819, 5724175.03232085518539 ], [ 362443.256571628211532, 5724178.719096198678017 ], [ 362442.636490715667605, 5724182.386072095483541 ], [ 362441.933404115494341, 5724186.055308249779046 ], [ 362441.535282239201479, 5724189.738497463986278 ], [ 362441.623720208415762, 5724194.766094683669508 ], [ 362441.995764065533876, 5724199.785969749093056 ], [ 362442.51968327711802, 5724204.790581178851426 ], [ 362443.036381823767442, 5724209.784260937944055 ], [ 362443.704443160095252, 5724215.25233759637922 ], [ 362444.5036271805875, 5724220.705715753138065 ], [ 362445.192135077086277, 5724226.162107524462044 ], [ 362445.52125191752566, 5724231.639413252472878 ], [ 362445.556148162926547, 5724241.564934089779854 ], [ 362445.210905672400258, 5724251.511933985166252 ], [ 362444.164008180028759, 5724261.366755924187601 ], [ 362442.087024582084268, 5724271.015931772999465 ], [ 362440.899407674907707, 5724274.431282651610672 ], [ 362439.361698083695956, 5724277.700370186008513 ], [ 362437.578864048002288, 5724280.864849746227264 ], [ 362435.641433768789284, 5724283.944513130933046 ], [ 362430.840439465129748, 5724290.919174152426422 ], [ 362425.665888647781685, 5724297.648061648011208 ], [ 362420.072948243352585, 5724304.00998608674854 ], [ 362414.017996084527113, 5724309.928238566964865 ], [ 362410.288165532285348, 5724313.023344478569925 ], [ 362406.336641911300831, 5724315.857411465607584 ], [ 362402.189881597878411, 5724318.385206080041826 ], [ 362397.896606305730529, 5724320.616530016995966 ], [ 362324.058761047199368, 5724352.151790538802743 ], [ 362328.656496981624514, 5724385.478293459862471 ], [ 362328.712563631648663, 5724406.331284423358738 ], [ 362400.781802677607629, 5724403.922576039098203 ], [ 362415.987050036492292, 5724402.050618248991668 ], [ 362473.572864393470809, 5724394.97404421120882 ], [ 362484.030771342571825, 5724444.254933006130159 ], [ 362437.78498012421187, 5724467.136423144489527 ], [ 362404.468959846533835, 5724483.634590528905392 ], [ 362349.78694758831989, 5724507.058310923166573 ], [ 362276.469309265143238, 5724533.950839450582862 ], [ 362295.045693811611272, 5724598.879110935144126 ], [ 362302.494256237056106, 5724596.873266962356865 ], [ 362350.696840214543045, 5724583.885874576866627 ], [ 362378.003195528173819, 5724576.509356678463519 ], [ 362377.078644235210959, 5724566.964169913902879 ], [ 362380.768463339074515, 5724560.375819189473987 ], [ 362393.648655190365389, 5724548.128731825388968 ], [ 362406.609832912334241, 5724539.106693067587912 ], [ 362458.834370820201002, 5724498.902194544672966 ], [ 362438.942301683477126, 5724526.919716106727719 ], [ 362436.048075430677272, 5724531.716947737149894 ], [ 362433.779742191312835, 5724536.8754997048527 ], [ 362431.959839472838212, 5724542.233278984203935 ], [ 362430.453616868820973, 5724547.671543095260859 ], [ 362429.029382300854195, 5724554.086868763901293 ], [ 362428.071903412987012, 5724560.61189491301775 ], [ 362427.502974736155011, 5724567.170852730982006 ], [ 362427.273875029466581, 5724573.753940597176552 ], [ 362427.484446788090281, 5724583.518887574784458 ], [ 362428.282633505063131, 5724593.256702776066959 ], [ 362429.523181907832623, 5724602.971342239528894 ], [ 362431.108044987078756, 5724612.620963067747653 ], [ 362432.344013986352365, 5724618.863685872405767 ], [ 362433.827767782844603, 5724625.055147397331893 ], [ 362435.559002648165915, 5724631.184227750636637 ], [ 362437.530195432715118, 5724637.228875352069736 ], [ 362439.12785015249392, 5724641.503161839209497 ], [ 362440.902911409386434, 5724645.683590769767761 ], [ 362442.829226585279685, 5724649.826516201719642 ], [ 362437.650967964204028, 5724657.167570888064802 ], [ 362446.612234697502572, 5724657.335281144827604 ], [ 362448.394359923026059, 5724660.758792898617685 ], [ 362450.393876767659094, 5724664.031716994941235 ], [ 362452.793898726580665, 5724667.01552733592689 ], [ 362456.49341992335394, 5724670.442471931688488 ], [ 362460.59612111991737, 5724673.424435625784099 ], [ 362464.959177074662875, 5724676.054334985092282 ], [ 362469.485756434849463, 5724678.334807155653834 ], [ 362474.06999223557068, 5724680.190836632624269 ], [ 362478.802406198112294, 5724681.642215781845152 ], [ 362483.644527384953108, 5724682.801275776699185 ], [ 362488.50134122709278, 5724683.737373616546392 ], [ 362493.477807431714609, 5724684.492165425792336 ], [ 362498.481589696079027, 5724684.979138451628387 ], [ 362503.500066490960307, 5724685.243149710819125 ], [ 362508.526624612393789, 5724685.295507615432143 ], [ 362513.505932321422733, 5724685.137718279846013 ], [ 362518.458134554093704, 5724684.746976626105607 ], [ 362523.41241144615924, 5724684.178130073472857 ], [ 362528.334786068822723, 5724683.454360026866198 ], [ 362533.260446875821799, 5724682.59696542751044 ], [ 362538.161425442900509, 5724681.595579098910093 ], [ 362543.016064700903371, 5724680.417405347339809 ], [ 362547.809624239278492, 5724679.029460188001394 ], [ 362552.657870544702746, 5724677.361823387444019 ], [ 362557.417069648625329, 5724675.474047773517668 ], [ 362562.123922869795933, 5724673.443032814189792 ], [ 362566.79377647000365, 5724671.324002474546432 ], [ 362568.979242163477466, 5724670.240734643302858 ], [ 362571.134924679354299, 5724669.080379822291434 ], [ 362573.297222189372405, 5724667.908717670477927 ], [ 362575.483295750455, 5724666.847692894749343 ], [ 362576.918228450464085, 5724666.163211012259126 ], [ 362578.381735401810147, 5724665.5113371508196 ], [ 362579.868110118783079, 5724664.936739888973534 ], [ 362581.392698298674077, 5724664.494643388316035 ], [ 362582.823479900020175, 5724664.166382607072592 ], [ 362584.297878727316856, 5724663.914833932183683 ], [ 362585.763284748420119, 5724663.841583546251059 ], [ 362587.175516937917564, 5724664.103629884310067 ], [ 362588.157752540311776, 5724664.588812286965549 ], [ 362589.028456355677918, 5724665.299595437012613 ], [ 362589.812269557965919, 5724666.124025699682534 ], [ 362590.52090775850229, 5724666.983886055648327 ], [ 362591.549907262960915, 5724668.424832904711366 ], [ 362592.415631134004798, 5724669.970376441255212 ], [ 362593.192951675853692, 5724671.573966545984149 ], [ 362593.990718941553496, 5724673.165872224606574 ], [ 362594.584537275717594, 5724674.384962890297174 ], [ 362595.137763480539434, 5724675.638542795553803 ], [ 362595.724664729612414, 5724676.857821738347411 ], [ 362596.441165287396871, 5724678.006805398501456 ], [ 362597.335075977025554, 5724679.061936630867422 ], [ 362598.343542795628309, 5724680.002668620087206 ], [ 362599.406736670644023, 5724680.919655479490757 ], [ 362600.442868934071157, 5724681.859635311178863 ], [ 362601.53524063405348, 5724682.831470528617501 ], [ 362602.654370666015893, 5724683.769193138927221 ], [ 362603.733513397048227, 5724684.763645290397108 ], [ 362604.683661181363277, 5724685.85063299164176 ], [ 362605.244627084000967, 5724686.625485398806632 ], [ 362605.72380421863636, 5724687.447075850330293 ], [ 362606.121192614547908, 5724688.315404321998358 ], [ 362606.415740220458247, 5724689.219915095716715 ], [ 362606.599703689455055, 5724690.63933671079576 ], [ 362606.563547866418958, 5724692.109258940443397 ], [ 362606.457621831155848, 5724693.558822302147746 ], [ 362606.449132252135314, 5724695.027992010116577 ], [ 362606.509162748698145, 5724696.217089844867587 ], [ 362606.568890766240656, 5724697.395067585632205 ], [ 362606.73236665665172, 5724698.570223349146545 ], [ 362607.026349032472353, 5724699.708444325253367 ], [ 362608.543526036315598, 5724703.829170092940331 ], [ 363145.126587526057847, 5724609.528552278876305 ], [ 363524.91530751157552, 5724549.92176179587841 ], [ 363603.779741621983703, 5724537.542575824074447 ], [ 363627.745128900976852, 5724533.779626112431288 ], [ 363642.529879106674343, 5724531.466452131047845 ], [ 363676.944474155083299, 5724526.06404185295105 ], [ 363690.988271987414919, 5724523.73762299772352 ], [ 363735.662414235062897, 5724516.33390886336565 ], [ 363800.390896017896011, 5724506.687225490808487 ], [ 363808.352172062441241, 5724505.448781497776508 ], [ 363827.188346154405735, 5724501.157388356514275 ], [ 363844.51611648069229, 5724496.628518484532833 ], [ 363847.715929565252736, 5724499.268682057969272 ], [ 363887.569063692470081, 5724493.008937684819102 ], [ 363899.258871791011188, 5724491.169405716471374 ], [ 363891.543483085930347, 5724511.296756820753217 ], [ 363842.986410818935838, 5724637.864380793645978 ], [ 363820.134785033471417, 5724709.367077738046646 ], [ 363815.107318642258178, 5724710.55980196967721 ], [ 363803.492490960285068, 5724740.830105481669307 ], [ 363733.452099477406591, 5724923.419156365096569 ], [ 363678.780041275545955, 5725065.944738548249006 ], [ 363653.523875489248894, 5725131.782292984426022 ], [ 363572.522682295704726, 5725342.946976247243583 ], [ 363546.435402976232581, 5725410.955423487350345 ], [ 363514.905681529897265, 5725493.166118642315269 ], [ 363503.104420961695723, 5725524.07666046731174 ], [ 363499.259400759357959, 5725534.162637504749 ], [ 363493.869244603149127, 5725548.274301779456437 ], [ 363483.6900656305952, 5725574.923445289023221 ], [ 363476.348681220901199, 5725594.162369563244283 ], [ 363462.395798010693397, 5725630.706463151611388 ], [ 363454.098195154801942, 5725652.452886515296996 ], [ 363436.100979242182802, 5725699.622645257040858 ], [ 363435.551387304323725, 5725701.050798474811018 ], [ 363427.489446665160358, 5725722.546082954853773 ], [ 363410.579306355328299, 5725767.672341463156044 ], [ 363404.686118322308175, 5725783.377949893474579 ], [ 363385.242064669087995, 5725835.0940315797925 ], [ 363371.259063458186574, 5725872.262448416091502 ], [ 363361.12308975495398, 5725899.177820319309831 ], [ 363358.152298341039568, 5725906.769801156595349 ], [ 363349.561947616341058, 5725928.657907962799072 ], [ 363328.458736245636828, 5725982.433393716812134 ], [ 363331.055713781737722, 5725983.531566921621561 ], [ 363351.865764695568942, 5725992.304944166913629 ], [ 363330.156605588214006, 5726050.525895069353282 ], [ 363324.985017933591735, 5726058.61148024443537 ], [ 363317.211285295546986, 5726070.773697004653513 ], [ 363312.663824464892969, 5726077.885368351824582 ], [ 363296.386628196109086, 5726103.364702950231731 ], [ 363294.099263934593182, 5726107.310408038087189 ], [ 363286.43125599832274, 5726120.560389116406441 ], [ 363274.505463655223139, 5726141.136816570535302 ], [ 363272.674458612804301, 5726144.302322659641504 ], [ 363262.40670599672012, 5726132.584099974483252 ], [ 363220.623939559969585, 5726123.566876227036119 ], [ 363191.524492971599102, 5726124.755920242518187 ], [ 363157.960569272632711, 5726129.215442920103669 ], [ 363141.240515472833067, 5726132.962623708881438 ], [ 363130.707004525291268, 5726137.999952408485115 ], [ 363118.272214828641154, 5726133.908000499941409 ], [ 363068.175206276122481, 5726146.706362132914364 ], [ 363048.587360352510586, 5726155.183268776163459 ], [ 363037.804789902758785, 5726154.09585368167609 ], [ 363025.681234904564917, 5726157.651963656768203 ], [ 363007.233478425885551, 5726156.883860585279763 ], [ 362984.45215165708214, 5726162.420772571116686 ], [ 362967.607825218641665, 5726163.111623260192573 ], [ 362965.784616777673364, 5726164.262812143191695 ], [ 362957.143848550447728, 5726169.683144945651293 ], [ 362947.832994182594121, 5726166.986881203949451 ], [ 362926.579569341847673, 5726172.471454784274101 ], [ 362866.729489464662038, 5726171.871070053428411 ], [ 362845.163696959731169, 5726169.674798944965005 ], [ 362840.532689876970835, 5726169.099522329866886 ], [ 362817.405293961404823, 5726166.222451183013618 ], [ 362783.272898936818819, 5726156.878540832549334 ], [ 362750.300936077954248, 5726138.300173211842775 ], [ 362716.628328794147819, 5726102.870496046729386 ], [ 362643.624117269529961, 5726006.169889094308019 ], [ 362600.07686074229423, 5725954.27252815105021 ], [ 362590.640384389902465, 5725948.508891080506146 ], [ 362579.982255756738596, 5725950.490467324852943 ], [ 362581.010046807467006, 5725938.165666199289262 ], [ 362544.46706664346857, 5725907.455681650899351 ], [ 362539.301787250791676, 5725893.875038977712393 ], [ 362526.609152827702928, 5725883.659792078658938 ], [ 362514.103753636707552, 5725878.035487959161401 ], [ 362460.089702275348827, 5725832.700639422982931 ], [ 362456.708234403748065, 5725825.169822081923485 ], [ 362441.022594620066229, 5725816.616533618420362 ], [ 362440.772389153484255, 5725810.480493934825063 ], [ 362429.926346607506275, 5725807.860352627001703 ], [ 362426.766312149004079, 5725805.665134463459253 ], [ 362384.132176135084592, 5725775.990204652771354 ], [ 362363.849556218134239, 5725767.629201610572636 ], [ 362265.752725492988247, 5725694.964942240156233 ], [ 362240.678050706046633, 5725682.194745528511703 ], [ 362226.770348760241177, 5725677.455131813883781 ], [ 362172.230485395644791, 5725658.923534886911511 ], [ 362118.066990721621551, 5725647.348604570142925 ], [ 362115.527345323760528, 5725647.607133906334639 ], [ 362069.188425643893424, 5725652.422631362453103 ], [ 361969.423909327364527, 5725651.153601105324924 ], [ 361886.707229481544346, 5725654.550427003763616 ], [ 361859.167285297473427, 5725655.682120906189084 ], [ 361782.721681583556347, 5725661.902647467330098 ], [ 361765.702789871545974, 5725662.60221295338124 ], [ 361658.681505769607611, 5725667.002041560597718 ], [ 361567.119225322210696, 5725678.425245258957148 ], [ 361529.224281756905839, 5725680.48808548040688 ], [ 361215.082656142592896, 5725697.503218099474907 ], [ 361137.611945070326328, 5725705.175052593462169 ], [ 361135.636038083233871, 5725705.296161397360265 ], [ 361039.175340614921879, 5725711.188185607083142 ], [ 361031.209182396763936, 5725711.663372565060854 ], [ 360859.857462381361984, 5725722.135520664043725 ], [ 360854.08677187806461, 5725724.931994470767677 ], [ 360497.321782054263167, 5725747.117306537926197 ], [ 360455.841701730561908, 5725750.155308244749904 ], [ 360399.838664724724367, 5725755.553767384029925 ], [ 360277.115875175630208, 5725763.700020564720035 ], [ 360177.497655827435665, 5725773.99158096127212 ], [ 360141.420566809829324, 5725779.453273726627231 ], [ 360086.10288334893994, 5725790.589736395515501 ], [ 360065.072759598377161, 5725795.868770017288625 ], [ 360064.86684798868373, 5725795.930119460448623 ], [ 360052.718514162814245, 5725799.316038722172379 ], [ 360037.060635121772066, 5725803.667297614738345 ], [ 359881.464480404974893, 5725852.11871488019824 ], [ 359752.901762756053358, 5725890.609603413380682 ], [ 359752.764390161260962, 5725890.646804934367537 ], [ 359738.204472409037407, 5725895.892193621024489 ] ] ] ] } },
{ "type": "Feature", "properties": { "full_id": "r2999087", "osm_id": "2999087", "osm_type": "relation", "boundary": "administrative", "note:de": null, "name:es": null, "name:de": null, "ref:nuts:2": null, "ref:nuts": null, "population": null, "name:sr": null, "name:ru": null, "name:la": null, "name:ksh": null, "name:ja": null, "name:ar": null, "de:place": null, "ref:nuts:3": null, "license_plate_code": null, "admin_centre:postal_code": null, "wikipedia": null, "wikidata": "Q1585135", "website": null, "opendata_portal": null, "name:prefix": null, "de:regionalschluessel": null, "de:amtlicher_gemeindeschluessel": null, "admin_title:de": null, "admin_title": null, "TMC:cid_58:tabcd_1:LocationCode": null, "TMC:cid_58:tabcd_1:LCLversion": null, "TMC:cid_58:tabcd_1:Class": null, "type": "boundary", "name": "Hardt", "admin_level": "10" }, "geometry": { "type": "MultiPolygon", "coordinates": [ [ [ [ 358337.377050395240076, 5725964.168474060483277 ], [ 358335.393310071201995, 5725964.747183922678232 ], [ 358320.823713404708542, 5725969.351532974280417 ], [ 358305.798185593448579, 5725974.970309640280902 ], [ 358293.972910503391176, 5725979.464338856749237 ], [ 358278.740425336523913, 5725986.090596954338253 ], [ 358227.964968795888126, 5726010.697297434322536 ], [ 358201.460789450677112, 5726023.282599824480712 ], [ 358181.377808980178088, 5726033.617728601209819 ], [ 358165.013275161851197, 5726043.292043193243444 ], [ 358149.858118225994986, 5726051.919716653414071 ], [ 358132.975176157080568, 5726061.119038398377597 ], [ 358108.034917061799206, 5726075.163298555649817 ], [ 358088.67059612844605, 5726084.9555644383654 ], [ 358070.585808714618906, 5726095.212735219858587 ], [ 358057.905251337448135, 5726103.236954603344202 ], [ 358045.148025360540487, 5726109.271307789720595 ], [ 358035.404312726925127, 5726115.666112184524536 ], [ 358029.530461062560789, 5726118.913954577408731 ], [ 358023.600573204341345, 5726120.660991320386529 ], [ 358021.107904416858219, 5726126.762898590415716 ], [ 358013.194385018316098, 5726129.088783759623766 ], [ 358008.694807942956686, 5726129.282097580842674 ], [ 358003.906942561443429, 5726134.480357438325882 ], [ 357996.305023902794346, 5726138.288766617886722 ], [ 357986.173110962146893, 5726141.211272997781634 ], [ 357978.722416912089102, 5726142.522602816112339 ], [ 357971.852921029436402, 5726145.798522403463721 ], [ 357964.457985200802796, 5726148.599565850570798 ], [ 357956.551437345566228, 5726150.925346367992461 ], [ 357929.415555192332249, 5726154.048164293169975 ], [ 357924.936683233594522, 5726154.730639036744833 ], [ 357921.446040691342205, 5726154.873382618650794 ], [ 357902.009461788344197, 5726156.666808786801994 ], [ 357883.063832593557891, 5726158.44649079721421 ], [ 357872.371471714461222, 5726159.893743980675936 ], [ 357859.4675761773251, 5726162.427132818847895 ], [ 357824.060369488375727, 5726171.381191780790687 ], [ 357801.494388352497481, 5726176.312433366663754 ], [ 357798.185923251323402, 5726180.957307268865407 ], [ 357781.847290498088114, 5726185.123419139534235 ], [ 357742.529347029980272, 5726196.247059493325651 ], [ 357714.324801329523325, 5726203.91946826595813 ], [ 357703.169528074620757, 5726206.370598462410271 ], [ 357690.052017403708305, 5726209.912045300006866 ], [ 357681.960123664874118, 5726213.757012205198407 ], [ 357668.572699037380517, 5726216.805327031761408 ], [ 357654.189906023384538, 5726219.89287053514272 ], [ 357645.722986424516421, 5726220.743683142587543 ], [ 357637.606744698015973, 5726218.079035574570298 ], [ 357623.535972477169707, 5726222.660263342782855 ], [ 357602.498151094536297, 5726228.027858657762408 ], [ 357584.908900301204994, 5726232.252152610570192 ], [ 357568.54294806800317, 5726235.930070760659873 ], [ 357552.148780126299243, 5726238.607242223806679 ], [ 357537.240624227211811, 5726241.220277911052108 ], [ 357518.571939992951229, 5726243.483201057650149 ], [ 357501.900940164108761, 5726245.667551719583571 ], [ 357487.206582639948465, 5726247.273105217143893 ], [ 357474.225811953074299, 5726247.80647131241858 ], [ 357462.191421392490156, 5726247.300425443798304 ], [ 357450.812408984056674, 5726244.271909085102379 ], [ 357440.179523736936972, 5726241.200091630220413 ], [ 357428.089202541741543, 5726239.204437241889536 ], [ 357412.29749923129566, 5726232.338741801679134 ], [ 357399.817796179500874, 5726226.848556845448911 ], [ 357388.540273804217577, 5726220.311716257594526 ], [ 357376.53699820896145, 5726214.296200693584979 ], [ 357366.531379269901663, 5726208.20201809424907 ], [ 357358.253446765709668, 5726201.53598503395915 ], [ 357346.684780017880257, 5726194.005860021337867 ], [ 357335.785553509951569, 5726184.453646090812981 ], [ 357324.907027346838731, 5726175.390539482235909 ], [ 357315.81275032821577, 5726167.267499949783087 ], [ 357309.53238921740558, 5726160.522830707021058 ], [ 357302.939911207999103, 5726152.284591567702591 ], [ 357295.033310303580947, 5726142.603362567722797 ], [ 357284.932514733634889, 5726128.009557956829667 ], [ 357277.611066940939054, 5726114.30541658308357 ], [ 357270.026191101409495, 5726100.096802786923945 ], [ 357264.351968046627007, 5726089.829451613128185 ], [ 357260.647169780451804, 5726078.9722417620942 ], [ 357253.797949688276276, 5726058.232455949299037 ], [ 357250.01950229157228, 5726039.386798396706581 ], [ 357247.727186164818704, 5726032.47380075417459 ], [ 357247.614548031589948, 5726017.475254602730274 ], [ 357245.969183544861153, 5725983.511916710063815 ], [ 357245.684948834241368, 5725970.521421467885375 ], [ 357243.045265753869899, 5725961.114248263649642 ], [ 357241.029828075668775, 5725954.694223891012371 ], [ 357238.751201281382237, 5725935.783909754827619 ], [ 357235.812677485460881, 5725900.877797386609018 ], [ 357233.828597729792818, 5725888.959222148172557 ], [ 357231.038323966437019, 5725882.060309319756925 ], [ 357229.211259557981975, 5725855.625237606465816 ], [ 357226.939914155751467, 5725849.212453154847026 ], [ 357222.572324826964177, 5725840.377203151583672 ], [ 357221.412060982838739, 5725830.427406594157219 ], [ 357219.028452242258936, 5725821.024130904115736 ], [ 357214.478470494039357, 5725807.69797676615417 ], [ 357209.094610494212247, 5725798.412932342849672 ], [ 357210.156347082229331, 5725793.864582895301282 ], [ 357204.709267706319224, 5725783.078931279480457 ], [ 357201.330869072175119, 5725781.327077188529074 ], [ 357182.312152527272701, 5725756.59127152711153 ], [ 357180.364841187198181, 5725753.563648496754467 ], [ 357180.475484540918842, 5725753.56051907222718 ], [ 357177.776265749067534, 5725748.662253913469613 ], [ 357170.037398586398922, 5725742.982840961776674 ], [ 357160.202204252476804, 5725734.880998022854328 ], [ 357151.127666624262929, 5725727.247325180098414 ], [ 357055.525740535813384, 5725647.120405240915716 ], [ 357041.943621324491687, 5725639.180488887242973 ], [ 357036.030493997270241, 5725635.419394911266863 ], [ 357023.969089531688951, 5725627.903884521685541 ], [ 357012.15660300210584, 5725620.381352989934385 ], [ 356979.320550611184444, 5725600.722781342454255 ], [ 356950.669610935612582, 5725585.397415718063712 ], [ 356923.132988529687282, 5725572.522378211840987 ], [ 356893.335489124176092, 5725559.733812664635479 ], [ 356865.385404104425106, 5725549.374798716045916 ], [ 356837.421012879174668, 5725538.515538683161139 ], [ 356817.245227837353013, 5725534.335512664169073 ], [ 356793.912069756013807, 5725532.793624397367239 ], [ 356771.644652807735838, 5725532.712890716269612 ], [ 356741.094544297549874, 5725531.965775932185352 ], [ 356733.351997003715951, 5725532.28558920416981 ], [ 356724.940109552117065, 5725534.627611072733998 ], [ 356713.826258898130618, 5725538.092431734316051 ], [ 356706.602437098976225, 5725538.887240735813975 ], [ 356689.55810163426213, 5725544.089579968713224 ], [ 356681.423242037766613, 5725546.924616039730608 ], [ 356678.770489861431997, 5725549.537299571558833 ], [ 356671.992309185967315, 5725554.815598499961197 ], [ 356663.437436789274216, 5725559.676922275684774 ], [ 356655.187666321056895, 5725566.020877403207123 ], [ 356644.575704129529186, 5725575.45897466596216 ], [ 356617.821379253116902, 5725594.069368479773402 ], [ 356612.316201602458023, 5725600.302083479240537 ], [ 356602.657962066587061, 5725608.711591003462672 ], [ 356593.668398528243415, 5725615.076662171632051 ], [ 356585.028877726872452, 5725617.926193159073591 ], [ 356578.758430431946181, 5725617.681381263770163 ], [ 356567.848907671170309, 5725626.13762744423002 ], [ 356558.624993742909282, 5725633.0213523786515 ], [ 356547.574853566824459, 5725637.987151733599603 ], [ 356527.572938255267218, 5725644.309072837233543 ], [ 356500.850138937006705, 5725639.403760600835085 ], [ 356496.100851241324563, 5725639.594369866885245 ], [ 356489.013476552267093, 5725637.391933045350015 ], [ 356482.501004653517157, 5725637.154119642451406 ], [ 356473.509776548133232, 5725631.522452242672443 ], [ 356465.086453119060025, 5725627.365937123075128 ], [ 356455.491895245038904, 5725619.258564090356231 ], [ 356445.784293111006264, 5725608.149604236707091 ], [ 356434.6380443382659, 5725603.647644827142358 ], [ 356411.771676816046238, 5725590.041597964242101 ], [ 356401.769390034780372, 5725582.691553882323205 ], [ 356393.751032421714626, 5725576.231070399284363 ], [ 356373.492526019806974, 5725553.581083820201457 ], [ 356384.272576426505111, 5725529.625455556437373 ], [ 356408.814830651157536, 5725475.586467126384377 ], [ 356420.505887785169762, 5725449.579562084749341 ], [ 356442.853699544852134, 5725402.558766319416463 ], [ 356444.961952181300148, 5725395.88824041839689 ], [ 356448.107302092481405, 5725387.474377526901662 ], [ 356456.635050054406747, 5725367.044068623334169 ], [ 356462.900079763145186, 5725354.42383551876992 ], [ 356465.159806116484106, 5725349.184649560600519 ], [ 356470.925754406140186, 5725337.02377135399729 ], [ 356477.805091794696636, 5725322.149184128269553 ], [ 356495.352615689102095, 5725286.4051717184484 ], [ 356518.871160157839768, 5725237.90476284082979 ], [ 356532.413894416298717, 5725208.32882940582931 ], [ 356552.41839220863767, 5725165.481777928769588 ], [ 356570.751704627997242, 5725124.707749245688319 ], [ 356588.842953325714916, 5725083.929548026062548 ], [ 356605.305171521264128, 5725046.224745630286634 ], [ 356620.24665420234669, 5725008.095766228623688 ], [ 356630.292306692688726, 5724978.663953585550189 ], [ 356638.449630868039094, 5724957.810518549755216 ], [ 356640.699272937374189, 5724951.714790633879602 ], [ 356644.066830813069828, 5724942.571397217921913 ], [ 356651.803858170576859, 5724923.733124761842191 ], [ 356667.772306271770503, 5724880.055238696746528 ], [ 356682.966360547114164, 5724835.90971951559186 ], [ 356698.745389448478818, 5724787.730128715746105 ], [ 356720.680584173649549, 5724712.77788860630244 ], [ 356766.744104512501508, 5724561.28696782886982 ], [ 356768.870453791460022, 5724546.191532917320728 ], [ 356776.790418405609671, 5724519.847450020723045 ], [ 356782.88093885674607, 5724497.583911553956568 ], [ 356785.697699957469013, 5724480.955385202541947 ], [ 356797.614327162737027, 5724454.442397782579064 ], [ 356832.36481841141358, 5724325.931471236981452 ], [ 356829.867883347324096, 5724314.038679275661707 ], [ 356830.123819365631789, 5724314.031426019966602 ], [ 356839.053084300947376, 5724275.639681874774396 ], [ 356863.401633823872544, 5724162.058362389914691 ], [ 356863.726792050874792, 5724151.543485573492944 ], [ 356884.688460473669693, 5724059.125266375951469 ], [ 356894.392318445839919, 5724009.182220199145377 ], [ 356901.45392909727525, 5723967.872145090252161 ], [ 356926.301836655475199, 5723775.228826757520437 ], [ 356928.015420177660417, 5723762.148401085287333 ], [ 356945.493353037512861, 5723590.825470427982509 ], [ 356947.381678084260784, 5723569.727333347313106 ], [ 356948.572587366623338, 5723550.162467163987458 ], [ 356950.524520042701624, 5723530.576058409176767 ], [ 356952.490324189828243, 5723511.478928945027292 ], [ 356950.852300370461307, 5723502.043510584160686 ], [ 356977.815468702639919, 5723476.418421397916973 ], [ 356988.895278997137211, 5723465.955322987399995 ], [ 356990.098106888704933, 5723464.908556144684553 ], [ 357032.538575814687647, 5723426.136640462093055 ], [ 357033.036700661468785, 5723426.122547566890717 ], [ 357036.697749792481773, 5723422.146131364628673 ], [ 357040.694344008574262, 5723417.792973414063454 ], [ 357106.54119997570524, 5723346.052580908872187 ], [ 357107.252867032948416, 5723345.01973291952163 ], [ 357212.571396867395379, 5723211.11212648730725 ], [ 357221.797205315204337, 5723198.220247235149145 ], [ 357248.247874537482858, 5723166.11199610773474 ], [ 357268.965546487248503, 5723146.752507554367185 ], [ 357293.533849144354463, 5723123.734284806996584 ], [ 357324.642196750734001, 5723095.434558046981692 ], [ 357348.526897364296019, 5723073.93831560947001 ], [ 357371.180835479055531, 5723052.988855056464672 ], [ 357424.710105139878578, 5723004.270078173838556 ], [ 357463.107311474042945, 5722970.668670777231455 ], [ 357482.181564282858744, 5722953.871592312119901 ], [ 357482.788532498641871, 5722950.34890609420836 ], [ 357485.183872652240098, 5722941.734446982853115 ], [ 357503.770135771599598, 5722943.4806595062837 ], [ 357509.303720822965261, 5722944.248336535878479 ], [ 357513.813642553985119, 5722944.566340867429972 ], [ 357515.065363321802579, 5722944.508794471621513 ], [ 357520.771160192263778, 5722943.279575238004327 ], [ 357525.175955032813363, 5722941.096575376577675 ], [ 357533.479694362729788, 5722948.263144510798156 ], [ 357538.809433457267005, 5722956.047737007029355 ], [ 357549.992050133063458, 5722966.594236963428557 ], [ 357559.957768045482226, 5722977.698109095916152 ], [ 357568.857440098421648, 5722987.340784619562328 ], [ 357577.360853604855947, 5722993.489073247648776 ], [ 357585.706160434521735, 5723001.645011990331113 ], [ 357593.234844687744044, 5723008.343845035880804 ], [ 357604.133036558167078, 5723017.896878860890865 ], [ 357613.993454283103347, 5723026.49983888771385 ], [ 357625.645730736549012, 5723036.031670711934566 ], [ 357636.460057288873941, 5723043.595079739578068 ], [ 357649.710860911989585, 5723055.552524024620652 ], [ 357659.259324737591669, 5723062.673096098005772 ], [ 357665.998559999163263, 5723068.39267404563725 ], [ 357673.50602881598752, 5723074.591420352458954 ], [ 357684.887994344171602, 5723083.630196714773774 ], [ 357693.68912051175721, 5723090.771874385885894 ], [ 357800.834475070761982, 5723171.922865093685687 ], [ 357819.059885024791583, 5723189.18271728605032 ], [ 358129.831160816480406, 5723489.115659577772021 ], [ 358145.965110797435045, 5723504.465528001077473 ], [ 358221.762642187182792, 5723577.390454676002264 ], [ 358255.620685448404402, 5723610.027086681686342 ], [ 358354.541418107110076, 5723704.017404403537512 ], [ 358370.459750658133999, 5723719.874769151210785 ], [ 358370.44940407667309, 5723719.752643226645887 ], [ 358369.721156482642982, 5723701.922586510889232 ], [ 358385.330248313257471, 5723715.640821155160666 ], [ 358430.852852172858547, 5723753.73856426589191 ], [ 358440.154159035300836, 5723761.268067101016641 ], [ 358479.508251466671936, 5723796.434128798544407 ], [ 358487.293663327000104, 5723803.238289976492524 ], [ 358500.451725708087906, 5723816.725026566535234 ], [ 358503.859345107048284, 5723820.235299239866436 ], [ 358489.65548178285826, 5723825.273763221688569 ], [ 358489.03853112552315, 5723826.481814558617771 ], [ 358506.653216748556588, 5723843.115588697604835 ], [ 358524.182283657486551, 5723859.662787104025483 ], [ 358528.804623614414595, 5723864.029358487576246 ], [ 358588.806590188993141, 5723924.09171290602535 ], [ 358597.985833995277062, 5723933.216304196044803 ], [ 358602.538796935230494, 5723937.829710677266121 ], [ 358606.990165227325633, 5723942.523864973336458 ], [ 358612.008557816385292, 5723947.936649450100958 ], [ 358616.95963051111903, 5723953.418094508349895 ], [ 358621.775451682566199, 5723959.01461564656347 ], [ 358626.333993486710824, 5723964.818656617775559 ], [ 358647.985148870386183, 5723993.870854526758194 ], [ 358787.147773161064833, 5724184.464295588433743 ], [ 358798.118369393399917, 5724198.513669228181243 ], [ 358826.729140813229606, 5724235.150990284048021 ], [ 358835.91910994425416, 5724246.924300751648843 ], [ 358878.361858851916622, 5724303.429607743397355 ], [ 358895.51689301582519, 5724326.265003609471023 ], [ 358903.346951361512765, 5724336.451620977371931 ], [ 358885.488478935789317, 5724359.307964282110333 ], [ 358870.122625136282295, 5724378.956452711485326 ], [ 358863.09875906520756, 5724389.201886609196663 ], [ 358856.72731418517651, 5724398.516550838947296 ], [ 358808.666543192230165, 5724462.970402433536947 ], [ 358792.124493673094548, 5724521.991971797309816 ], [ 358787.60279001109302, 5724540.758938525803387 ], [ 358783.632370962179266, 5724557.206859525293112 ], [ 358779.433417722932063, 5724574.640499768778682 ], [ 358779.123329580528662, 5724575.928969090804458 ], [ 358778.862280855071731, 5724577.238324849866331 ], [ 358778.712211655743886, 5724578.55570668913424 ], [ 358778.756123239756562, 5724579.878794135525823 ], [ 358779.057820846501272, 5724581.261446884833276 ], [ 358779.579611590481363, 5724582.593431763350964 ], [ 358780.218054589815438, 5724583.888769386336207 ], [ 358780.897065280762035, 5724585.149586852639914 ], [ 358801.726535898691509, 5724624.051925194449723 ], [ 358805.944849482213613, 5724632.569881954230368 ], [ 358808.827538798679598, 5724638.376386228017509 ], [ 358827.316030067042448, 5724680.96107507776469 ], [ 358838.52564059389988, 5724707.812942459248006 ], [ 358840.974658210820053, 5724716.680844044312835 ], [ 358842.338112825993448, 5724721.62839656509459 ], [ 358853.620803357684053, 5724760.018705209717155 ], [ 358880.40873008442577, 5724851.193222868256271 ], [ 358905.042767817853019, 5724971.09553562477231 ], [ 358907.139988678856753, 5724981.25308972876519 ], [ 358911.540132643771358, 5725000.260396669618785 ], [ 358908.259280134807341, 5725057.742722231894732 ], [ 358908.1558966106968, 5725059.492815389297903 ], [ 358909.168361401068978, 5725082.356257150880992 ], [ 358912.067458442877978, 5725099.168629040010273 ], [ 358913.335279048245866, 5725107.635535513050854 ], [ 358913.422063886653632, 5725108.512278102338314 ], [ 358913.991465979255736, 5725111.055971793830395 ], [ 358914.562766655988526, 5725111.685476922430098 ], [ 358915.268971142359078, 5725112.188797968439758 ], [ 358916.061667125672102, 5725112.567287364043295 ], [ 358916.878920863615349, 5725112.833803923800588 ], [ 358918.055498219502624, 5725113.079154518432915 ], [ 358919.26199629495386, 5725113.15673915669322 ], [ 358920.463524359976873, 5725113.056403799913824 ], [ 358921.596285034669563, 5725112.724287051707506 ], [ 358949.068137276102789, 5725102.586620992980897 ], [ 358951.131113158364315, 5725106.81355306878686 ], [ 358951.651034365058877, 5725107.834001294337213 ], [ 358952.130080180126242, 5725108.877848488278687 ], [ 358952.588688217452727, 5725109.933395182713866 ], [ 358952.904711352894083, 5725110.592291017062962 ], [ 358953.935999413835816, 5725112.822614473290741 ], [ 358957.360644251923077, 5725120.205455927178264 ], [ 358964.199837713094894, 5725142.294105210341513 ], [ 358967.051675467053428, 5725160.643579668365419 ], [ 358970.423889720346779, 5725182.261488050222397 ], [ 358972.05318222369533, 5725198.719840168021619 ], [ 358970.097380342194811, 5725218.405466723255813 ], [ 358969.953813938191161, 5725219.956363945268095 ], [ 358969.73417280963622, 5725221.50938555598259 ], [ 358969.381887778348755, 5725223.0215964904055 ], [ 358968.805499729001895, 5725224.439907321706414 ], [ 358968.02646178327268, 5725225.541145205497742 ], [ 358967.070490075217094, 5725226.502651177346706 ], [ 358966.022749000345357, 5725227.399947912432253 ], [ 358965.010208801133558, 5725228.318519253283739 ], [ 358941.512816024245694, 5725251.376821920275688 ], [ 358934.844096481858287, 5725257.939831243827939 ], [ 358933.852936929091811, 5725258.880069590173662 ], [ 358932.847635451471433, 5725259.809574470855296 ], [ 358931.863703098264523, 5725260.760740065015852 ], [ 358930.950482602231205, 5725261.76557416561991 ], [ 358930.154210517706815, 5725262.744884326122701 ], [ 358929.406970854150131, 5725263.745082386769354 ], [ 358928.70215837622527, 5725264.777481530793011 ], [ 358928.061141822603531, 5725265.863742226734757 ], [ 358927.360285902628675, 5725267.285535461269319 ], [ 358926.764720997074619, 5725268.760031123645604 ], [ 358926.17607229645364, 5725270.234333676286042 ], [ 358925.510728610330261, 5725271.688521327450871 ], [ 358914.348805108340457, 5725293.066958041861653 ], [ 358912.538604717818089, 5725296.400495186448097 ], [ 358907.014304440643173, 5725306.515016037970781 ], [ 358904.874791300331708, 5725310.447577918879688 ], [ 358900.105273406836204, 5725320.57440656144172 ], [ 358895.739722823142074, 5725334.507098294794559 ], [ 358895.382648849510588, 5725336.342182197608054 ], [ 358895.317900348396506, 5725338.235870582982898 ], [ 358895.46816111903172, 5725340.145808884873986 ], [ 358895.721536407538224, 5725342.030608706176281 ], [ 358895.97374909860082, 5725343.626094778999686 ], [ 358896.322160454816185, 5725345.19663561694324 ], [ 358896.807954043499194, 5725346.729951851069927 ], [ 358897.491817773145158, 5725348.168704366311431 ], [ 358898.342670973041095, 5725349.391345919109881 ], [ 358899.356083437800407, 5725350.487029981799424 ], [ 358900.471056419424713, 5725351.501975744962692 ], [ 358901.653011315967888, 5725352.437149382196367 ], [ 358903.016327822464518, 5725353.422899675555527 ], [ 358904.439399771916214, 5725354.317951197735965 ], [ 358905.927900201757438, 5725355.077630701474845 ], [ 358907.507627993996721, 5725355.634445265866816 ], [ 358927.513133217464201, 5725360.962645151652396 ], [ 358929.667791887186468, 5725361.536792187020183 ], [ 358931.809861114248633, 5725362.155806581489742 ], [ 358933.906315425643697, 5725362.876254316419363 ], [ 358935.925061123620253, 5725363.788061382248998 ], [ 358938.504744940786622, 5725365.207249683327973 ], [ 358940.978435168974102, 5725366.796330300159752 ], [ 358943.285443417495117, 5725368.612641669809818 ], [ 358945.411317013436928, 5725370.634329844266176 ], [ 358947.084480553981848, 5725372.802207698114216 ], [ 358948.500747809652239, 5725375.188706512562931 ], [ 358949.80822639039252, 5725377.645016345195472 ], [ 358951.197449588682503, 5725380.054528557695448 ], [ 358957.568038023542613, 5725390.081616905517876 ], [ 358968.283326624310575, 5725406.987326653674245 ], [ 358969.382160631474108, 5725409.160121578723192 ], [ 358970.159995959023945, 5725411.486554103903472 ], [ 358970.7668031018693, 5725413.884535097517073 ], [ 358971.35977849306073, 5725416.282902414910495 ], [ 358971.833181479480118, 5725418.11704551614821 ], [ 358972.25879588490352, 5725419.974780593067408 ], [ 358972.60864873661194, 5725421.845760116353631 ], [ 358972.834020252106711, 5725423.720215931534767 ], [ 358972.870890565915033, 5725425.288332371041179 ], [ 358972.790195456473157, 5725426.859731958247721 ], [ 358972.66800676274579, 5725428.432290309108794 ], [ 358972.608058666926809, 5725430.003110527060926 ], [ 358972.612643589847721, 5725433.1412747008726 ], [ 358972.633279578352813, 5725440.819498584605753 ], [ 358972.645531745452899, 5725448.19748190511018 ], [ 358975.138908959983382, 5725459.167518080212176 ], [ 358975.455960714025423, 5725461.351017254404724 ], [ 358976.542606452072505, 5725468.788026890717447 ], [ 358977.150371678930242, 5725472.955444378778338 ], [ 358975.593623927328736, 5725503.702991800382733 ], [ 358974.183561994694173, 5725526.567327878437936 ], [ 358974.529543139389716, 5725534.24759579077363 ], [ 358975.195789777266327, 5725549.430790847167373 ], [ 358975.784301898092963, 5725559.352282907813787 ], [ 358977.044201825279742, 5725580.428238520398736 ], [ 358977.991862229187973, 5725596.271297523751855 ], [ 358975.982388148200698, 5725605.352790439501405 ], [ 358940.978048056364059, 5725605.384540954604745 ], [ 358906.001740629260894, 5725606.172502495348454 ], [ 358871.038407724350691, 5725607.672581196762621 ], [ 358850.390439902490471, 5725609.039828683249652 ], [ 358829.762451430200599, 5725610.87400840036571 ], [ 358809.171774037997238, 5725613.052219893783331 ], [ 358788.615302299382165, 5725615.463262563571334 ], [ 358772.889022545656189, 5725617.360923040658236 ], [ 358715.964984458638355, 5725624.261662711389363 ], [ 358703.680484272714239, 5725625.740512339398265 ], [ 358643.950888547871727, 5725630.316768712364137 ], [ 358638.981955251190811, 5725636.009104452095926 ], [ 358631.922313412535004, 5725640.936449356377125 ], [ 358576.253335035871714, 5725656.806796945631504 ], [ 358572.933421220863238, 5725657.867978162132204 ], [ 358569.646776028210297, 5725659.128547163680196 ], [ 358566.418880852987058, 5725660.509889018721879 ], [ 358563.227121202624403, 5725661.945864592678845 ], [ 358560.814674874127377, 5725663.037280305288732 ], [ 358558.417617522412911, 5725664.183909877203405 ], [ 358556.092206036555581, 5725665.417563716880977 ], [ 358553.854762963484973, 5725666.826814455911517 ], [ 358552.156714004871901, 5725668.220956954173744 ], [ 358550.57336005102843, 5725669.756560899317265 ], [ 358549.011998922389466, 5725671.336064292117953 ], [ 358547.399739775282796, 5725672.827964052557945 ], [ 358528.701733850582968, 5725688.45348409190774 ], [ 358527.492563358740881, 5725689.511205369606614 ], [ 358526.283393375808373, 5725690.568926949985325 ], [ 358525.01011723803822, 5725691.561672439798713 ], [ 358523.656100421503652, 5725692.389749234542251 ], [ 358522.171378217288293, 5725692.998913556337357 ], [ 358520.612207228667103, 5725693.420975553803146 ], [ 358519.030732881976292, 5725693.788019214756787 ], [ 358517.470627655799035, 5725694.176722143776715 ], [ 358499.192773372866213, 5725699.351821495220065 ], [ 358499.399919325485826, 5725699.334888043813407 ], [ 358455.825139521679375, 5725712.096657091751695 ], [ 358452.369588619738352, 5725712.761087276041508 ], [ 358452.371147184458096, 5725712.816687353886664 ], [ 358368.736428232165053, 5725742.482914669439197 ], [ 358334.495146282424685, 5725754.149321056902409 ], [ 358327.832244853081647, 5725756.428464010357857 ], [ 358330.661159905255772, 5725831.356984614394605 ], [ 358332.766176117758732, 5725858.285186961293221 ], [ 358335.087866826273967, 5725926.728747920133173 ], [ 358337.377050395240076, 5725964.168474060483277 ] ] ] ] } },
{ "type": "Feature", "properties": { "full_id": "r2999088", "osm_id": "2999088", "osm_type": "relation", "boundary": "administrative", "note:de": "Nicht leichtfertig ändern, das sind exakte Daten vom Vermessungsamt", "name:es": null, "name:de": null, "ref:nuts:2": null, "ref:nuts": null, "population": null, "name:sr": null, "name:ru": null, "name:la": null, "name:ksh": null, "name:ja": null, "name:ar": null, "de:place": null, "ref:nuts:3": null, "license_plate_code": null, "admin_centre:postal_code": null, "wikipedia": null, "wikidata": "Q16831816", "website": null, "opendata_portal": null, "name:prefix": null, "de:regionalschluessel": null, "de:amtlicher_gemeindeschluessel": null, "admin_title:de": null, "admin_title": null, "TMC:cid_58:tabcd_1:LocationCode": null, "TMC:cid_58:tabcd_1:LCLversion": null, "TMC:cid_58:tabcd_1:Class": null, "type": "boundary", "name": "Hervest", "admin_level": "10" }, "geometry": { "type": "MultiPolygon", "coordinates": [ [ [ [ 359042.678935947595164, 5726639.739730444736779 ], [ 359043.879374893091153, 5726644.569458018988371 ], [ 359046.197673133807257, 5726653.997516705654562 ], [ 359046.384410996572115, 5726654.737926258705556 ], [ 359054.190068088646512, 5726679.047660104930401 ], [ 359061.205918829189613, 5726683.993238572962582 ], [ 359075.001028426922858, 5726688.13748455606401 ], [ 359083.017522986803669, 5726691.997929316014051 ], [ 359092.271214959095232, 5726700.520166398026049 ], [ 359097.052238858945202, 5726706.462986620143056 ], [ 359101.654197897703853, 5726712.188234831206501 ], [ 359109.903053750109393, 5726728.094624609686434 ], [ 359113.946240565332118, 5726737.35215006954968 ], [ 359116.995964875037316, 5726747.705761036835611 ], [ 359119.038093453040347, 5726759.144721700809896 ], [ 359115.792369136004709, 5726781.681912504136562 ], [ 359115.775041833985597, 5726781.804811900481582 ], [ 359117.597842780582141, 5726782.410531690344214 ], [ 359128.815223026787862, 5726786.181706906296313 ], [ 359133.837100650125649, 5726787.86666961107403 ], [ 359178.624339334317483, 5726797.033481043763459 ], [ 359193.537247054744512, 5726800.089622532948852 ], [ 359219.918654960463755, 5726804.762336549349129 ], [ 359219.81120504590217, 5726802.150089130736887 ], [ 359220.549332042748574, 5726802.318691024556756 ], [ 359253.675950839882717, 5726810.186587246134877 ], [ 359266.462939342658501, 5726815.4166693193838 ], [ 359272.208376454131212, 5726821.466298349201679 ], [ 359280.81439420679817, 5726826.879751490429044 ], [ 359299.483636711840518, 5726858.710436441935599 ], [ 359308.418553348979913, 5726873.941399087198079 ], [ 359309.293439944274724, 5726875.541802647523582 ], [ 359317.576562239904888, 5726890.724174379371107 ], [ 359326.391910738835577, 5726906.882178413681686 ], [ 359318.984751133946702, 5726937.52558677457273 ], [ 359315.99995982227847, 5726949.839209379628301 ], [ 359315.107622528797947, 5726953.56993496324867 ], [ 359322.715341862291098, 5726977.54054469615221 ], [ 359322.855068720062263, 5726981.064445696771145 ], [ 359316.768091660458595, 5727004.704510784707963 ], [ 359317.951785546785686, 5727012.172257779166102 ], [ 359324.299121979507618, 5727026.91892534121871 ], [ 359324.926531344477553, 5727031.308401181362569 ], [ 359317.170773209829349, 5727036.031687106005847 ], [ 359305.044767440413125, 5727041.83387132640928 ], [ 359285.285261437529698, 5727055.00464506726712 ], [ 359262.864158413140103, 5727062.540691900998354 ], [ 359263.382085456629284, 5727065.731315797194839 ], [ 359265.225890163332224, 5727077.020049406215549 ], [ 359272.383070742478594, 5727079.368962640874088 ], [ 359285.92991482722573, 5727113.367820126004517 ], [ 359291.084159116959199, 5727126.266960009001195 ], [ 359294.940644229354803, 5727134.06082430575043 ], [ 359298.044604112277739, 5727136.700824989937246 ], [ 359300.360986347368453, 5727150.302291837520897 ], [ 359300.47007795132231, 5727150.989229962229729 ], [ 359316.712133261840791, 5727152.12788453977555 ], [ 359338.485916660400108, 5727156.62909031752497 ], [ 359361.274532247101888, 5727163.784124682657421 ], [ 359378.924344185274094, 5727177.459169775247574 ], [ 359397.620606904441956, 5727194.677429601550102 ], [ 359413.879816024680622, 5727218.295859540812671 ], [ 359420.484172238386236, 5727231.855828896164894 ], [ 359435.83590934908716, 5727263.389835966750979 ], [ 359458.100253207434434, 5727309.131902303546667 ], [ 359455.429506910732016, 5727331.730734267272055 ], [ 359454.407127955288161, 5727350.66684256400913 ], [ 359457.35227776929969, 5727378.417670731432736 ], [ 359472.938829643710051, 5727407.474661034531891 ], [ 359495.563091946416534, 5727432.62990197353065 ], [ 359513.1335261677159, 5727444.493598269298673 ], [ 359528.405325236031786, 5727443.868180699646473 ], [ 359543.779982041334733, 5727445.944215809926391 ], [ 359556.161482235998847, 5727462.526358771137893 ], [ 359560.982397326210048, 5727461.991568108089268 ], [ 359562.825918064569123, 5727466.336094781756401 ], [ 359566.934210429841187, 5727475.992751336656511 ], [ 359568.237193974317051, 5727479.061394553631544 ], [ 359572.21989144035615, 5727489.923446716740727 ], [ 359575.388295230339281, 5727502.599876448512077 ], [ 359574.519453253247775, 5727572.812623885460198 ], [ 359573.117577083292417, 5727592.293435064144433 ], [ 359567.939648526487872, 5727616.787073772400618 ], [ 359561.15572365449043, 5727634.280959689989686 ], [ 359548.859955242311116, 5727657.303413787856698 ], [ 359542.778461615671404, 5727659.765186694450676 ], [ 359538.831194064230658, 5727660.3647157298401 ], [ 359512.651008796878159, 5727657.031514164991677 ], [ 359505.287827156193089, 5727660.419309325516224 ], [ 359500.879173675610218, 5727660.597694741562009 ], [ 359484.737299810163677, 5727665.231523138470948 ], [ 359469.840789092122577, 5727673.347389998845756 ], [ 359466.670075703645125, 5727671.276722437702119 ], [ 359462.261431556253228, 5727671.455141770653427 ], [ 359457.064176612067968, 5727673.87013775575906 ], [ 359452.872390568547416, 5727679.350912249647081 ], [ 359449.843408809450921, 5727670.198458948172629 ], [ 359446.415454892325215, 5727672.553059475496411 ], [ 359448.814483533846214, 5727687.899481229484081 ], [ 359446.985525251599029, 5727697.242881156504154 ], [ 359451.694891723862384, 5727725.745843769982457 ], [ 359456.074880201136693, 5727735.717579601332545 ], [ 359457.630380621762015, 5727741.394405839964747 ], [ 359457.678664467530325, 5727753.311892001889646 ], [ 359463.544130014954135, 5727767.192947458475828 ], [ 359467.743718368699774, 5727783.35726910084486 ], [ 359466.945803252630867, 5727796.188616818748415 ], [ 359461.15028598101344, 5727821.578773078508675 ], [ 359438.22572755406145, 5727840.72431836090982 ], [ 359437.245747236302122, 5727841.552882634103298 ], [ 359427.315641147084534, 5727844.912153130397201 ], [ 359401.554805207590107, 5727853.620267019607127 ], [ 359375.964948177221231, 5727875.411107620224357 ], [ 359345.398673659015913, 5727915.959129802882671 ], [ 359337.175330429919995, 5727930.410849840380251 ], [ 359332.21778362209443, 5727949.601402475498617 ], [ 359318.861394003557507, 5727968.258237432688475 ], [ 359315.587670954409987, 5727979.856599732302129 ], [ 359297.155044072191231, 5728004.007946001365781 ], [ 359282.128595989430323, 5728028.253563259728253 ], [ 359281.43353342008777, 5728029.37469032779336 ], [ 359276.908216532960068, 5728035.031868569552898 ], [ 359270.096533863223158, 5728043.534998788498342 ], [ 359240.539142135239672, 5728086.704248674213886 ], [ 359199.510967759531923, 5728146.64204119425267 ], [ 359186.66744434350403, 5728167.032176250591874 ], [ 359177.655512409168296, 5728184.177104929462075 ], [ 359179.800318078370765, 5728225.582892577163875 ], [ 359180.648899057065137, 5728229.220560939051211 ], [ 359182.794961732171942, 5728238.453154599294066 ], [ 359183.558199054270517, 5728241.759343343786895 ], [ 359189.596320445183665, 5728308.162892639636993 ], [ 359194.997134187840857, 5728342.81170651782304 ], [ 359171.530038512079045, 5728405.58728467207402 ], [ 359165.428315823024604, 5728418.188407015986741 ], [ 359156.880944697652012, 5728441.051735459826887 ], [ 359152.305513351573609, 5728447.867840180173516 ], [ 359147.670469182485249, 5728463.944724554196 ], [ 359142.278252120129764, 5728478.417959199286997 ], [ 359125.799946484621614, 5728522.669658482074738 ], [ 359115.07274378684815, 5728540.775201812386513 ], [ 359102.05575943144504, 5728567.78094575740397 ], [ 359091.348564710293431, 5728578.919394849799573 ], [ 359100.431092814309523, 5728578.209440590813756 ], [ 359768.840895650908351, 5728525.89912114944309 ], [ 359772.326181719894521, 5728525.624185620807111 ], [ 360091.891423552006017, 5728782.53734041005373 ], [ 360167.051016505749431, 5728840.926439225673676 ], [ 360168.979893424897455, 5728843.644003421999514 ], [ 360199.907678624091204, 5728887.012011067010462 ], [ 360293.761076713853981, 5729018.656548256985843 ], [ 360315.76832337572705, 5729037.410893117077649 ], [ 360322.440728457702789, 5729043.102040983736515 ], [ 360348.498716560075991, 5729058.795263550244272 ], [ 360354.097150459536351, 5729062.168043656274676 ], [ 360360.827577055257279, 5729066.210595431737602 ], [ 360371.827829247049522, 5729072.850343818776309 ], [ 360403.660482796898577, 5728951.357224738225341 ], [ 360463.563594066014048, 5728944.725314753130078 ], [ 360536.442764690611511, 5728936.644741928204894 ], [ 360543.897319064068142, 5728935.859957660548389 ], [ 360590.486290333792567, 5728930.944234061986208 ], [ 360594.810126737516839, 5728930.490879719145596 ], [ 360672.216346722154412, 5728920.039199769496918 ], [ 360740.354960617027245, 5728912.081410614773631 ], [ 360745.695958253054414, 5728910.142260684631765 ], [ 360793.027643051580526, 5728893.033249616622925 ], [ 360818.874545309052337, 5728883.061050068587065 ], [ 360829.257283101906069, 5728881.11642842553556 ], [ 360934.745050440425985, 5728861.425317087210715 ], [ 360958.944501270772889, 5728856.907755518332124 ], [ 360987.710545537876897, 5728852.208822477608919 ], [ 361002.369254123826977, 5728849.824000413529575 ], [ 361016.704388912126888, 5728847.492650797590613 ], [ 361177.192485893610865, 5728820.838630633428693 ], [ 361247.66464639629703, 5728809.151144529692829 ], [ 361268.194433040218428, 5728805.726465918123722 ], [ 361301.768667733238544, 5728801.06404472887516 ], [ 361310.130787083995529, 5728799.320655444636941 ], [ 361321.771153384645004, 5728796.318661409430206 ], [ 361323.124355108477175, 5728795.980990501120687 ], [ 361325.566628566302825, 5728786.955384649336338 ], [ 361328.730911887658294, 5728782.305702038109303 ], [ 361333.08427336224122, 5728775.876156505197287 ], [ 361335.012753643386532, 5728774.576750607229769 ], [ 361344.947145920596085, 5728767.882522192783654 ], [ 361347.033854726119898, 5728766.300558906048536 ], [ 361405.897626242192928, 5728721.993985754437745 ], [ 361520.839310533949174, 5728643.653229509480298 ], [ 361558.434665118344128, 5728618.12753495387733 ], [ 361558.706229741801508, 5728617.942026502452791 ], [ 361569.84588880778756, 5728610.536355185322464 ], [ 361619.433000339136925, 5728681.767118256539106 ], [ 361708.819542763987556, 5728810.198146223090589 ], [ 361720.914856638817582, 5728827.572006360627711 ], [ 361727.798131911898963, 5728837.476867878809571 ], [ 361781.333414224965964, 5728914.387641250155866 ], [ 361862.840770610491745, 5729029.649429617449641 ], [ 361871.511491844954435, 5729034.386414028704166 ], [ 361896.081975201028399, 5729021.961959987878799 ], [ 361941.713031403371133, 5729022.237430232577026 ], [ 362164.37804493290605, 5729031.004478747025132 ], [ 362173.855369233002421, 5729031.357575074769557 ], [ 362176.451098087185528, 5729031.442448026500642 ], [ 362179.372536493698135, 5729031.551808278076351 ], [ 362324.995152415824123, 5729037.546139283105731 ], [ 362354.184025604394265, 5729042.525193455629051 ], [ 362388.969111809274182, 5729051.613926036283374 ], [ 362431.617602228769101, 5729063.760183302685618 ], [ 362434.56472366838716, 5729064.558952097781003 ], [ 362437.419884095550515, 5729065.28233155887574 ], [ 362454.231858455576003, 5729074.917342046275735 ], [ 362463.424539177038241, 5729077.771506186574697 ], [ 362469.136717129149474, 5729079.540971987880766 ], [ 362506.681644167634659, 5729091.203810115344822 ], [ 362581.218960176571272, 5729114.322786391712725 ], [ 362619.244599398574792, 5729128.421592740342021 ], [ 362659.444528362131678, 5729145.933535386808217 ], [ 362705.775476560345851, 5729166.138896483927965 ], [ 362732.019963545608334, 5729177.57680600695312 ], [ 362792.024972498300485, 5729203.731741778552532 ], [ 362883.216108665626962, 5729246.611187508329749 ], [ 362891.344797323923558, 5729250.541100353002548 ], [ 363140.87107653147541, 5729367.978986133821309 ], [ 363149.254033341712784, 5729373.64955094922334 ], [ 363322.369355044269469, 5729491.812213025055826 ], [ 363335.523338734521531, 5729500.803562995046377 ], [ 363371.425920677720569, 5729525.30358518846333 ], [ 363373.095197600487154, 5729526.42683919146657 ], [ 363442.235270871489774, 5729573.574589516036212 ], [ 363463.839665024541318, 5729590.004871672950685 ], [ 363495.460588279587682, 5729615.778992746025324 ], [ 363526.572554511483759, 5729641.15532355569303 ], [ 363558.730010237079114, 5729667.360428865998983 ], [ 363587.705895556835458, 5729690.992114637047052 ], [ 363600.102463329501916, 5729701.161947395652533 ], [ 363794.590145043272059, 5729859.814208471216261 ], [ 363795.579366195190232, 5729865.718879518099129 ], [ 363806.230334383202717, 5729872.987331092357635 ], [ 363826.783842493430711, 5729834.718428932130337 ], [ 363829.061632303870283, 5729828.681019969284534 ], [ 363834.499572332133539, 5729814.200922976247966 ], [ 363874.834384071466047, 5729681.08580317068845 ], [ 363884.853484134655446, 5729653.918272534385324 ], [ 363897.695749522419646, 5729627.843047542497516 ], [ 363935.54652165499283, 5729566.050079666078091 ], [ 363951.715889690851327, 5729533.842593737877905 ], [ 363985.838378400076181, 5729456.315096937119961 ], [ 364017.849646357819438, 5729383.540943007916212 ], [ 364039.946154609788209, 5729334.90445576608181 ], [ 364040.901361833908595, 5729333.142695146612823 ], [ 364071.648945700202603, 5729276.539026781916618 ], [ 364110.217586965649389, 5729204.245439219288528 ], [ 364111.284164815675467, 5729212.262441539205611 ], [ 364130.308098879642785, 5729232.281591577455401 ], [ 364131.923462699749507, 5729233.974086543545127 ], [ 364215.232941556430887, 5729321.602422466501594 ], [ 364229.564827117603272, 5729321.995576973073184 ], [ 364235.461857186863199, 5729322.19294117577374 ], [ 364320.973224607063457, 5729324.966348346322775 ], [ 364423.677028037433047, 5729328.31394967623055 ], [ 364501.789762461849023, 5729330.866422857157886 ], [ 364512.288868357660249, 5729331.196424404159188 ], [ 364514.635287500568666, 5729331.278059468604624 ], [ 364646.469648386235349, 5729335.572609259746969 ], [ 364722.478672607394401, 5729356.390697910450399 ], [ 364730.754673530347645, 5729358.661446643993258 ], [ 364881.620578742818907, 5729399.96485548093915 ], [ 365048.358826616546139, 5729446.378637047484517 ], [ 365057.26225820730906, 5729450.402500601485372 ], [ 365054.91688374557998, 5729393.500091339461505 ], [ 365054.949445251608267, 5729345.870605872943997 ], [ 365056.6191029434558, 5729338.492462312802672 ], [ 365068.058938652509823, 5729310.922359480522573 ], [ 365073.363944103068206, 5729302.434304373338819 ], [ 365077.402373370714486, 5729295.972081415355206 ], [ 365101.026447545620613, 5729251.061163475736976 ], [ 365131.074190403509419, 5729193.181211892515421 ], [ 365136.463516531279311, 5729195.596586278639734 ], [ 365158.79224105871981, 5729151.599749910645187 ], [ 365170.739224357763305, 5729127.699796109460294 ], [ 365177.580503108794801, 5729117.167733654379845 ], [ 365189.702502786880359, 5729097.480729102157056 ], [ 365194.894272264151368, 5729087.326625529676676 ], [ 365203.929224950494245, 5729065.71909767575562 ], [ 365288.792407350847498, 5729012.273566035553813 ], [ 365291.78657624614425, 5729007.085781389847398 ], [ 365297.780953063629568, 5728996.676672640256584 ], [ 365341.846872031921521, 5728966.121792969293892 ], [ 365347.035628209589049, 5728963.868930577300489 ], [ 365352.125739335198887, 5728962.842802818864584 ], [ 365360.550760033191182, 5728962.395352534018457 ], [ 365362.792678936966695, 5728960.888853155076504 ], [ 365364.743333618505858, 5728958.8337218221277 ], [ 365373.671036949090194, 5728943.795010227710009 ], [ 365387.397251682647038, 5728932.089111773297191 ], [ 365395.728224258404225, 5728925.523755474947393 ], [ 365402.522312361106742, 5728923.561959775164723 ], [ 365413.9034176520654, 5728906.899924533441663 ], [ 365422.870640183566138, 5728908.886306177824736 ], [ 365434.38776514690835, 5728907.688801344484091 ], [ 365434.993241612974089, 5728914.572093289345503 ], [ 365447.914582192432135, 5728922.462229438126087 ], [ 365477.757183473615441, 5728931.347761862911284 ], [ 365487.831844716449268, 5728928.185782084241509 ], [ 365489.475324833882041, 5728919.795858520083129 ], [ 365489.179697252693586, 5728906.116141160018742 ], [ 365496.318661066645291, 5728880.776206034235656 ], [ 365502.112726549152285, 5728867.501650766469538 ], [ 365512.42794007062912, 5728857.534026902168989 ], [ 365521.286791830207221, 5728855.194633278995752 ], [ 365532.262339027132839, 5728823.298171027563512 ], [ 365532.72215432417579, 5728812.269070570357144 ], [ 365524.87722140760161, 5728805.690039214678109 ], [ 365510.644791767583229, 5728803.621280333027244 ], [ 365485.450631890445948, 5728797.39360130392015 ], [ 365453.625754671054892, 5728786.557799213565886 ], [ 365460.650408962392248, 5728777.156350268051028 ], [ 365461.138209982251283, 5728774.183257658965886 ], [ 365461.285599066293798, 5728771.152475251816213 ], [ 365461.225068749627098, 5728768.104981886222959 ], [ 365461.060875153401867, 5728765.060253271833062 ], [ 365460.694133604119997, 5728760.385091548785567 ], [ 365460.127568687545136, 5728755.737515497021377 ], [ 365459.326625312562101, 5728751.118446765467525 ], [ 365458.271163265046198, 5728746.550678850151598 ], [ 365456.827087334240787, 5728741.414613037370145 ], [ 365455.135994929936714, 5728736.351904579438269 ], [ 365453.143487657187507, 5728731.397388976067305 ], [ 365450.788849236560054, 5728726.608326627872884 ], [ 365441.914057128713466, 5728710.208487183786929 ], [ 365417.779352935147472, 5728669.055038729682565 ], [ 365390.701587669318542, 5728622.850150861777365 ], [ 365387.690933866600972, 5728617.065958390943706 ], [ 365386.635586579621304, 5728614.579160593450069 ], [ 365385.929440407722723, 5728611.960635434836149 ], [ 365385.483838430256583, 5728609.257261051796377 ], [ 365385.231450366612989, 5728606.537602839060128 ], [ 365385.250030758383218, 5728604.901271281763911 ], [ 365385.434477898466866, 5728603.260513748042285 ], [ 365385.681421958375722, 5728601.629216705448925 ], [ 365385.907336133415811, 5728599.987352710217237 ], [ 365386.064225644455291, 5728598.091383487917483 ], [ 365386.207293078885414, 5728596.195783107541502 ], [ 365386.39212414692156, 5728594.310196465812624 ], [ 365386.67371118394658, 5728592.422028047032654 ], [ 365387.135457435972057, 5728590.028286349959671 ], [ 365387.972877628984861, 5728585.643712676130235 ], [ 365391.248543073190376, 5728568.441239244304597 ], [ 365391.599542374256998, 5728566.562347368337214 ], [ 365399.965587157290429, 5728528.625889229588211 ], [ 365408.131451765366364, 5728500.031294528394938 ], [ 365416.552677361527458, 5728477.116380119696259 ], [ 365419.319470614136662, 5728474.794690001755953 ], [ 365437.409484113915823, 5728474.69050729367882 ], [ 365454.884507018723525, 5728475.125812469981611 ], [ 365453.725975564157125, 5728460.21163746342063 ], [ 365474.758451634435914, 5728459.18338122498244 ], [ 365492.503244677791372, 5728459.099731688387692 ], [ 365495.40638270531781, 5728458.77751187607646 ], [ 365498.255305025551934, 5728457.978229966945946 ], [ 365501.064038849319331, 5728456.968586832284927 ], [ 365503.887782189645804, 5728456.003057646565139 ], [ 365524.353351877187379, 5728449.793291191570461 ], [ 365524.170008605171461, 5728369.742502085864544 ], [ 365536.460995734843891, 5728369.247985873371363 ], [ 365536.900706864078529, 5728365.764294734224677 ], [ 365537.010981529718265, 5728364.971259525977075 ], [ 365537.135079111612868, 5728364.177855914458632 ], [ 365537.321676053514238, 5728363.393914704211056 ], [ 365537.620337945525534, 5728362.662627356126904 ], [ 365538.307712206791621, 5728361.464727500453591 ], [ 365539.15612455829978, 5728360.340432667173445 ], [ 365540.117787695140578, 5728359.313272756524384 ], [ 365541.171967290807515, 5728358.383800425566733 ], [ 365562.413827648153529, 5728341.058791319839656 ], [ 365586.796426059794612, 5728325.831312440335751 ], [ 365594.245224748621695, 5728323.22919803019613 ], [ 365596.683794001000933, 5728322.34075469430536 ], [ 365599.100444655516185, 5728321.408384030684829 ], [ 365601.53269652207382, 5728320.542367618530989 ], [ 365604.010565273696557, 5728319.830930773168802 ], [ 365605.971158817759715, 5728319.43373313266784 ], [ 365607.96927226067055, 5728319.146817909553647 ], [ 365609.968570734839886, 5728318.904384351335466 ], [ 365611.968757982132956, 5728318.695312241092324 ], [ 365630.530972645035945, 5728316.565080417320132 ], [ 365634.971324371930677, 5728314.488276390358806 ], [ 365631.913911162992008, 5728305.644962073303759 ], [ 365641.999607643345371, 5728302.327263857237995 ], [ 365673.091248459357303, 5728287.86744951736182 ], [ 365679.833218108746223, 5728283.392507591284811 ], [ 365681.9971802032087, 5728279.462318453937769 ], [ 365684.560129193472676, 5728269.734896931797266 ], [ 365676.431274377275258, 5728253.292542647570372 ], [ 365663.425050561199896, 5728236.546064784750342 ], [ 365660.779520799056627, 5728233.300330512225628 ], [ 365657.896522539143916, 5728230.227842023596168 ], [ 365654.75887396390317, 5728227.46259443834424 ], [ 365651.301308345980942, 5728225.150991476140916 ], [ 365629.547628062195145, 5728212.899592312052846 ], [ 365618.903828362061176, 5728203.579517489299178 ], [ 365591.853940572356805, 5728184.135914237238467 ], [ 365574.371471248450689, 5728173.072947870008647 ], [ 365558.143017166759819, 5728163.389894218184054 ], [ 365549.717498631333001, 5728159.196547470055521 ], [ 365547.035640068119392, 5728157.966024321503937 ], [ 365544.288515352527611, 5728156.881907230243087 ], [ 365541.490244458080269, 5728155.954948136582971 ], [ 365538.63332318351604, 5728155.163090898655355 ], [ 365535.657324350380804, 5728154.574714694172144 ], [ 365532.62475014582742, 5728154.199282118119299 ], [ 365529.586745541950222, 5728153.879636630415916 ], [ 365526.553873937926255, 5728153.493087474256754 ], [ 365524.915000828099437, 5728153.247436262667179 ], [ 365523.269512194907293, 5728153.013090008869767 ], [ 365521.636364899924956, 5728152.722774788737297 ], [ 365520.021581444772892, 5728152.342945726588368 ], [ 365517.766863834403921, 5728151.568433661013842 ], [ 365515.569905045209453, 5728150.625461356714368 ], [ 365513.365737270389218, 5728149.671554012224078 ], [ 365511.129677669377998, 5728148.81865070015192 ], [ 365494.50911133387126, 5728143.374928696081042 ], [ 365492.839264320675284, 5728144.821586891077459 ], [ 365470.28821364371106, 5728136.676119456067681 ], [ 365455.395933598570991, 5728129.127739566378295 ], [ 365454.407438284833916, 5728128.631077319383621 ], [ 365419.889475932810456, 5728111.635382633656263 ], [ 365417.404413232696243, 5728109.487170858308673 ], [ 365414.643262947909534, 5728107.101505865342915 ], [ 365411.611160553933587, 5728101.818629929795861 ], [ 365402.211053063394502, 5728084.954328638501465 ], [ 365392.60750683140941, 5728068.763157336041331 ], [ 365384.814345720689744, 5728055.617320254445076 ], [ 365384.148192837019451, 5728054.50002421438694 ], [ 365340.343233290943317, 5728070.792034165933728 ], [ 365287.482145079527982, 5728086.736426167190075 ], [ 365275.770019938237965, 5728089.508458537049592 ], [ 365273.215830737201031, 5728089.955015835352242 ], [ 365266.965139906154945, 5728091.067815721966326 ], [ 365258.013876754790545, 5728091.807615522295237 ], [ 365249.00570155098103, 5728091.97028808388859 ], [ 365240.022878234449308, 5728091.787327339872718 ], [ 365228.449173634464387, 5728091.195076012052596 ], [ 365227.395012992492411, 5728091.089695765636861 ], [ 365216.909589352901094, 5728090.067788890562952 ], [ 365205.437789658084512, 5728088.371181815862656 ], [ 365194.094788818387315, 5728086.05911145079881 ], [ 365181.232454679906368, 5728082.541310297325253 ], [ 365168.591511699487455, 5728078.249783040955663 ], [ 365156.109968859353103, 5728073.453260010108352 ], [ 365143.745978736493271, 5728068.397677587345243 ], [ 365138.29625768342521, 5728066.095144091174006 ], [ 365132.891942127957009, 5728063.680121129378676 ], [ 365127.585354209062643, 5728061.039928471669555 ], [ 365122.464861367247067, 5728058.116562865674496 ], [ 365084.999238389544189, 5728034.936734899878502 ], [ 365034.367546092136763, 5727997.943182558752596 ], [ 364960.812131640559528, 5727936.64759864192456 ], [ 364949.395287528866902, 5727926.425911182537675 ], [ 364915.946395427105017, 5727898.844290080480278 ], [ 364902.831847378518432, 5727889.291327397339046 ], [ 364880.512186730047688, 5727869.980657541193068 ], [ 364804.473714822204784, 5727812.448245212435722 ], [ 364778.379078871337697, 5727792.716114648617804 ], [ 364771.18769860942848, 5727787.38925321213901 ], [ 364768.989712920505553, 5727785.645392002537847 ], [ 364766.878604806261137, 5727783.787921644747257 ], [ 364764.834531535103451, 5727781.85075834300369 ], [ 364762.81059743091464, 5727779.890799717977643 ], [ 364761.446489231893793, 5727778.547464276663959 ], [ 364760.123257809900679, 5727777.180777289904654 ], [ 364758.820166400866583, 5727775.791294497437775 ], [ 364758.48545507970266, 5727775.433035229332745 ], [ 364746.898439726908691, 5727766.117717871442437 ], [ 364731.982691226876341, 5727747.199010040611029 ], [ 364715.147962332936004, 5727714.243510998785496 ], [ 364702.407161883369554, 5727666.288788677193224 ], [ 364699.114092858391814, 5727645.634151248261333 ], [ 364686.530986649740953, 5727606.666803157888353 ], [ 364679.630226345849223, 5727589.747828188352287 ], [ 364678.231321319181006, 5727586.33560374006629 ], [ 364678.194074988598004, 5727586.236448875628412 ], [ 364676.66174280247651, 5727582.749905413016677 ], [ 364675.013684799079783, 5727579.333234725520015 ], [ 364673.17445930140093, 5727576.010716339573264 ], [ 364671.02207973622717, 5727572.618698985315859 ], [ 364668.6998658690718, 5727569.342518715187907 ], [ 364666.221344387158751, 5727566.170684820972383 ], [ 364663.614463563193567, 5727563.113576191477478 ], [ 364626.687774543126579, 5727521.560956807807088 ], [ 364603.24406282248674, 5727496.550543968565762 ], [ 364557.28795986995101, 5727452.903732320293784 ], [ 364555.399637203780003, 5727451.107131997123361 ], [ 364552.342401714005973, 5727446.481959600932896 ], [ 364546.723157853120938, 5727439.188017672859132 ], [ 364543.521182395284995, 5727433.810017846524715 ], [ 364541.293097070592921, 5727427.860598069615662 ], [ 364541.277480721531902, 5727427.794248078018427 ], [ 364540.948892604908906, 5727426.634607607498765 ], [ 364539.563369638635777, 5727421.664110455662012 ], [ 364537.800268617400434, 5727415.513031888753176 ], [ 364536.128630452498328, 5727410.450061582960188 ], [ 364534.518607251695357, 5727405.363181461580098 ], [ 364533.142421705182642, 5727400.225512212142348 ], [ 364532.213475429220125, 5727394.997940845787525 ], [ 364531.674018051009625, 5727388.302121553570032 ], [ 364531.652423313935287, 5727381.570145163685083 ], [ 364532.011033980408683, 5727374.827963193878531 ], [ 364532.619403384742327, 5727368.112461850978434 ], [ 364532.65341806365177, 5727367.833344034850597 ], [ 364533.859862647135742, 5727359.68850911129266 ], [ 364535.593228556273971, 5727351.329223926179111 ], [ 364537.444716700236313, 5727342.989025559276342 ], [ 364539.053067555825692, 5727334.610841466113925 ], [ 364540.511324479943141, 5727325.279662486165762 ], [ 364541.816907355270814, 5727315.930325705558062 ], [ 364543.011292811133899, 5727306.561717748641968 ], [ 364544.07403994910419, 5727297.185515320859849 ], [ 364545.160217149648815, 5727287.908838300034404 ], [ 364546.21844929154031, 5727278.621783661656082 ], [ 364546.965304904035293, 5727269.331958268769085 ], [ 364547.102629140252247, 5727260.013979351148009 ], [ 364546.637039637716953, 5727252.203359019942582 ], [ 364545.70196289679734, 5727244.427595509216189 ], [ 364544.401091807871126, 5727236.683905995450914 ], [ 364542.825487701687962, 5727229.014359436929226 ], [ 364541.358398816548288, 5727221.264003480784595 ], [ 364541.277031807752792, 5727220.809931619092822 ], [ 364539.657650676905178, 5727212.54063864890486 ], [ 364537.445340324076824, 5727205.377822604030371 ], [ 364537.217951766506303, 5727204.63833711668849 ], [ 364535.459430241491646, 5727200.9798494707793 ], [ 364534.716941838385537, 5727199.864702937193215 ], [ 364534.024336870352272, 5727198.803858543746173 ], [ 364516.76826829300262, 5727179.12502711545676 ], [ 364485.950589201122057, 5727150.095445117913187 ], [ 364443.366266152821481, 5727113.136057143099606 ], [ 364426.073028528713621, 5727096.218301200307906 ], [ 364419.261268397211097, 5727090.136101767420769 ], [ 364409.735112598631531, 5727081.645242006517947 ], [ 364398.317382307373919, 5727071.502603850327432 ], [ 364387.047216248232871, 5727061.189101862721145 ], [ 364378.304582229116932, 5727052.510322151705623 ], [ 364363.799925647792406, 5727035.88506493717432 ], [ 364359.190322489361279, 5727029.888429339043796 ], [ 364352.67349218390882, 5727020.370900981128216 ], [ 364346.844124207855202, 5727010.43428857717663 ], [ 364341.923149218666367, 5727000.061523758806288 ], [ 364332.824354168551508, 5726978.138698406517506 ], [ 364316.166184530011378, 5726933.91786099690944 ], [ 364306.557970132562332, 5726914.156512659043074 ], [ 364297.046436693810392, 5726894.64852945972234 ], [ 364288.140764357289299, 5726879.664579862728715 ], [ 364282.537072347826324, 5726872.470630679279566 ], [ 364273.788039930048399, 5726863.057723042555153 ], [ 364264.171650125645101, 5726854.580666276626289 ], [ 364253.715522249869537, 5726847.294671343639493 ], [ 364197.757597825024277, 5726813.323115340434015 ], [ 364187.580299391760491, 5726807.92154458258301 ], [ 364176.987768380669877, 5726803.287884975783527 ], [ 364166.356129547115415, 5726798.744324862957001 ], [ 364155.993863868759945, 5726793.670510806143284 ], [ 364144.476582376810256, 5726787.069852833636105 ], [ 364140.042849286342971, 5726784.540668984875083 ], [ 364124.382207188522443, 5726774.891160813160241 ], [ 364109.033573816064745, 5726764.754785674624145 ], [ 364094.038728393614292, 5726754.141544004902244 ], [ 364080.91854669112945, 5726744.290226360782981 ], [ 364068.071893634274602, 5726734.064343536272645 ], [ 364055.647875297116116, 5726723.348595568910241 ], [ 364043.78236976620974, 5726712.050293865613639 ], [ 364032.941569057293236, 5726700.524108867160976 ], [ 364022.688138695026282, 5726688.459096278063953 ], [ 364012.894312948919833, 5726675.992233238182962 ], [ 364003.453067429945804, 5726663.259939227253199 ], [ 363996.138928511878476, 5726652.695997204631567 ], [ 363989.191215834231116, 5726641.866242498159409 ], [ 363982.488178274594247, 5726630.874108299612999 ], [ 363975.935419981717132, 5726619.811163116246462 ], [ 363948.254074407159351, 5726572.872666561044753 ], [ 363911.813042456400581, 5726511.058296356350183 ], [ 363882.537179641192779, 5726470.46168253198266 ], [ 363870.885295311221853, 5726455.574696722440422 ], [ 363858.162506704742555, 5726441.517848110757768 ], [ 363844.556091584614478, 5726428.308350118808448 ], [ 363830.244917010306381, 5726415.908000493422151 ], [ 363816.572671999747399, 5726405.39338218793273 ], [ 363802.2792522048112, 5726395.707918561063707 ], [ 363787.453644821012858, 5726386.815829265862703 ], [ 363772.21369493578095, 5726378.725067405961454 ], [ 363758.542836864013225, 5726372.372523630037904 ], [ 363744.539126934774686, 5726366.763463254086673 ], [ 363743.51253299677046, 5726366.412810372188687 ], [ 363730.250068987021223, 5726361.863222251646221 ], [ 363715.759239056380466, 5726357.691803593188524 ], [ 363703.570467796002049, 5726354.982845114544034 ], [ 363700.415194687258918, 5726354.467105561867356 ], [ 363691.255398783716373, 5726352.978405395522714 ], [ 363684.624981509463396, 5726352.144760637544096 ], [ 363678.855530311004259, 5726351.421415181830525 ], [ 363666.426186795230024, 5726350.054431349039078 ], [ 363590.895790221053176, 5726341.878949852660298 ], [ 363585.726043155591469, 5726341.32868614885956 ], [ 363515.614916237071157, 5726333.731225150637329 ], [ 363509.278441778966226, 5726333.02340058516711 ], [ 363502.966615698183887, 5726332.203634762205184 ], [ 363496.684247165569104, 5726331.193899646401405 ], [ 363490.456887792330235, 5726329.915606294758618 ], [ 363483.268437421531416, 5726328.151408817619085 ], [ 363476.149422912509181, 5726326.140521636232734 ], [ 363469.125395339040551, 5726323.804355513304472 ], [ 363462.276618211588357, 5726321.040584796108305 ], [ 363456.255743214394897, 5726318.187661620788276 ], [ 363450.371639739256352, 5726315.019454318098724 ], [ 363444.699461918789893, 5726311.500544743612409 ], [ 363439.293621130869724, 5726307.596075523644686 ], [ 363403.747454443946481, 5726279.924649049527943 ], [ 363323.276948813349009, 5726204.605152536183596 ], [ 363289.176651792717166, 5726176.717282855883241 ], [ 363281.704551129660103, 5726171.388860072009265 ], [ 363271.212497261702083, 5726163.905446004122496 ], [ 363264.206654712092131, 5726158.931654107756913 ], [ 363271.722733981441706, 5726145.952826674096286 ], [ 363272.674458612804301, 5726144.302322659641504 ], [ 363262.40670599672012, 5726132.584099974483252 ], [ 363220.623939559969585, 5726123.566876227036119 ], [ 363191.524492971599102, 5726124.755920242518187 ], [ 363157.960569272632711, 5726129.215442920103669 ], [ 363141.240515472833067, 5726132.962623708881438 ], [ 363130.707004525291268, 5726137.999952408485115 ], [ 363118.272214828641154, 5726133.908000499941409 ], [ 363068.175206276122481, 5726146.706362132914364 ], [ 363048.587360352510586, 5726155.183268776163459 ], [ 363037.804789902758785, 5726154.09585368167609 ], [ 363025.681234904564917, 5726157.651963656768203 ], [ 363007.233478425885551, 5726156.883860585279763 ], [ 362984.45215165708214, 5726162.420772571116686 ], [ 362967.607825218641665, 5726163.111623260192573 ], [ 362965.784616777673364, 5726164.262812143191695 ], [ 362957.143848550447728, 5726169.683144945651293 ], [ 362947.832994182594121, 5726166.986881203949451 ], [ 362926.579569341847673, 5726172.471454784274101 ], [ 362866.729489464662038, 5726171.871070053428411 ], [ 362845.163696959731169, 5726169.674798944965005 ], [ 362840.532689876970835, 5726169.099522329866886 ], [ 362817.405293961404823, 5726166.222451183013618 ], [ 362783.272898936818819, 5726156.878540832549334 ], [ 362750.300936077954248, 5726138.300173211842775 ], [ 362716.628328794147819, 5726102.870496046729386 ], [ 362643.624117269529961, 5726006.169889094308019 ], [ 362600.07686074229423, 5725954.27252815105021 ], [ 362590.640384389902465, 5725948.508891080506146 ], [ 362579.982255756738596, 5725950.490467324852943 ], [ 362581.010046807467006, 5725938.165666199289262 ], [ 362544.46706664346857, 5725907.455681650899351 ], [ 362539.301787250791676, 5725893.875038977712393 ], [ 362526.609152827702928, 5725883.659792078658938 ], [ 362514.103753636707552, 5725878.035487959161401 ], [ 362460.089702275348827, 5725832.700639422982931 ], [ 362456.708234403748065, 5725825.169822081923485 ], [ 362441.022594620066229, 5725816.616533618420362 ], [ 362440.772389153484255, 5725810.480493934825063 ], [ 362429.926346607506275, 5725807.860352627001703 ], [ 362426.766312149004079, 5725805.665134463459253 ], [ 362384.132176135084592, 5725775.990204652771354 ], [ 362363.849556218134239, 5725767.629201610572636 ], [ 362265.752725492988247, 5725694.964942240156233 ], [ 362240.678050706046633, 5725682.194745528511703 ], [ 362226.770348760241177, 5725677.455131813883781 ], [ 362172.230485395644791, 5725658.923534886911511 ], [ 362118.066990721621551, 5725647.348604570142925 ], [ 362115.527345323760528, 5725647.607133906334639 ], [ 362069.188425643893424, 5725652.422631362453103 ], [ 361969.423909327364527, 5725651.153601105324924 ], [ 361886.707229481544346, 5725654.550427003763616 ], [ 361859.167285297473427, 5725655.682120906189084 ], [ 361782.721681583556347, 5725661.902647467330098 ], [ 361765.702789871545974, 5725662.60221295338124 ], [ 361658.681505769607611, 5725667.002041560597718 ], [ 361567.119225322210696, 5725678.425245258957148 ], [ 361529.224281756905839, 5725680.48808548040688 ], [ 361215.082656142592896, 5725697.503218099474907 ], [ 361137.611945070326328, 5725705.175052593462169 ], [ 361135.636038083233871, 5725705.296161397360265 ], [ 361039.175340614921879, 5725711.188185607083142 ], [ 361031.209182396763936, 5725711.663372565060854 ], [ 360859.857462381361984, 5725722.135520664043725 ], [ 360854.08677187806461, 5725724.931994470767677 ], [ 360497.321782054263167, 5725747.117306537926197 ], [ 360455.841701730561908, 5725750.155308244749904 ], [ 360399.838664724724367, 5725755.553767384029925 ], [ 360277.115875175630208, 5725763.700020564720035 ], [ 360177.497655827435665, 5725773.99158096127212 ], [ 360141.420566809829324, 5725779.453273726627231 ], [ 360086.10288334893994, 5725790.589736395515501 ], [ 360065.072759598377161, 5725795.868770017288625 ], [ 360064.86684798868373, 5725795.930119460448623 ], [ 360052.718514162814245, 5725799.316038722172379 ], [ 360037.060635121772066, 5725803.667297614738345 ], [ 359881.464480404974893, 5725852.11871488019824 ], [ 359752.901762756053358, 5725890.609603413380682 ], [ 359752.764390161260962, 5725890.646804934367537 ], [ 359738.204472409037407, 5725895.892193621024489 ], [ 359744.633254036365543, 5725920.051924819126725 ], [ 359751.068279467057437, 5725944.189231779426336 ], [ 359753.841990658489522, 5725954.606484809890389 ], [ 359756.306048696162179, 5725963.841576640494168 ], [ 359756.383227864746004, 5725964.128777271136642 ], [ 359777.761663612734992, 5726026.24483320210129 ], [ 359809.035432422882877, 5726144.44155861530453 ], [ 359840.762483625439927, 5726258.074244630523026 ], [ 359842.857749192859046, 5726258.272035302594304 ], [ 359850.897806223481894, 5726287.161323219537735 ], [ 359852.365704325085972, 5726292.42892902251333 ], [ 359894.207508582563605, 5726437.976221447810531 ], [ 359928.535426483023912, 5726542.2225082507357 ], [ 359939.695287123322487, 5726576.099996980279684 ], [ 359796.738908660772722, 5726581.982468120753765 ], [ 359782.404498855932616, 5726582.569789578206837 ], [ 359771.857424143177923, 5726582.996301617473364 ], [ 359687.06577215535799, 5726584.918361885473132 ], [ 359574.885929771349765, 5726589.528896457515657 ], [ 359474.547696475056, 5726595.225618650205433 ], [ 359243.122659614658915, 5726617.32010595779866 ], [ 359150.70838268159423, 5726624.783265508711338 ], [ 359054.321060512913391, 5726637.645193682983518 ], [ 359042.678935947595164, 5726639.739730444736779 ] ] ] ] } },
{ "type": "Feature", "properties": { "full_id": "r2999089", "osm_id": "2999089", "osm_type": "relation", "boundary": "administrative", "note:de": null, "name:es": null, "name:de": null, "ref:nuts:2": null, "ref:nuts": null, "population": null, "name:sr": null, "name:ru": null, "name:la": null, "name:ksh": null, "name:ja": null, "name:ar": null, "de:place": null, "ref:nuts:3": null, "license_plate_code": null, "admin_centre:postal_code": null, "wikipedia": "de:Holsterhausen (Dorsten)", "wikidata": "Q1625155", "website": null, "opendata_portal": null, "name:prefix": null, "de:regionalschluessel": null, "de:amtlicher_gemeindeschluessel": null, "admin_title:de": null, "admin_title": null, "TMC:cid_58:tabcd_1:LocationCode": null, "TMC:cid_58:tabcd_1:LCLversion": null, "TMC:cid_58:tabcd_1:Class": null, "type": "boundary", "name": "Holsterhausen", "admin_level": "10" }, "geometry": { "type": "MultiPolygon", "coordinates": [ [ [ [ 359183.558199054270517, 5728241.759343343786895 ], [ 359189.596320445183665, 5728308.162892639636993 ], [ 359194.997134187840857, 5728342.81170651782304 ], [ 359171.530038512079045, 5728405.58728467207402 ], [ 359165.428315823024604, 5728418.188407015986741 ], [ 359156.880944697652012, 5728441.051735459826887 ], [ 359152.305513351573609, 5728447.867840180173516 ], [ 359147.670469182485249, 5728463.944724554196 ], [ 359142.278252120129764, 5728478.417959199286997 ], [ 359125.799946484621614, 5728522.669658482074738 ], [ 359115.07274378684815, 5728540.775201812386513 ], [ 359102.05575943144504, 5728567.78094575740397 ], [ 359091.348564710293431, 5728578.919394849799573 ], [ 359087.026670843129978, 5728583.413709030486643 ], [ 359053.263639959390275, 5728584.802036805078387 ], [ 358981.074351775110699, 5728587.776492808014154 ], [ 358970.344858982716687, 5728588.209969846531749 ], [ 358968.037155632046051, 5728604.132964258082211 ], [ 358967.376106974086724, 5728608.691978228278458 ], [ 358969.826447756029665, 5728620.38657630328089 ], [ 358975.957962568034418, 5728726.650631671771407 ], [ 358980.208062988123856, 5728765.616029938682914 ], [ 358979.482681783149019, 5728848.033663996495306 ], [ 358980.198156963917427, 5728890.202804915606976 ], [ 358980.735250645549968, 5728921.537518713623285 ], [ 358987.733723424025811, 5729027.399003265425563 ], [ 358989.321445647394285, 5729051.537426327355206 ], [ 358988.959629643126391, 5729052.448971136473119 ], [ 358986.474674291093834, 5729058.806193104013801 ], [ 358962.76788927387679, 5729119.208232881501317 ], [ 358955.763412262545899, 5729137.065451889298856 ], [ 358939.797143129515462, 5729163.620041632093489 ], [ 358812.030454737250693, 5729355.505042533390224 ], [ 358807.052924468065612, 5729362.978255576454103 ], [ 358732.306235495605506, 5729479.675671816803515 ], [ 358725.315770214714576, 5729490.577388083562255 ], [ 358646.961718351172749, 5729612.897209177725017 ], [ 358614.735635568504222, 5729661.465272585861385 ], [ 358614.698122660280205, 5729660.620534271001816 ], [ 358605.656209266046062, 5729678.001283269375563 ], [ 358600.325402159709483, 5729682.2238939255476 ], [ 358603.709259512019344, 5729697.598073873668909 ], [ 358605.41054451407399, 5729702.536084250546992 ], [ 358608.150610588840209, 5729714.43386809155345 ], [ 358614.248285790672526, 5729728.685858219861984 ], [ 358617.899253425537609, 5729738.543792483396828 ], [ 358617.908033666433766, 5729738.610319227911532 ], [ 358619.926046918844804, 5729742.76043685618788 ], [ 358638.523337405873463, 5729803.781448245979846 ], [ 358652.535541675169952, 5729849.751325302757323 ], [ 358666.472750707762316, 5729898.728115471079946 ], [ 358684.437324230384547, 5729958.921205077320337 ], [ 358676.27830080955755, 5730028.515772203914821 ], [ 358679.372635800158605, 5730078.230506888590753 ], [ 358681.620709572976921, 5730085.167528716847301 ], [ 358690.786819425062276, 5730113.444936307147145 ], [ 358702.077755316102412, 5730132.915564751252532 ], [ 358729.930303851608187, 5730172.176626640371978 ], [ 358736.805151329492219, 5730186.061968476511538 ], [ 358737.165238282002974, 5730194.966060452163219 ], [ 358732.721851140609942, 5730200.243188376538455 ], [ 358616.34758942539338, 5730181.391974282450974 ], [ 358557.422575145261362, 5730171.804431009106338 ], [ 358514.576965490181465, 5730164.058898555114865 ], [ 358480.807298592233565, 5730157.939761986956 ], [ 358443.763620540965348, 5730151.456476981751621 ], [ 358405.228080868488178, 5730145.037610024213791 ], [ 358356.593776373425499, 5730136.532258548773825 ], [ 358310.231716423644684, 5730128.430929941125214 ], [ 358265.133807718695607, 5730120.784156374633312 ], [ 358222.294119138736278, 5730113.040897749364376 ], [ 358179.177971674827859, 5730104.816101984120905 ], [ 358119.22158756130375, 5730094.772931742481887 ], [ 358103.575689218821935, 5730091.407114650122821 ], [ 358102.304750968702137, 5730090.964337890967727 ], [ 358037.80247377185151, 5730079.603291511535645 ], [ 357995.970718490774743, 5730072.32321584969759 ], [ 357950.608567258343101, 5730064.174719599075615 ], [ 357897.441030093817972, 5730054.855469534173608 ], [ 357876.006457367097028, 5730050.729780312627554 ], [ 357865.942215642193332, 5730049.14379770681262 ], [ 357848.044478114636149, 5730045.87561840750277 ], [ 357790.068621328100562, 5730035.257404334843159 ], [ 357734.897328377293888, 5730026.0186065454036 ], [ 357686.771134223730769, 5730017.483010241761804 ], [ 357636.89103372360114, 5730009.041897205635905 ], [ 357585.518318706017453, 5730000.643423927016556 ], [ 357534.117767762567382, 5729991.756578967906535 ], [ 357532.597696233191527, 5729991.309851913712919 ], [ 357491.005491715972312, 5729983.515194159932435 ], [ 357487.234203631756827, 5729983.176618067547679 ], [ 357455.229979972704314, 5729977.48175046313554 ], [ 357459.464483473799191, 5729989.314531214535236 ], [ 357451.665619774255902, 5729988.132742841728032 ], [ 357424.946162327658385, 5729983.234636147506535 ], [ 357390.718294671154581, 5729978.137235117144883 ], [ 357318.427485125896055, 5729966.092935772612691 ], [ 357275.718058063532226, 5729961.848388529382646 ], [ 357219.010491459397599, 5729951.668151694349945 ], [ 357175.186903250694741, 5729944.47342933062464 ], [ 357136.654344599810429, 5729938.052884700708091 ], [ 357119.238617833936587, 5729934.261660674586892 ], [ 357103.108434321009554, 5729931.424545150250196 ], [ 357057.245743413106538, 5729923.298134689219296 ], [ 357042.891275686852168, 5729920.900548743084073 ], [ 356994.741521514137276, 5729911.871312225237489 ], [ 356975.819931811711285, 5729908.1455361796543 ], [ 356967.495614013867453, 5729906.489712361246347 ], [ 356954.887893789331429, 5729903.998312152922153 ], [ 356918.308683053823188, 5729896.50013046618551 ], [ 356914.011767800431699, 5729895.67608704417944 ], [ 356869.654340465785936, 5729887.497511847876012 ], [ 356836.356096113391686, 5729880.852754507213831 ], [ 356830.070143705932423, 5729880.118636874482036 ], [ 356800.343946191831492, 5729874.830599351786077 ], [ 356775.1429769101087, 5729870.371301967650652 ], [ 356768.89024475205224, 5729869.346961816772819 ], [ 356694.793822417035699, 5729857.162413718178868 ], [ 356643.872481988801155, 5729847.747809989377856 ], [ 356641.838354399660602, 5729834.818071777001023 ], [ 356620.429638497007545, 5729831.197693603113294 ], [ 356609.3559645608766, 5729829.654006712138653 ], [ 356593.25282332370989, 5729827.3073994750157 ], [ 356587.698450218827929, 5729826.040839615277946 ], [ 356494.42817771009868, 5729808.873363715596497 ], [ 356491.664838184369728, 5729808.484581021592021 ], [ 356441.260876398999244, 5729799.546935114078224 ], [ 356412.542625583242625, 5729794.722124433144927 ], [ 356371.549346684245393, 5729789.401257639750838 ], [ 356368.281892635102849, 5729789.038028294220567 ], [ 356261.441975452064071, 5729770.413869133219123 ], [ 356177.736862044897862, 5729754.348396675661206 ], [ 356088.582309374702163, 5729739.997863030992448 ], [ 355993.567396290251054, 5729722.900401865132153 ], [ 355947.451835265848786, 5729714.791122375056148 ], [ 355946.187183070462197, 5729714.337566780857742 ], [ 355942.156118392711505, 5729664.972798019647598 ], [ 355939.881052333861589, 5729640.041859795339406 ], [ 355935.785089837154374, 5729595.186230228282511 ], [ 355935.679386360163335, 5729592.696334732696414 ], [ 355930.236618121503852, 5729533.377985204569995 ], [ 355924.821889295068104, 5729474.559649729169905 ], [ 355918.826260855188593, 5729407.756104639731348 ], [ 355911.921386379108299, 5729343.504844270646572 ], [ 355908.490480530832428, 5729308.624154501594603 ], [ 355905.449535678722896, 5729277.226857949048281 ], [ 355899.544614779239055, 5729218.934492285363376 ], [ 355892.072371605725493, 5729146.697657929733396 ], [ 355889.196462917665485, 5729107.282718577422202 ], [ 355886.422633670445066, 5729088.38688755966723 ], [ 355886.401426199474372, 5729087.886684889905155 ], [ 355875.467351436556783, 5729022.79348767362535 ], [ 355871.961698331637308, 5729004.430510418489575 ], [ 355864.595176342641935, 5728965.199539454653859 ], [ 355863.6373478131718, 5728960.241080885753036 ], [ 355857.755771292839199, 5728920.455749217420816 ], [ 355855.641811400768347, 5728905.536415128037333 ], [ 355854.131162722012959, 5728893.092755595222116 ], [ 355858.257942905882373, 5728865.897785649634898 ], [ 355862.626187916030176, 5728838.195114573463798 ], [ 355866.404262415831909, 5728814.526909759268165 ], [ 355867.599337976891547, 5728806.96950862929225 ], [ 355879.494771206169389, 5728737.440194878727198 ], [ 355885.883996836724691, 5728698.150106055662036 ], [ 355891.44149161723908, 5728662.912515199743211 ], [ 355892.665245610522106, 5728656.355922556482255 ], [ 355899.288919247104786, 5728616.54723169002682 ], [ 355903.688031961675733, 5728590.39068766310811 ], [ 355906.332752946706023, 5728574.734453469514847 ], [ 355912.751069732708856, 5728536.445214324630797 ], [ 355918.285879928385839, 5728506.694956888444722 ], [ 355923.196246111532673, 5728473.968824736773968 ], [ 355925.872740985476412, 5728453.848948039114475 ], [ 355927.332765551109333, 5728440.786250964738429 ], [ 355930.80606955854455, 5728415.624418840743601 ], [ 355931.228769240784459, 5728401.600860005244613 ], [ 355931.54383140290156, 5728391.074900451116264 ], [ 355928.7617387889768, 5728378.188988613896072 ], [ 355924.813428808585741, 5728367.339611891657114 ], [ 355918.242421436822042, 5728359.603369046002626 ], [ 355911.068057882250287, 5728349.391455218195915 ], [ 355904.368494302965701, 5728344.663747020065784 ], [ 355895.672072705347091, 5728340.015339180827141 ], [ 355885.980666966876015, 5728335.406495190225542 ], [ 355879.475529866467696, 5728331.674880467355251 ], [ 355874.989852349157445, 5728329.86655907984823 ], [ 355870.932851521472912, 5728328.535674494691193 ], [ 355865.626166480593383, 5728328.498078220523894 ], [ 355832.60267816396663, 5728249.334557503461838 ], [ 355822.154048091848381, 5728222.834325725212693 ], [ 355819.579232445743401, 5728199.058308496139944 ], [ 355818.625936972908676, 5728169.571260337717831 ], [ 355820.358286098460667, 5728144.982163270004094 ], [ 355820.896470140549354, 5728121.451065718196332 ], [ 355820.921666836482473, 5728098.123821962624788 ], [ 355821.216385862557217, 5728069.70289465598762 ], [ 355821.852111014828552, 5728042.56319665722549 ], [ 355824.468900202424265, 5727971.206768888048828 ], [ 355825.809537833614741, 5727918.617028476670384 ], [ 355825.409194782027043, 5727896.615182107314467 ], [ 355805.139685870555695, 5727811.400412333197892 ], [ 355776.989973759453278, 5727694.481632203795016 ], [ 355781.564198271196801, 5727694.284130465239286 ], [ 355788.583018054952845, 5727693.204350896179676 ], [ 355791.344495358061977, 5727688.885263795033097 ], [ 355791.579048955347389, 5727688.377753280103207 ], [ 355793.143302728596609, 5727683.803524573333561 ], [ 355793.790715671377257, 5727681.280985257588327 ], [ 355794.203257189132273, 5727679.254836427979171 ], [ 355794.744611623347737, 5727674.23128939140588 ], [ 355784.944228500826284, 5727642.615463809110224 ], [ 355759.739124116837047, 5727565.098515128716826 ], [ 355738.112495180102997, 5727501.457476681098342 ], [ 355715.625454637920484, 5727435.325942956842482 ], [ 355696.456951081985608, 5727370.57976898830384 ], [ 355689.66064577997895, 5727348.727419488132 ], [ 355680.752333405660465, 5727323.184975233860314 ], [ 355671.979989726445638, 5727298.528980671428144 ], [ 355668.803780769463629, 5727294.15705547388643 ], [ 355665.719857746793423, 5727292.286532736383379 ], [ 355727.002810629433952, 5727273.762847152538598 ], [ 355708.288153660658281, 5727244.505355222150683 ], [ 355680.507260026992299, 5727201.618087962269783 ], [ 355674.887232090346515, 5727192.842153251171112 ], [ 355672.457282582297921, 5727188.437755222432315 ], [ 355670.02732907643076, 5727184.033358315005898 ], [ 355668.088215376716107, 5727179.614926129579544 ], [ 355668.322784342803061, 5727179.107410444878042 ], [ 355670.407539347652346, 5727169.020508460700512 ], [ 355675.024363258504309, 5727147.309236395172775 ], [ 355632.206923717167228, 5727158.5833191704005 ], [ 355586.951371592178475, 5727171.452216127887368 ], [ 355551.340693869569805, 5727181.407896784134209 ], [ 355543.429818919976242, 5727183.737704145722091 ], [ 355477.633364548441023, 5727201.958797495812178 ], [ 355417.06793691101484, 5727219.452203720808029 ], [ 355346.296925201080739, 5727238.374012134037912 ], [ 355285.910821914905682, 5727254.372592552565038 ], [ 355221.849800011026673, 5727272.013145828619599 ], [ 355182.822150596126448, 5727284.128396197222173 ], [ 355173.193256629689131, 5727269.013124435208738 ], [ 355157.140190955833532, 5727243.654244682751596 ], [ 355145.059469352301676, 5727223.634668044745922 ], [ 355138.343851892277598, 5727212.397808831185102 ], [ 355131.585972962144297, 5727200.171678829006851 ], [ 355124.764232868212275, 5727186.444958587177098 ], [ 355115.497638464788906, 5727167.813710492104292 ], [ 355101.591480656410567, 5727133.868449294008315 ], [ 355094.982498572557233, 5727119.122905062511563 ], [ 355093.881210921448655, 5727116.672728464007378 ], [ 355092.431554763112217, 5727111.728501409292221 ], [ 355092.140112851629965, 5727110.735247762873769 ], [ 355090.455937503138557, 5727106.298564628697932 ], [ 355063.468843206181191, 5727100.90790558885783 ], [ 354945.924657345283777, 5727071.219946773722768 ], [ 354925.264052177488338, 5727049.555468467064202 ], [ 354871.773529940168373, 5726995.71458475664258 ], [ 354867.068614812393207, 5726990.908525760285556 ], [ 354865.405508390336763, 5726986.972113084979355 ], [ 354866.00965630391147, 5726983.437932908535004 ], [ 354873.466754122346174, 5726970.135651526972651 ], [ 354883.048973797238432, 5726953.734030888415873 ], [ 354880.326928800437599, 5726942.32701794616878 ], [ 354880.042670759721659, 5726941.344697034917772 ], [ 354876.794936787104234, 5726929.463117168284953 ], [ 354873.198830747976899, 5726921.108363239094615 ], [ 354871.514409375493415, 5726916.671749749220908 ], [ 354866.781159674341325, 5726904.866273825056851 ], [ 354866.489663994929288, 5726903.873032483272254 ], [ 354861.017186831333674, 5726892.589627146720886 ], [ 354858.252603141998406, 5726886.203088980168104 ], [ 354859.375978807220235, 5726870.645636823959649 ], [ 354860.392724298406392, 5726865.096348303370178 ], [ 354867.266495676129125, 5726855.806201555766165 ], [ 354892.48584244097583, 5726854.769541436806321 ], [ 354909.928981372970156, 5726853.055057604797184 ], [ 354937.942525034537539, 5726840.898212444968522 ], [ 354992.924694236018695, 5726815.123721580021083 ], [ 355014.242462338414043, 5726804.239195585250854 ], [ 355049.130712209094781, 5726782.793048717081547 ], [ 355049.862719881930389, 5726782.26008945889771 ], [ 355051.967018691357225, 5726778.671733986586332 ], [ 355061.777509932057001, 5726761.752007450908422 ], [ 355083.531877336499747, 5726724.84651564899832 ], [ 355084.91825186542701, 5726722.2804069314152 ], [ 355090.506206186604686, 5726712.048145210370421 ], [ 355101.170552301686257, 5726691.598327972926199 ], [ 355110.65992988506332, 5726691.203531813807786 ], [ 355133.28564740793081, 5726687.771895240992308 ], [ 355156.913599708117545, 5726684.30047494918108 ], [ 355158.15747872350039, 5726684.242526169866323 ], [ 355180.513395892339759, 5726680.329164697788656 ], [ 355191.851419712824281, 5726676.353562496602535 ], [ 355204.952211273193825, 5726672.316294893622398 ], [ 355217.513206186587922, 5726667.793734607286751 ], [ 355225.865707225631922, 5726663.948356145061553 ], [ 355239.231118238181807, 5726648.384975889697671 ], [ 355253.101339286949951, 5726632.807160495780408 ], [ 355251.417180196498521, 5726628.370426269248128 ], [ 355247.537011055042967, 5726619.021956062875688 ], [ 355243.20929482288193, 5726611.199878851883113 ], [ 355248.811059996369295, 5726607.466810087673366 ], [ 355260.99589763127733, 5726599.471747357398272 ], [ 355267.71434438508004, 5726592.690699714235961 ], [ 355272.065012466569897, 5726589.004657148383558 ], [ 355288.266678230720572, 5726575.329960881732404 ], [ 355293.847258054709528, 5726571.096743906848133 ], [ 355306.260330384771805, 5726556.57361021079123 ], [ 355316.562286279920954, 5726545.650064737536013 ], [ 355325.192910108249635, 5726536.287995574995875 ], [ 355334.684454995614942, 5726523.885289885103703 ], [ 355342.718806183955166, 5726512.548235352151096 ], [ 355345.534259711916093, 5726507.926894254051149 ], [ 355352.097076620149892, 5726497.155089662410319 ], [ 355360.160810229252093, 5726480.319459239952266 ], [ 355373.86995565937832, 5726454.741591272875667 ], [ 355382.032531165459659, 5726440.384956295602024 ], [ 355402.390822396962903, 5726400.026492898352444 ], [ 355413.433224911452271, 5726382.560327493585646 ], [ 355427.035810310917441, 5726360.491342361085117 ], [ 355428.152623703295831, 5726357.443382333032787 ], [ 355430.535369879216887, 5726348.338343866169453 ], [ 355432.620122611173429, 5726338.251352894119918 ], [ 355432.663522643968463, 5726333.242028302513063 ], [ 355433.126705491449684, 5726326.217450533993542 ], [ 355433.79724122711923, 5726312.175621206872165 ], [ 355435.953584556060378, 5726297.57931007258594 ], [ 355435.144645198830403, 5726290.112609663046896 ], [ 355431.591273710480891, 5726282.746753531508148 ], [ 355431.179636178887449, 5726278.763204737566411 ], [ 355434.819824035046622, 5726276.110412299633026 ], [ 355437.301930889370851, 5726269.50657607614994 ], [ 355436.686952584655955, 5726248.512503420002759 ], [ 355431.115274208714254, 5726240.748146872967482 ], [ 355432.175306887831539, 5726236.199391341768205 ], [ 355435.695303552318364, 5726230.556323409080505 ], [ 355435.369565778062679, 5726222.563850427046418 ], [ 355432.925595710228663, 5726211.649440460838377 ], [ 355432.031675280653872, 5726202.181941947899759 ], [ 355431.329865502426401, 5726191.206518485210836 ], [ 355427.862324723275378, 5726179.831740598194301 ], [ 355421.936331781384069, 5726163.563799337483943 ], [ 355415.023046568734571, 5726141.336697790771723 ], [ 355408.579409787082113, 5726118.595345840789378 ], [ 355407.088265610858798, 5726106.640913270413876 ], [ 355405.661171070882119, 5726096.198200128041208 ], [ 355403.493789435713552, 5726092.287193351425231 ], [ 355400.061711118614767, 5726081.913031108677387 ], [ 355396.871455607120879, 5726071.042265909723938 ], [ 355395.998390165332239, 5726062.063853631727397 ], [ 355394.115890870220028, 5726052.635801912285388 ], [ 355391.743251532141585, 5726043.733725814148784 ], [ 355387.216698967153206, 5726030.909134594723582 ], [ 355384.388344245031476, 5726023.010600764304399 ], [ 355385.541821836668532, 5726014.474954229779541 ], [ 355383.341786678880453, 5725991.545310591347516 ], [ 355382.951351852621883, 5725988.061965765431523 ], [ 355382.215633037034422, 5725964.066508064977825 ], [ 355380.454539986385498, 5725951.630134467966855 ], [ 355379.212567988433875, 5725939.679700645618141 ], [ 355379.448947597644292, 5725927.152728641405702 ], [ 355380.97132343496196, 5725921.589107346720994 ], [ 355382.851874594169203, 5725900.501308413222432 ], [ 355384.061900146305561, 5725893.455339960753918 ], [ 355387.318838106875774, 5725887.318976637907326 ], [ 355392.31083220615983, 5725881.110667050816119 ], [ 355399.164542141486891, 5725877.319699944928288 ], [ 355409.779614033177495, 5725873.888453328050673 ], [ 355420.408709141367581, 5725870.946506902575493 ], [ 355430.631812554551288, 5725870.019438556395471 ], [ 355440.022796804900281, 5725873.144934087060392 ], [ 355450.458476334577426, 5725877.709575292654335 ], [ 355460.908284806180745, 5725882.284961804747581 ], [ 355462.692725204862654, 5725883.213238802738488 ], [ 355474.408142176165711, 5725888.242102627642453 ], [ 355488.262454883311875, 5725896.670913019217551 ], [ 355501.661626333196182, 5725906.125528398901224 ], [ 355509.068687204853632, 5725909.819859333336353 ], [ 355512.275331298005767, 5725908.693096344359219 ], [ 355516.369886163040064, 5725911.0243218280375 ], [ 355526.193221210676711, 5725918.622608250007033 ], [ 355538.284501411486417, 5725926.634573998861015 ], [ 355550.554076522123069, 5725933.139044454321265 ], [ 355565.887141435057856, 5725941.013815975748003 ], [ 355578.930969213601202, 5725947.974753573536873 ], [ 355580.679823643993586, 5725947.902473780326545 ], [ 355586.886605686391704, 5725946.656560348346829 ], [ 355590.903102808399126, 5725946.986847435124218 ], [ 355593.326725157210603, 5725951.391408300027251 ], [ 355602.425739727914333, 5725953.512801331467927 ], [ 355606.322112727793865, 5725950.852822504937649 ], [ 355615.058300780248828, 5725956.501391991041601 ], [ 355623.11281439976301, 5725957.673333873040974 ], [ 355636.385738448123448, 5725958.128502642735839 ], [ 355650.909631551476195, 5725958.525684479624033 ], [ 355662.170771625242196, 5725958.57101546227932 ], [ 355674.846949153346941, 5725956.55043912306428 ], [ 355690.459311368409544, 5725952.899039844982326 ], [ 355704.543967053876258, 5725948.823928711935878 ], [ 355715.393384927301668, 5725944.874693061225116 ], [ 355727.195833474164829, 5725939.88550818990916 ], [ 355738.479212779260706, 5725934.410375876352191 ], [ 355750.011873618583195, 5725928.939277299679816 ], [ 355762.227433773223311, 5725921.935150419361889 ], [ 355773.219848998705857, 5725915.477927670814097 ], [ 355790.277311714598909, 5725904.262347056530416 ], [ 355805.365932026761584, 5725894.138051529414952 ], [ 355817.482545901963022, 5725884.632861566729844 ], [ 355830.331746009294875, 5725874.605979896150529 ], [ 355845.07250029896386, 5725861.987714191898704 ], [ 355863.411971711670049, 5725845.727739282883704 ], [ 355870.93500920990482, 5725839.915101187303662 ], [ 355879.368735129304696, 5725832.062130277045071 ], [ 355892.168566876091063, 5725821.024087343364954 ], [ 355911.048303784744348, 5725805.739363423548639 ], [ 355942.496137409703806, 5725781.471160097979009 ], [ 356019.506480803305749, 5725696.842208076268435 ], [ 356089.993274803855456, 5725618.298831758089364 ], [ 356150.989132778719068, 5725568.761928438208997 ], [ 356172.703638818347827, 5725554.287836129777133 ], [ 356192.468722783843987, 5725539.891615417785943 ], [ 356205.756416618824005, 5725532.568751459009945 ], [ 356229.558618842158467, 5725521.886097277514637 ], [ 356248.721858509932645, 5725516.243487334810197 ], [ 356270.954506385023706, 5725514.364213740453124 ], [ 356287.566377732669935, 5725517.563997541554272 ], [ 356299.338923025352415, 5725520.957186194136739 ], [ 356316.123096260882448, 5725528.025038619525731 ], [ 356333.017769000260159, 5725538.005589320324361 ], [ 356348.827063908567652, 5725545.112409783527255 ], [ 356363.709806954604574, 5725553.224980710074306 ], [ 356373.492526019806974, 5725553.581083820201457 ], [ 356393.751032421714626, 5725576.231070399284363 ], [ 356401.769390034780372, 5725582.691553882323205 ], [ 356411.771676816046238, 5725590.041597964242101 ], [ 356434.6380443382659, 5725603.647644827142358 ], [ 356445.784293111006264, 5725608.149604236707091 ], [ 356455.491895245038904, 5725619.258564090356231 ], [ 356465.086453119060025, 5725627.365937123075128 ], [ 356473.509776548133232, 5725631.522452242672443 ], [ 356482.501004653517157, 5725637.154119642451406 ], [ 356489.013476552267093, 5725637.391933045350015 ], [ 356496.100851241324563, 5725639.594369866885245 ], [ 356500.850138937006705, 5725639.403760600835085 ], [ 356527.572938255267218, 5725644.309072837233543 ], [ 356547.574853566824459, 5725637.987151733599603 ], [ 356558.624993742909282, 5725633.0213523786515 ], [ 356567.848907671170309, 5725626.13762744423002 ], [ 356578.758430431946181, 5725617.681381263770163 ], [ 356585.028877726872452, 5725617.926193159073591 ], [ 356593.668398528243415, 5725615.076662171632051 ], [ 356602.657962066587061, 5725608.711591003462672 ], [ 356612.316201602458023, 5725600.302083479240537 ], [ 356617.821379253116902, 5725594.069368479773402 ], [ 356644.575704129529186, 5725575.45897466596216 ], [ 356655.187666321056895, 5725566.020877403207123 ], [ 356663.437436789274216, 5725559.676922275684774 ], [ 356671.992309185967315, 5725554.815598499961197 ], [ 356678.770489861431997, 5725549.537299571558833 ], [ 356681.423242037766613, 5725546.924616039730608 ], [ 356689.55810163426213, 5725544.089579968713224 ], [ 356706.602437098976225, 5725538.887240735813975 ], [ 356713.826258898130618, 5725538.092431734316051 ], [ 356724.940109552117065, 5725534.627611072733998 ], [ 356733.351997003715951, 5725532.28558920416981 ], [ 356741.094544297549874, 5725531.965775932185352 ], [ 356771.644652807735838, 5725532.712890716269612 ], [ 356793.912069756013807, 5725532.793624397367239 ], [ 356817.245227837353013, 5725534.335512664169073 ], [ 356837.421012879174668, 5725538.515538683161139 ], [ 356865.385404104425106, 5725549.374798716045916 ], [ 356893.335489124176092, 5725559.733812664635479 ], [ 356923.132988529687282, 5725572.522378211840987 ], [ 356950.669610935612582, 5725585.397415718063712 ], [ 356979.320550611184444, 5725600.722781342454255 ], [ 357012.15660300210584, 5725620.381352989934385 ], [ 357023.969089531688951, 5725627.903884521685541 ], [ 357036.030493997270241, 5725635.419394911266863 ], [ 357041.943621324491687, 5725639.180488887242973 ], [ 357055.525740535813384, 5725647.120405240915716 ], [ 357151.127666624262929, 5725727.247325180098414 ], [ 357160.202204252476804, 5725734.880998022854328 ], [ 357170.037398586398922, 5725742.982840961776674 ], [ 357177.776265749067534, 5725748.662253913469613 ], [ 357180.475484540918842, 5725753.56051907222718 ], [ 357180.364841187198181, 5725753.563648496754467 ], [ 357182.312152527272701, 5725756.59127152711153 ], [ 357201.330869072175119, 5725781.327077188529074 ], [ 357204.709267706319224, 5725783.078931279480457 ], [ 357210.156347082229331, 5725793.864582895301282 ], [ 357209.094610494212247, 5725798.412932342849672 ], [ 357214.478470494039357, 5725807.69797676615417 ], [ 357219.028452242258936, 5725821.024130904115736 ], [ 357221.412060982838739, 5725830.427406594157219 ], [ 357222.572324826964177, 5725840.377203151583672 ], [ 357226.939914155751467, 5725849.212453154847026 ], [ 357229.211259557981975, 5725855.625237606465816 ], [ 357231.038323966437019, 5725882.060309319756925 ], [ 357233.828597729792818, 5725888.959222148172557 ], [ 357235.812677485460881, 5725900.877797386609018 ], [ 357238.751201281382237, 5725935.783909754827619 ], [ 357241.029828075668775, 5725954.694223891012371 ], [ 357243.045265753869899, 5725961.114248263649642 ], [ 357245.684948834241368, 5725970.521421467885375 ], [ 357245.969183544861153, 5725983.511916710063815 ], [ 357247.614548031589948, 5726017.475254602730274 ], [ 357247.727186164818704, 5726032.47380075417459 ], [ 357250.01950229157228, 5726039.386798396706581 ], [ 357253.797949688276276, 5726058.232455949299037 ], [ 357260.647169780451804, 5726078.9722417620942 ], [ 357264.351968046627007, 5726089.829451613128185 ], [ 357270.026191101409495, 5726100.096802786923945 ], [ 357277.611066940939054, 5726114.30541658308357 ], [ 357284.932514733634889, 5726128.009557956829667 ], [ 357295.033310303580947, 5726142.603362567722797 ], [ 357302.939911207999103, 5726152.284591567702591 ], [ 357309.53238921740558, 5726160.522830707021058 ], [ 357315.81275032821577, 5726167.267499949783087 ], [ 357324.907027346838731, 5726175.390539482235909 ], [ 357335.785553509951569, 5726184.453646090812981 ], [ 357346.684780017880257, 5726194.005860021337867 ], [ 357358.253446765709668, 5726201.53598503395915 ], [ 357366.531379269901663, 5726208.20201809424907 ], [ 357376.53699820896145, 5726214.296200693584979 ], [ 357388.540273804217577, 5726220.311716257594526 ], [ 357399.817796179500874, 5726226.848556845448911 ], [ 357412.29749923129566, 5726232.338741801679134 ], [ 357428.089202541741543, 5726239.204437241889536 ], [ 357440.179523736936972, 5726241.200091630220413 ], [ 357450.812408984056674, 5726244.271909085102379 ], [ 357462.191421392490156, 5726247.300425443798304 ], [ 357474.225811953074299, 5726247.80647131241858 ], [ 357487.206582639948465, 5726247.273105217143893 ], [ 357501.900940164108761, 5726245.667551719583571 ], [ 357518.571939992951229, 5726243.483201057650149 ], [ 357537.240624227211811, 5726241.220277911052108 ], [ 357552.148780126299243, 5726238.607242223806679 ], [ 357568.54294806800317, 5726235.930070760659873 ], [ 357584.908900301204994, 5726232.252152610570192 ], [ 357602.498151094536297, 5726228.027858657762408 ], [ 357623.535972477169707, 5726222.660263342782855 ], [ 357637.606744698015973, 5726218.079035574570298 ], [ 357645.722986424516421, 5726220.743683142587543 ], [ 357654.189906023384538, 5726219.89287053514272 ], [ 357668.572699037380517, 5726216.805327031761408 ], [ 357681.960123664874118, 5726213.757012205198407 ], [ 357690.052017403708305, 5726209.912045300006866 ], [ 357703.169528074620757, 5726206.370598462410271 ], [ 357714.324801329523325, 5726203.91946826595813 ], [ 357742.529347029980272, 5726196.247059493325651 ], [ 357781.847290498088114, 5726185.123419139534235 ], [ 357798.185923251323402, 5726180.957307268865407 ], [ 357801.494388352497481, 5726176.312433366663754 ], [ 357824.060369488375727, 5726171.381191780790687 ], [ 357859.4675761773251, 5726162.427132818847895 ], [ 357872.371471714461222, 5726159.893743980675936 ], [ 357883.063832593557891, 5726158.44649079721421 ], [ 357902.009461788344197, 5726156.666808786801994 ], [ 357921.446040691342205, 5726154.873382618650794 ], [ 357966.669328319607303, 5726220.563023042865098 ], [ 358029.743309493176639, 5726312.526929314248264 ], [ 358036.162479593651369, 5726322.774113341234624 ], [ 358041.883754495123867, 5726334.042520904913545 ], [ 358046.927241493132897, 5726359.35228811390698 ], [ 358044.946587697253563, 5726365.940589889883995 ], [ 358040.842409489559941, 5726369.606083568185568 ], [ 358036.531604956951924, 5726374.290112737566233 ], [ 358034.648673929623328, 5726383.368524722754955 ], [ 358028.175401022483129, 5726420.654011154547334 ], [ 358017.317637950764038, 5726497.147210746072233 ], [ 358007.891749161761254, 5726560.078673891723156 ], [ 358004.307474110741168, 5726590.338580925948918 ], [ 358015.458755080588162, 5726590.970875302329659 ], [ 358021.359806422551628, 5726591.41698965523392 ], [ 358032.367973218322732, 5726592.865749544464052 ], [ 358044.159641348291188, 5726591.910934907384217 ], [ 358053.948640126618557, 5726589.621358366683125 ], [ 358058.61513540148735, 5726588.488552681170404 ], [ 358063.691338194068521, 5726585.930872995406389 ], [ 358074.239712139242329, 5726578.901370977982879 ], [ 358085.500170723185875, 5726566.187311344780028 ], [ 358095.967820712132379, 5726557.268230485729873 ], [ 358117.438365810201503, 5726543.944518845528364 ], [ 358135.982273759320378, 5726535.800137580372393 ], [ 358148.69543031277135, 5726531.681356797926128 ], [ 358181.374498046236113, 5726526.434104108251631 ], [ 358248.324843895738013, 5726518.176935143768787 ], [ 358332.450138359330595, 5726507.71369797270745 ], [ 358403.815241632284597, 5726499.446010978892446 ], [ 358438.387510781292804, 5726496.061488806270063 ], [ 358445.360524988616817, 5726495.498710152693093 ], [ 358484.367224222281948, 5726491.088734867982566 ], [ 358484.367535943340044, 5726491.099854895845056 ], [ 358614.039357358240522, 5726478.697053463198245 ], [ 358635.479053538409062, 5726477.807298461906612 ], [ 358666.50512685906142, 5726480.722364977002144 ], [ 358692.939103114185855, 5726486.448183133266866 ], [ 358709.668156323139556, 5726492.045112091116607 ], [ 358729.444842423312366, 5726501.707829643040895 ], [ 358749.400977753626648, 5726515.56113509926945 ], [ 358759.742043183476198, 5726525.076220114715397 ], [ 358761.938447276130319, 5726526.416990287601948 ], [ 358770.449424199818168, 5726531.609703560359776 ], [ 358772.638597338693216, 5726532.939551696181297 ], [ 358772.831311419955455, 5726537.107437019236386 ], [ 358773.380381675029639, 5726549.066598281264305 ], [ 358777.182242909329943, 5726631.045813990756869 ], [ 358777.272879008494783, 5726632.801619173958898 ], [ 358779.90257898659911, 5726639.73915780428797 ], [ 358780.201846460346133, 5726640.543183691799641 ], [ 358780.776874776813202, 5726650.70989347808063 ], [ 358782.00799020100385, 5726672.209563503973186 ], [ 358782.318454796390142, 5726673.413910842500627 ], [ 358787.131751319160685, 5726672.333318187855184 ], [ 358789.967459035571665, 5726672.0425466587767 ], [ 358797.162014878937043, 5726670.750678506679833 ], [ 359004.921853257110342, 5726646.492072232067585 ], [ 359042.678935947595164, 5726639.739730444736779 ], [ 359043.879374893091153, 5726644.569458018988371 ], [ 359046.197673133807257, 5726653.997516705654562 ], [ 359046.384410996572115, 5726654.737926258705556 ], [ 359054.190068088646512, 5726679.047660104930401 ], [ 359061.205918829189613, 5726683.993238572962582 ], [ 359075.001028426922858, 5726688.13748455606401 ], [ 359083.017522986803669, 5726691.997929316014051 ], [ 359092.271214959095232, 5726700.520166398026049 ], [ 359097.052238858945202, 5726706.462986620143056 ], [ 359101.654197897703853, 5726712.188234831206501 ], [ 359109.903053750109393, 5726728.094624609686434 ], [ 359113.946240565332118, 5726737.35215006954968 ], [ 359116.995964875037316, 5726747.705761036835611 ], [ 359119.038093453040347, 5726759.144721700809896 ], [ 359115.792369136004709, 5726781.681912504136562 ], [ 359115.775041833985597, 5726781.804811900481582 ], [ 359117.597842780582141, 5726782.410531690344214 ], [ 359128.815223026787862, 5726786.181706906296313 ], [ 359133.837100650125649, 5726787.86666961107403 ], [ 359178.624339334317483, 5726797.033481043763459 ], [ 359193.537247054744512, 5726800.089622532948852 ], [ 359219.918654960463755, 5726804.762336549349129 ], [ 359219.81120504590217, 5726802.150089130736887 ], [ 359220.549332042748574, 5726802.318691024556756 ], [ 359253.675950839882717, 5726810.186587246134877 ], [ 359266.462939342658501, 5726815.4166693193838 ], [ 359272.208376454131212, 5726821.466298349201679 ], [ 359280.81439420679817, 5726826.879751490429044 ], [ 359299.483636711840518, 5726858.710436441935599 ], [ 359308.418553348979913, 5726873.941399087198079 ], [ 359309.293439944274724, 5726875.541802647523582 ], [ 359317.576562239904888, 5726890.724174379371107 ], [ 359326.391910738835577, 5726906.882178413681686 ], [ 359318.984751133946702, 5726937.52558677457273 ], [ 359315.99995982227847, 5726949.839209379628301 ], [ 359315.107622528797947, 5726953.56993496324867 ], [ 359322.715341862291098, 5726977.54054469615221 ], [ 359322.855068720062263, 5726981.064445696771145 ], [ 359316.768091660458595, 5727004.704510784707963 ], [ 359317.951785546785686, 5727012.172257779166102 ], [ 359324.299121979507618, 5727026.91892534121871 ], [ 359324.926531344477553, 5727031.308401181362569 ], [ 359317.170773209829349, 5727036.031687106005847 ], [ 359305.044767440413125, 5727041.83387132640928 ], [ 359285.285261437529698, 5727055.00464506726712 ], [ 359262.864158413140103, 5727062.540691900998354 ], [ 359263.382085456629284, 5727065.731315797194839 ], [ 359265.225890163332224, 5727077.020049406215549 ], [ 359272.383070742478594, 5727079.368962640874088 ], [ 359285.92991482722573, 5727113.367820126004517 ], [ 359291.084159116959199, 5727126.266960009001195 ], [ 359294.940644229354803, 5727134.06082430575043 ], [ 359298.044604112277739, 5727136.700824989937246 ], [ 359300.360986347368453, 5727150.302291837520897 ], [ 359300.47007795132231, 5727150.989229962229729 ], [ 359316.712133261840791, 5727152.12788453977555 ], [ 359338.485916660400108, 5727156.62909031752497 ], [ 359361.274532247101888, 5727163.784124682657421 ], [ 359378.924344185274094, 5727177.459169775247574 ], [ 359397.620606904441956, 5727194.677429601550102 ], [ 359413.879816024680622, 5727218.295859540812671 ], [ 359420.484172238386236, 5727231.855828896164894 ], [ 359435.83590934908716, 5727263.389835966750979 ], [ 359458.100253207434434, 5727309.131902303546667 ], [ 359455.429506910732016, 5727331.730734267272055 ], [ 359454.407127955288161, 5727350.66684256400913 ], [ 359457.35227776929969, 5727378.417670731432736 ], [ 359472.938829643710051, 5727407.474661034531891 ], [ 359495.563091946416534, 5727432.62990197353065 ], [ 359513.1335261677159, 5727444.493598269298673 ], [ 359528.405325236031786, 5727443.868180699646473 ], [ 359543.779982041334733, 5727445.944215809926391 ], [ 359556.161482235998847, 5727462.526358771137893 ], [ 359560.982397326210048, 5727461.991568108089268 ], [ 359562.825918064569123, 5727466.336094781756401 ], [ 359566.934210429841187, 5727475.992751336656511 ], [ 359568.237193974317051, 5727479.061394553631544 ], [ 359572.21989144035615, 5727489.923446716740727 ], [ 359575.388295230339281, 5727502.599876448512077 ], [ 359574.519453253247775, 5727572.812623885460198 ], [ 359573.117577083292417, 5727592.293435064144433 ], [ 359567.939648526487872, 5727616.787073772400618 ], [ 359561.15572365449043, 5727634.280959689989686 ], [ 359548.859955242311116, 5727657.303413787856698 ], [ 359542.778461615671404, 5727659.765186694450676 ], [ 359538.831194064230658, 5727660.3647157298401 ], [ 359512.651008796878159, 5727657.031514164991677 ], [ 359505.287827156193089, 5727660.419309325516224 ], [ 359500.879173675610218, 5727660.597694741562009 ], [ 359484.737299810163677, 5727665.231523138470948 ], [ 359469.840789092122577, 5727673.347389998845756 ], [ 359466.670075703645125, 5727671.276722437702119 ], [ 359462.261431556253228, 5727671.455141770653427 ], [ 359457.064176612067968, 5727673.87013775575906 ], [ 359452.872390568547416, 5727679.350912249647081 ], [ 359449.843408809450921, 5727670.198458948172629 ], [ 359446.415454892325215, 5727672.553059475496411 ], [ 359448.814483533846214, 5727687.899481229484081 ], [ 359446.985525251599029, 5727697.242881156504154 ], [ 359451.694891723862384, 5727725.745843769982457 ], [ 359456.074880201136693, 5727735.717579601332545 ], [ 359457.630380621762015, 5727741.394405839964747 ], [ 359457.678664467530325, 5727753.311892001889646 ], [ 359463.544130014954135, 5727767.192947458475828 ], [ 359467.743718368699774, 5727783.35726910084486 ], [ 359466.945803252630867, 5727796.188616818748415 ], [ 359461.15028598101344, 5727821.578773078508675 ], [ 359438.22572755406145, 5727840.72431836090982 ], [ 359437.245747236302122, 5727841.552882634103298 ], [ 359427.315641147084534, 5727844.912153130397201 ], [ 359401.554805207590107, 5727853.620267019607127 ], [ 359375.964948177221231, 5727875.411107620224357 ], [ 359345.398673659015913, 5727915.959129802882671 ], [ 359337.175330429919995, 5727930.410849840380251 ], [ 359332.21778362209443, 5727949.601402475498617 ], [ 359318.861394003557507, 5727968.258237432688475 ], [ 359315.587670954409987, 5727979.856599732302129 ], [ 359297.155044072191231, 5728004.007946001365781 ], [ 359282.128595989430323, 5728028.253563259728253 ], [ 359281.43353342008777, 5728029.37469032779336 ], [ 359276.908216532960068, 5728035.031868569552898 ], [ 359270.096533863223158, 5728043.534998788498342 ], [ 359240.539142135239672, 5728086.704248674213886 ], [ 359199.510967759531923, 5728146.64204119425267 ], [ 359186.66744434350403, 5728167.032176250591874 ], [ 359177.655512409168296, 5728184.177104929462075 ], [ 359179.800318078370765, 5728225.582892577163875 ], [ 359180.648899057065137, 5728229.220560939051211 ], [ 359182.794961732171942, 5728238.453154599294066 ], [ 359183.558199054270517, 5728241.759343343786895 ] ] ] ] } },
{ "type": "Feature", "properties": { "full_id": "r2999090", "osm_id": "2999090", "osm_type": "relation", "boundary": "administrative", "note:de": null, "name:es": null, "name:de": null, "ref:nuts:2": null, "ref:nuts": null, "population": null, "name:sr": null, "name:ru": null, "name:la": null, "name:ksh": null, "name:ja": null, "name:ar": null, "de:place": null, "ref:nuts:3": null, "license_plate_code": null, "admin_centre:postal_code": null, "wikipedia": null, "wikidata": "Q873555", "website": null, "opendata_portal": null, "name:prefix": null, "de:regionalschluessel": null, "de:amtlicher_gemeindeschluessel": null, "admin_title:de": null, "admin_title": null, "TMC:cid_58:tabcd_1:LocationCode": null, "TMC:cid_58:tabcd_1:LCLversion": null, "TMC:cid_58:tabcd_1:Class": null, "type": "boundary", "name": "Lembeck", "admin_level": "10" }, "geometry": { "type": "MultiPolygon", "coordinates": [ [ [ [ 359839.633326340815984, 5739210.429444335401058 ], [ 359861.509735130239278, 5739196.69866912253201 ], [ 359895.327927011065185, 5739171.116813803091645 ], [ 359919.97107788908761, 5739153.87038713786751 ], [ 359896.781843184842728, 5739076.658911641687155 ], [ 359894.995913182734512, 5739070.776987131685019 ], [ 359890.191776747466065, 5739054.918666027486324 ], [ 359873.677459292113781, 5738998.799682032316923 ], [ 359848.113639735849574, 5738895.379286826588213 ], [ 359812.331416593049653, 5738740.650392542593181 ], [ 359811.029655204969458, 5738732.829697591252625 ], [ 359803.881883867783472, 5738689.626356937922537 ], [ 359797.573628719197586, 5738659.45378983207047 ], [ 359773.038524857372977, 5738531.632768685929477 ], [ 359746.865372327389196, 5738388.677735967561603 ], [ 359738.784391560591757, 5738364.764579235576093 ], [ 359734.56039398862049, 5738338.061796640045941 ], [ 359733.268291002721526, 5738329.851337219588459 ], [ 359727.794685578788631, 5738295.226265494711697 ], [ 359711.193801564746536, 5738187.383092612959445 ], [ 359705.176359185599722, 5738139.952745263464749 ], [ 359697.822696500981692, 5738084.468986805528402 ], [ 359691.559814374078996, 5738030.969134177081287 ], [ 359681.56148596003186, 5737960.379388526082039 ], [ 359671.002765300800093, 5737876.63983568828553 ], [ 359665.093663945503067, 5737806.881986151449382 ], [ 359659.610037319129333, 5737742.231555148027837 ], [ 359659.177881101961248, 5737737.135460161603987 ], [ 359652.773737701703794, 5737621.184366391971707 ], [ 359643.840578376199119, 5737497.246553270146251 ], [ 359642.027269276208244, 5737431.514405179768801 ], [ 359638.499803296639584, 5737388.978134418837726 ], [ 359636.950066632358357, 5737373.029192288406193 ], [ 359637.436251951032318, 5737363.233352592214942 ], [ 359637.441387124359608, 5737341.888042635284364 ], [ 359639.201415943331085, 5737319.592331921681762 ], [ 359637.06918533355929, 5737289.448081289418042 ], [ 359639.204780586063862, 5737233.343532808125019 ], [ 359638.844781024672557, 5737203.116453174501657 ], [ 359640.151718200009782, 5737040.331511744298041 ], [ 359637.824680345249362, 5736984.640843441709876 ], [ 359637.707313789869659, 5736917.069686736911535 ], [ 359637.236732664285228, 5736819.260159472003579 ], [ 359640.018740385770798, 5736735.560333336703479 ], [ 359640.514585774857551, 5736677.832266092300415 ], [ 359640.942472349386662, 5736629.053698075003922 ], [ 359640.383115495205857, 5736550.822346684522927 ], [ 359639.267407597857527, 5736480.619295405223966 ], [ 359638.453450187284034, 5736417.519169027917087 ], [ 359637.619975014706142, 5736375.753593499772251 ], [ 359636.684778156806715, 5736331.331063526682556 ], [ 359636.27512930193916, 5736236.669398971833289 ], [ 359633.625157285539899, 5736186.22948653344065 ], [ 359633.204817139543593, 5736178.339731344021857 ], [ 359632.170286712644156, 5736158.581502025015652 ], [ 359629.318381524877623, 5736111.797487887553871 ], [ 359626.232763847801834, 5736079.910386943258345 ], [ 359625.420448419230524, 5736066.634077433496714 ], [ 359623.517750231607351, 5736035.55977642070502 ], [ 359620.08657975459937, 5736017.036928345449269 ], [ 359618.736583168618381, 5736002.807408466935158 ], [ 359608.865182774956338, 5735899.239539040252566 ], [ 359605.994355180882849, 5735869.115945220924914 ], [ 359605.334359673841391, 5735853.131082972511649 ], [ 359601.83240116504021, 5735832.818476062268019 ], [ 359601.140989223029464, 5735815.955312591046095 ], [ 359571.399612681707367, 5735806.5131123540923 ], [ 359510.381553147453815, 5735793.013925269246101 ], [ 359473.477306832093745, 5735782.080643832683563 ], [ 359346.449292347650044, 5735745.564957116730511 ], [ 359250.297289117239416, 5735721.053866906091571 ], [ 359185.763141312345397, 5735708.602804157882929 ], [ 359149.029952180862892, 5735702.10747841745615 ], [ 359117.095715155941434, 5735695.567122315056622 ], [ 358996.004860745335463, 5735669.98939123749733 ], [ 358969.057798706227913, 5735663.477181531488895 ], [ 358951.723083378747106, 5735661.325364843010902 ], [ 358923.945889498689212, 5735656.25002493802458 ], [ 358896.953328324132599, 5735652.310245998203754 ], [ 358860.887414353433996, 5735644.273618432693183 ], [ 358860.89084430783987, 5735644.395940269343555 ], [ 358678.715478386147879, 5735605.948886978439987 ], [ 358668.126143195549957, 5735603.708811103366315 ], [ 358672.112018543062732, 5735595.3614889876917 ], [ 358688.444783294922672, 5735597.729680338874459 ], [ 358695.912875613779761, 5735546.605191051028669 ], [ 358652.635611703095492, 5735539.340025190263987 ], [ 358642.206553730124142, 5735509.362203292548656 ], [ 358639.593532325816341, 5735495.268456975929439 ], [ 358627.112902169581503, 5735487.672909615561366 ], [ 358624.590870415733662, 5735475.590950171463192 ], [ 358623.010196804068983, 5735461.857728751376271 ], [ 358638.731144918943755, 5735400.362913846038282 ], [ 358643.302152248390485, 5735388.003860473632812 ], [ 358651.02166160789784, 5735378.550083793699741 ], [ 358655.832537092966959, 5735372.271831333637238 ], [ 358667.905044388549868, 5735369.75159668456763 ], [ 358678.033426153473556, 5735369.333692790940404 ], [ 358692.324546345160343, 5735371.781504757702351 ], [ 358742.075797000783496, 5735200.346468764357269 ], [ 358536.001678468252067, 5735206.823122607544065 ], [ 358533.39985361485742, 5735206.907366022467613 ], [ 358532.77078667038586, 5735207.136493536643684 ], [ 358512.424151612678543, 5735214.875343218445778 ], [ 358495.693956455274019, 5735178.019127266481519 ], [ 358490.314924196107313, 5735174.898420016281307 ], [ 358483.517868995666504, 5735170.971780828200281 ], [ 358470.414076485671103, 5735163.360709574073553 ], [ 358442.90786913986085, 5735147.407282820902765 ], [ 358438.540213910164312, 5735144.881410097703338 ], [ 358380.609926056466065, 5735240.583739824593067 ], [ 358275.189165372517891, 5735065.275756999850273 ], [ 358202.041498466976918, 5734943.625943860039115 ], [ 358299.240877800795715, 5734865.679815486073494 ], [ 358231.399757491890341, 5734794.42788920365274 ], [ 358215.275649899675045, 5734797.118853696621954 ], [ 358236.759233390621375, 5734776.960326239466667 ], [ 358378.337153341504745, 5734643.334958317689598 ], [ 358180.66934392193798, 5734572.35370596498251 ], [ 358184.430336617457215, 5734565.091856930404902 ], [ 358187.050288648228161, 5734554.846200720407069 ], [ 358225.120066061674152, 5734370.691769455559552 ], [ 358221.992333166417666, 5734368.798879199661314 ], [ 358210.275636150734499, 5734355.084050003439188 ], [ 358187.962438968825154, 5734330.638864235021174 ], [ 358164.902511106978636, 5734312.313467651605606 ], [ 358080.074916613404639, 5734247.606974214315414 ], [ 358048.056524455896579, 5734218.861884492449462 ], [ 358047.121114015812054, 5734218.031322568655014 ], [ 358041.08157658285927, 5734212.603706196881831 ], [ 358039.125086284708232, 5734210.844839301891625 ], [ 358037.948367319069803, 5734209.787373340688646 ], [ 357973.193377113668248, 5734124.184098017401993 ], [ 357972.978425036300905, 5734123.91193606518209 ], [ 357968.428029672708362, 5734117.885952476412058 ], [ 357967.997497215750627, 5734117.319388725794852 ], [ 357948.389422837062739, 5734060.012930729426444 ], [ 357946.521697429765482, 5734054.545645104721189 ], [ 357913.298985154775437, 5733957.470023080706596 ], [ 357891.919244610937312, 5733894.960853102616966 ], [ 357871.20401737652719, 5733836.183467731811106 ], [ 357865.811272465973161, 5733828.478600984439254 ], [ 357730.71061047562398, 5733733.445500832051039 ], [ 357730.723603080259636, 5733726.077745341695845 ], [ 357727.175577345944475, 5733719.600738459266722 ], [ 357716.353023073286749, 5733727.607725065201521 ], [ 357688.000649816356599, 5733737.823892561718822 ], [ 357598.991225456120446, 5733768.941257374361157 ], [ 357513.335702007985674, 5733799.141810901463032 ], [ 357512.055478237103671, 5733797.364001673646271 ], [ 357442.42344446410425, 5733822.404925628565252 ], [ 357315.590015703812242, 5733867.062728086486459 ], [ 357318.328112902585417, 5733809.325654263608158 ], [ 357317.723841030150652, 5733799.215357138775289 ], [ 357311.677500762511045, 5733697.010722769424319 ], [ 357328.908442113082856, 5733672.049867868423462 ], [ 357390.293996228137985, 5733579.732318164780736 ], [ 357480.447841854242142, 5733444.155528330244124 ], [ 357566.754745027050376, 5733314.342908198945224 ], [ 357605.05128850863548, 5733336.809116762131453 ], [ 357773.600480269582476, 5733435.669137145392597 ], [ 357809.955251577077433, 5733456.488918161019683 ], [ 357825.443630829686299, 5733462.951678946614265 ], [ 357863.071021083276719, 5733465.462139572016895 ], [ 358052.061796916183084, 5733471.07235895562917 ], [ 358082.500232837395743, 5733468.600959193892777 ], [ 358445.441870254580863, 5733439.468936177901924 ], [ 358449.930051176808774, 5733425.086676686070859 ], [ 358534.772307807463221, 5733378.087408160790801 ], [ 358549.442186199361458, 5733369.951976992189884 ], [ 358571.638238244806416, 5733357.665642889216542 ], [ 358585.519143283017911, 5733349.975372347049415 ], [ 358723.099091966170818, 5733273.765954216942191 ], [ 358815.286775599233806, 5733225.597431465052068 ], [ 358819.793014512048103, 5733223.1563301961869 ], [ 359059.037068213685416, 5733212.817665706388652 ], [ 359069.817922119167633, 5733212.349105813540518 ], [ 359192.6115587168606, 5733207.045565760694444 ], [ 359205.720609950425569, 5733207.792034010402858 ], [ 359239.213192783296108, 5733209.705007839016616 ], [ 359278.606074939714745, 5733077.996575380675495 ], [ 359304.877688764710911, 5732986.863407630473375 ], [ 359322.851218392373994, 5732913.078251851722598 ], [ 359326.687740626919549, 5732908.909106553532183 ], [ 359335.800359397835564, 5732911.537022083997726 ], [ 359338.754595173755661, 5732910.419557130895555 ], [ 359340.756525872275233, 5732910.341404226608574 ], [ 359360.934694174677134, 5732914.507802853360772 ], [ 359369.880600392818451, 5732913.145191664807498 ], [ 359375.051791932317428, 5732916.929309922270477 ], [ 359431.235398279968649, 5732920.625250588171184 ], [ 359443.136463115573861, 5732921.150111090391874 ], [ 359598.437919792137109, 5732898.735282626003027 ], [ 359639.49946631671628, 5732906.850238813087344 ], [ 359666.631638194085099, 5732906.628558838739991 ], [ 359717.240686941484455, 5732906.699184505268931 ], [ 359749.481148542021401, 5732912.233955387957394 ], [ 359763.113262973725796, 5732910.151762696914375 ], [ 359780.013310442154761, 5732913.253683208487928 ], [ 359827.161147117556538, 5732909.393135596066713 ], [ 359909.642834815429524, 5732894.578998665325344 ], [ 359977.879496407578699, 5732886.639064501039684 ], [ 359984.824723398545757, 5732888.627268415875733 ], [ 359942.196607896010391, 5732723.459692314267159 ], [ 359915.620032482722308, 5732633.087531350553036 ], [ 359902.655543697765097, 5732578.182658577337861 ], [ 359893.233530708239414, 5732534.363692812621593 ], [ 359889.733139926218428, 5732430.85241551976651 ], [ 359891.513761341571808, 5732418.583541124127805 ], [ 359883.89734141662484, 5732381.547429286874831 ], [ 359882.668470664531924, 5732370.163510972633958 ], [ 360148.173743709397968, 5732339.4170056367293 ], [ 360218.781351843499579, 5732332.705815963447094 ], [ 360228.033807677507866, 5732335.376001519151032 ], [ 360240.670461032772437, 5732334.969842097721994 ], [ 360320.964459114766214, 5732316.662415615282953 ], [ 360382.488128226716071, 5732304.117966781370342 ], [ 360384.441848500340711, 5732303.039993066340685 ], [ 360446.705836337641813, 5732308.482043612748384 ], [ 360448.708003710140474, 5732308.404335288330913 ], [ 360450.70295698789414, 5732308.315698869526386 ], [ 360471.800718158599921, 5732310.457970935851336 ], [ 360530.020178680657409, 5732339.082789288833737 ], [ 360549.351404119108338, 5732371.299446471966803 ], [ 360548.440260549832601, 5732373.338953879661858 ], [ 360550.552812944632024, 5732376.251844079233706 ], [ 360571.934626058908179, 5732409.402278293855488 ], [ 360576.871556589088868, 5732432.2129967790097 ], [ 360575.960414912377018, 5732434.252499382942915 ], [ 360579.073985909926705, 5732437.126572059467435 ], [ 360587.75295373640256, 5732477.78430987522006 ], [ 360588.285286210884806, 5732490.779002812691033 ], [ 360592.572473129781429, 5732497.604675226844847 ], [ 360610.130836409109179, 5732583.933686401695013 ], [ 360625.206128000281751, 5732583.516640561632812 ], [ 360683.015137604379561, 5732579.948044917546213 ], [ 360734.542133000679314, 5732554.630285819992423 ], [ 360740.56000755506102, 5732550.568919078446925 ], [ 360810.111509626265615, 5732517.987585043534636 ], [ 360929.125445013632998, 5732465.067435838282108 ], [ 360968.757908913423307, 5732446.668650757521391 ], [ 360988.166803146828897, 5732436.729435282759368 ], [ 361034.843202155898325, 5732424.380019827745855 ], [ 361057.706930524669588, 5732422.425183166749775 ], [ 361068.774370559025556, 5732425.024577391333878 ], [ 361071.556690420082305, 5732425.671221234835684 ], [ 361080.916124805808067, 5732425.479936490766704 ], [ 361189.787647046614438, 5732445.014877247624099 ], [ 361225.022927166195586, 5732450.610169369727373 ], [ 361305.956868944340385, 5732468.335284569300711 ], [ 361349.051218810316641, 5732473.481401620432734 ], [ 361356.209547462523915, 5732477.190561739727855 ], [ 361379.322996668342967, 5732528.280334039591253 ], [ 361384.561841580551118, 5732534.067745600827038 ], [ 361441.795565877226181, 5732538.714363438077271 ], [ 361484.076887718751095, 5732544.985690241679549 ], [ 361538.183297981740907, 5732546.748036965727806 ], [ 361547.336538339150138, 5732550.380378436297178 ], [ 361619.632193576893769, 5732556.406827939674258 ], [ 361663.914839331584517, 5732562.591293312609196 ], [ 361735.550605012220331, 5732552.645760612562299 ], [ 361738.546494790818542, 5732552.519033685326576 ], [ 361740.541351037798449, 5732552.430906496942043 ], [ 361823.329022252873983, 5732557.760604090988636 ], [ 361906.028191138990223, 5732561.636238135397434 ], [ 361908.023348527378403, 5732561.559297418221831 ], [ 361904.444648717180826, 5732589.590040189214051 ], [ 361900.994266726542264, 5732633.898339794017375 ], [ 361901.982897080131806, 5732657.864395475946367 ], [ 361909.698305308236741, 5732699.574169575236738 ], [ 361915.471882753074169, 5732718.345589248463511 ], [ 361987.710341955651529, 5732990.551315914839506 ], [ 361986.798758801538497, 5732992.590556986629963 ], [ 361994.566463298571762, 5733011.274032402783632 ], [ 362019.785020353156142, 5733113.299725852906704 ], [ 362157.59772977582179, 5733325.776549997739494 ], [ 362160.922425847849809, 5733333.642475036904216 ], [ 362178.978313805244397, 5733358.910978069528937 ], [ 362192.557307357375976, 5733348.34571953676641 ], [ 362354.466839907283429, 5733246.622089790180326 ], [ 362349.120768835593481, 5733265.163617385551333 ], [ 362369.855124345631339, 5733293.65361734200269 ], [ 362494.257408660021611, 5733334.781288282945752 ], [ 362640.125931492540985, 5733379.95596612431109 ], [ 362722.778090287116356, 5733394.573511037044227 ], [ 362805.395246145082638, 5733408.180651378817856 ], [ 362872.815959446132183, 5733417.41756949108094 ], [ 362880.046986939560156, 5733423.129934431053698 ], [ 362910.652794823399745, 5733430.342737562023103 ], [ 362969.347232614527456, 5733467.561688860878348 ], [ 363023.292678370198701, 5733378.201826703734696 ], [ 363025.246484461589716, 5733377.124877709895372 ], [ 363026.165302894136403, 5733375.085641587153077 ], [ 363096.023299160820898, 5733244.686283722519875 ], [ 363097.224854971282184, 5733237.030642529949546 ], [ 363110.573632744606584, 5733228.087837672792375 ], [ 363132.251305068028159, 5733295.271003955975175 ], [ 363186.502554063568823, 5733465.286462827585638 ], [ 363276.612859755463433, 5733747.39376493729651 ], [ 363285.631531385937706, 5733771.653764298185706 ], [ 363305.904392587952316, 5733850.872126960195601 ], [ 363334.577419671812095, 5733939.744644276797771 ], [ 363378.740520546271, 5734089.025062832981348 ], [ 363380.741972690972034, 5734088.948507939465344 ], [ 363424.898815560387447, 5734092.124238812364638 ], [ 363429.058308615465648, 5734095.962026233784854 ], [ 363438.880452539480757, 5734091.555887668393552 ], [ 363443.039633342646994, 5734095.38256621081382 ], [ 363547.629146319872234, 5734108.082792619243264 ], [ 363631.934979150188155, 5734117.751048538833857 ], [ 363697.252661308739334, 5734120.93484237510711 ], [ 363705.284102480451111, 5734048.57202647253871 ], [ 363713.458574228337966, 5734004.204428129829466 ], [ 363778.554496190859936, 5734005.525767395272851 ], [ 363933.92538386664819, 5734012.142259485088289 ], [ 363999.258829314727336, 5734019.458216219209135 ], [ 364003.595667225192301, 5734003.271727844141424 ], [ 364004.692499131546356, 5733981.207930495031178 ], [ 364029.281037266599014, 5733825.114071003161371 ], [ 364032.201415145886131, 5733822.987607800401747 ], [ 364160.941125354846008, 5733814.683901614509523 ], [ 364205.35044048842974, 5733810.259074747562408 ], [ 364286.311711320187896, 5733870.562410881742835 ], [ 364288.394502829876728, 5733872.476002098061144 ], [ 364290.429911822429858, 5733873.400448402389884 ], [ 364299.666466336464509, 5733879.016198831610382 ], [ 364361.409713832312264, 5733920.508602625690401 ], [ 364363.44478990486823, 5733921.421957675367594 ], [ 364364.533976581180468, 5733923.384595447219908 ], [ 364376.887701726402156, 5733931.87666548229754 ], [ 364377.969977247877978, 5733933.839491982012987 ], [ 364379.923526288941503, 5733932.751948474906385 ], [ 364386.880857348733116, 5733931.47401968203485 ], [ 364418.131341881642584, 5733937.187190589495003 ], [ 364624.672516382299364, 5733971.704009190201759 ], [ 364630.839245311683044, 5733975.455409997142851 ], [ 364685.022365456447005, 5733979.229565406218171 ], [ 364697.179106565541588, 5733982.731074850074947 ], [ 364801.408909180376213, 5733997.058274183422327 ], [ 364839.003452293924056, 5734003.137862810865045 ], [ 364856.192726938985288, 5734005.213801559992135 ], [ 364936.689397796813864, 5734015.907445164397359 ], [ 364935.482766290020663, 5733901.363008695654571 ], [ 364912.393361462862231, 5733858.860195260494947 ], [ 364906.517726508143824, 5733847.155051233246922 ], [ 365001.385579330439214, 5733854.437463495880365 ], [ 365027.153556339093484, 5733853.067984812892973 ], [ 365048.501094054139685, 5733850.971338007599115 ], [ 365057.840284348465502, 5733847.816615724004805 ], [ 365077.869743766263127, 5733823.854982990771532 ], [ 365087.554880801239051, 5733799.825553784146905 ], [ 365089.142054337658919, 5733782.990485804155469 ], [ 365090.359937126282603, 5733775.323872816748917 ], [ 365091.468133691465482, 5733765.367776150815189 ], [ 365101.173202310048509, 5733760.389435104094446 ], [ 365114.735280477849301, 5733775.082734674215317 ], [ 365128.749486714659724, 5733763.835112726315856 ], [ 365132.881752120214514, 5733774.69691963121295 ], [ 365225.152335931663401, 5733779.905384143814445 ], [ 365218.515290275448933, 5733751.082773732021451 ], [ 365217.843571051431354, 5733748.185148003511131 ], [ 365214.140587524743751, 5733727.541185598820448 ], [ 365217.160884524928406, 5733707.184683930128813 ], [ 365219.195873913122341, 5733708.098383253440261 ], [ 365275.190795456874184, 5733711.08490486536175 ], [ 365317.347786721191369, 5733716.4340276485309 ], [ 365376.282550187548622, 5733722.40331510733813 ], [ 365430.105624529300258, 5733725.572009839117527 ], [ 365527.848791413474828, 5733719.411441590636969 ], [ 365584.768350112251937, 5733595.00315301027149 ], [ 365616.616560788592324, 5733493.632193679921329 ], [ 365616.528634384623729, 5733491.631462041288614 ], [ 365618.489808531478047, 5733490.555342862382531 ], [ 365696.028285883541685, 5733259.224086278118193 ], [ 365698.85516897495836, 5733255.109180527739227 ], [ 365703.852117975242436, 5733254.898058145307004 ], [ 365729.07347788073821, 5733259.867694284766912 ], [ 365731.819413325574715, 5733253.751891160383821 ], [ 365735.575358008150943, 5733223.572273610159755 ], [ 365721.091163438861258, 5733156.120897148735821 ], [ 365687.663100914214738, 5733007.415776173584163 ], [ 365684.764330428093672, 5732985.514883941970766 ], [ 365674.576712866430171, 5732971.954175303690135 ], [ 365678.677743492007721, 5732963.788015269674361 ], [ 365674.624320185452234, 5732957.931383234448731 ], [ 365723.277752863883507, 5732912.555571970529854 ], [ 365775.06905907811597, 5732864.837646185420454 ], [ 365784.43764420185471, 5732844.546192820183933 ], [ 365787.595240263093729, 5732787.207590940408409 ], [ 365857.520671311474871, 5732791.376722511835396 ], [ 365967.58930810529273, 5732797.950655299238861 ], [ 366154.629030288779177, 5732812.797253560274839 ], [ 366191.992994261207059, 5732814.898347215726972 ], [ 366172.639339807676151, 5732897.42683526314795 ], [ 366219.247373406600673, 5732898.970958610065281 ], [ 366235.88429188344162, 5732908.24404997844249 ], [ 366241.409307945752516, 5732953.934152559377253 ], [ 366278.469068500387948, 5733091.172878683544695 ], [ 366283.580403331026901, 5733093.963899308815598 ], [ 366309.680886762333103, 5733108.104950778186321 ], [ 366341.229495151084848, 5733143.467587225139141 ], [ 366363.906605452764779, 5733183.294439456425607 ], [ 366384.125167066405993, 5733229.17352885287255 ], [ 366398.650672194547951, 5733296.70322884991765 ], [ 366416.926967414445244, 5733343.624345715157688 ], [ 366417.007669708691537, 5733345.625268823467195 ], [ 366419.009115889959503, 5733345.538806453347206 ], [ 366572.987052267650142, 5733367.230440754443407 ], [ 366656.670973674627021, 5733406.800457735545933 ], [ 366660.828125315601937, 5733410.629757485352457 ], [ 366659.451381819904782, 5733425.700277209281921 ], [ 366685.792205848614685, 5733433.627318674698472 ], [ 366688.820958546013571, 5733434.504173412919044 ], [ 366775.801294755074196, 5733456.940592947416008 ], [ 366778.843824629322626, 5733457.817136105149984 ], [ 366780.878601297386922, 5733458.731462872587144 ], [ 366850.624600435025059, 5733475.871774358674884 ], [ 366860.819376765633933, 5733480.454132522456348 ], [ 366873.979080019867979, 5733556.956887104548514 ], [ 366874.059603230271023, 5733558.957815106958151 ], [ 366876.094321480137296, 5733559.872179511934519 ], [ 366913.656158433586825, 5733567.080933316610754 ], [ 366946.961435655830428, 5733586.042381266131997 ], [ 366978.521535952109843, 5733612.183230694383383 ], [ 367019.847201030526776, 5733628.774471096694469 ], [ 367092.447538879234344, 5733664.404258579947054 ], [ 367165.852270693168975, 5733719.309900832362473 ], [ 367175.604951041867025, 5733734.142344495281577 ], [ 367183.166696332860738, 5733745.015350905247033 ], [ 367191.154220730881207, 5733741.644345164299011 ], [ 367204.944457028934266, 5733730.909364487975836 ], [ 367444.398692914459389, 5733573.705188480205834 ], [ 367435.283794504823163, 5733698.056106417439878 ], [ 367434.916515086020809, 5733763.109174877405167 ], [ 367433.627880486426875, 5733880.032059548422694 ], [ 367424.110799088492058, 5733944.179823886603117 ], [ 367414.547072404238861, 5733983.190590468235314 ], [ 367412.456533851800486, 5734006.647915584035218 ], [ 367410.420572880655527, 5734031.127586957067251 ], [ 367414.335524710942991, 5734052.301343309693038 ], [ 367424.289399205823429, 5734096.607123190537095 ], [ 367443.655943034798838, 5734172.023981799371541 ], [ 367450.926966621598694, 5734236.197225741110742 ], [ 367450.519556378014386, 5734336.716503792442381 ], [ 367454.672995240893215, 5734400.81603295635432 ], [ 367463.39519535243744, 5734489.688763160258532 ], [ 367462.884834111027885, 5734564.249032444320619 ], [ 367468.28773105412256, 5734572.163527620956302 ], [ 367468.367130060214549, 5734579.116471886634827 ], [ 367461.687304491002578, 5734584.622639987617731 ], [ 367465.101445239852183, 5734618.017089125700295 ], [ 367470.052230460918508, 5734705.854057607240975 ], [ 367454.052341398550197, 5734708.133626741357148 ], [ 367467.653347757761367, 5734783.713456952944398 ], [ 367488.550397640326992, 5734921.051182377152145 ], [ 367514.225898232252803, 5735005.360429473221302 ], [ 367530.162196976365522, 5735051.623272311873734 ], [ 367538.540006665862165, 5735092.821460673585534 ], [ 367547.662037221714854, 5735166.772211375646293 ], [ 367552.422947882325388, 5735285.505753162316978 ], [ 367550.662916349596344, 5735318.624659765511751 ], [ 367549.665368985151872, 5735336.622726880013943 ], [ 367547.373448053258471, 5735341.913221892900765 ], [ 367540.127037242171355, 5735359.708494872786105 ], [ 367537.386300321784802, 5735365.789770236238837 ], [ 367534.562905015656725, 5735381.065003632567823 ], [ 367533.022218504687771, 5735410.439126301556826 ], [ 367530.789008684514556, 5735468.608655427582562 ], [ 367533.324505819531623, 5735503.806772041134536 ], [ 367541.454182462650351, 5735562.62722519878298 ], [ 367561.709084072499536, 5735609.299500105902553 ], [ 367584.24010682181688, 5735687.638077898882329 ], [ 367607.467988383607008, 5735733.419946023263037 ], [ 367616.330400407139678, 5735751.347837061621249 ], [ 367695.605130758951418, 5735821.506695292890072 ], [ 367703.910722297849134, 5735828.777553679421544 ], [ 367776.695349051500671, 5735918.270703159272671 ], [ 367790.272600142750889, 5735976.64787605125457 ], [ 367796.710830752854235, 5736034.300107320770621 ], [ 367791.678652753937058, 5736040.686265585944057 ], [ 367804.28226475440897, 5736055.177749930880964 ], [ 367804.362447158782743, 5736057.178693125024438 ], [ 367837.873091826215386, 5736117.836674821563065 ], [ 367885.717573801754043, 5736161.882712240330875 ], [ 367880.097406566957943, 5736171.121872493065894 ], [ 367884.298430512892082, 5736175.952435407787561 ], [ 367890.041437342530116, 5736203.221176284365356 ], [ 367892.013327470282093, 5736226.516053727827966 ], [ 367899.885486406681594, 5736268.607109451666474 ], [ 367932.996391696622595, 5736332.280703676864505 ], [ 367949.925977215461899, 5736373.255006716586649 ], [ 367954.13408755994169, 5736401.521095738746226 ], [ 368008.225856447592378, 5736530.400210293009877 ], [ 368034.020502083760221, 5736589.292055157013237 ], [ 368074.619109802879393, 5736637.41338721755892 ], [ 368074.063720264239237, 5736648.622755561023951 ], [ 368053.38463415770093, 5736664.710856469348073 ], [ 368037.22701872990001, 5736691.808506070636213 ], [ 368041.212765178759582, 5736713.726371038705111 ], [ 368004.376849239110015, 5736756.912378145381808 ], [ 367964.299420273397118, 5736844.940773703157902 ], [ 367954.990179043263197, 5736865.64957088790834 ], [ 367940.780126207275316, 5736890.615529729984701 ], [ 367925.244335572584532, 5737007.100106881000102 ], [ 367910.539385193318594, 5737032.390758108347654 ], [ 367881.452824205276556, 5737103.417104203253984 ], [ 367858.156421420746483, 5737179.577404876239598 ], [ 367854.688570407452062, 5737193.956935490481555 ], [ 367837.666479895473458, 5737249.532555701211095 ], [ 367838.116944219567813, 5737285.07491391338408 ], [ 367837.720861951471306, 5737357.506823988631368 ], [ 367748.046847210032865, 5737421.045742525719106 ], [ 367719.431070479215123, 5737440.482201009057462 ], [ 367691.319712790427729, 5737455.465456859208643 ], [ 367612.242890319554135, 5737497.629360090941191 ], [ 367582.544464578910265, 5737513.66767771076411 ], [ 367581.060421972884797, 5737514.463454824872315 ], [ 367530.873471354134381, 5737541.557538330554962 ], [ 367517.201469904743135, 5737554.292059200815856 ], [ 367486.689273164491169, 5737581.869999063201249 ], [ 367484.666519421851262, 5737583.703784135170281 ], [ 367451.559040503983852, 5737613.642716833390296 ], [ 367387.920741286885459, 5737671.183221084997058 ], [ 367376.101060203625821, 5737679.785302069038153 ], [ 367373.478825764323119, 5737690.036675771698356 ], [ 367344.51406390836928, 5737725.709412016905844 ], [ 367322.233852683799341, 5737750.97925372980535 ], [ 367280.984269459848292, 5737808.453756077215075 ], [ 367249.467498742043972, 5737905.098753018304706 ], [ 367243.421929425210692, 5737905.681190078146756 ], [ 367241.527233540662564, 5737909.481384105980396 ], [ 367234.317916085245088, 5737980.78051255363971 ], [ 367228.981408079154789, 5738017.110109564848244 ], [ 367228.799167193588801, 5738037.401528565213084 ], [ 367202.343911970790941, 5738035.451485764235258 ], [ 367082.161897358018905, 5738029.645788254216313 ], [ 367021.196155944257043, 5738027.084291049279273 ], [ 366983.657196333399042, 5738026.541272888891399 ], [ 366948.134538323676679, 5738026.023090758360922 ], [ 366841.562628537183627, 5738024.325483565218747 ], [ 366778.657498342683539, 5738023.876975799910724 ], [ 366747.99171585770091, 5738018.045819653198123 ], [ 366736.863504442502744, 5738016.983025650493801 ], [ 366681.228964738897048, 5738011.658120504580438 ], [ 366641.657138918992132, 5738011.260556911118329 ], [ 366532.982654931431171, 5738007.622134282253683 ], [ 366381.873301381361671, 5738007.049542753957212 ], [ 366303.783449045440648, 5738007.221825025044382 ], [ 366171.944123451015912, 5738007.578866486437619 ], [ 366204.689794780977536, 5738064.051486841402948 ], [ 366203.06725702912081, 5738122.940800596028566 ], [ 366201.723230521543883, 5738188.922533415257931 ], [ 366202.333215413964354, 5738228.45608972478658 ], [ 366187.272126030991785, 5738232.117380898445845 ], [ 366157.993893801234663, 5738235.35582958906889 ], [ 366101.375938464596402, 5738239.711774450726807 ], [ 366042.730965688708238, 5738244.155736705288291 ], [ 365988.085682643170003, 5738247.414362265728414 ], [ 365957.583191167272162, 5738245.634374364279211 ], [ 365937.168738718493842, 5738242.417171785607934 ], [ 365914.393466075067408, 5738231.172739247791469 ], [ 365877.060759020678233, 5738211.413996137678623 ], [ 365855.129153362417128, 5738196.096627526916564 ], [ 365845.305807244614698, 5738179.254492351785302 ], [ 365838.535001680254936, 5738168.162161185406148 ], [ 365834.435092450818047, 5738161.449897699989378 ], [ 365823.502949597837869, 5738166.960710138082504 ], [ 365818.455402864259668, 5738171.301867650821805 ], [ 365812.462917348137125, 5738176.447222664020956 ], [ 365804.898230439517647, 5738182.947673641145229 ], [ 365771.298639361630194, 5738202.740156141109765 ], [ 365762.314315896015614, 5738208.032197461463511 ], [ 365741.107666162832174, 5738216.26567623578012 ], [ 365724.699089946458116, 5738221.934043819084764 ], [ 365711.108435972593725, 5738226.625829585827887 ], [ 365678.075435810431372, 5738237.111707594245672 ], [ 365646.124122058099601, 5738249.583132966421545 ], [ 365600.385143206804059, 5738271.75986339058727 ], [ 365552.530594008625485, 5738291.990489459596574 ], [ 365512.777760359575041, 5738311.871383158490062 ], [ 365474.080367869348265, 5738332.748176790773869 ], [ 365416.520519496581983, 5738363.511215792968869 ], [ 365361.995449089503381, 5738394.16030890122056 ], [ 365310.259112799889408, 5738418.603617516346276 ], [ 365227.63538112747483, 5738456.483582620508969 ], [ 365149.86231570772361, 5738489.104711968451738 ], [ 365101.038817947206553, 5738510.38959579076618 ], [ 365045.2096718858229, 5738533.988495199941099 ], [ 365012.254950602073222, 5738546.502154946327209 ], [ 364983.183548729168251, 5738554.794274017214775 ], [ 364948.728826827602461, 5738561.305931352078915 ], [ 364915.68594416877022, 5738571.808373560197651 ], [ 364882.182778577902354, 5738595.488278743810952 ], [ 364838.154047277930658, 5738634.841882259584963 ], [ 364802.06246094458038, 5738669.787091304548085 ], [ 364755.778421138296835, 5738713.26397813949734 ], [ 364730.989354300312698, 5738732.136827209964395 ], [ 364719.169361397216562, 5738740.734342033043504 ], [ 364688.246374887879938, 5738757.624662989750504 ], [ 364678.896246306132525, 5738761.815738087520003 ], [ 364652.685492132150102, 5738772.469981691800058 ], [ 364643.62764094339218, 5738773.670844908803701 ], [ 364630.418679530615918, 5738779.635151744820178 ], [ 364624.564327565138228, 5738783.175800179131329 ], [ 364617.002116137475241, 5738788.39831468462944 ], [ 364592.080570814432576, 5738813.084486272186041 ], [ 364584.518273572670296, 5738814.456625028513372 ], [ 364535.339402922429144, 5738778.033720646984875 ], [ 364535.469397492415737, 5738772.35472643096 ], [ 364530.819435319979675, 5738774.739069506525993 ], [ 364469.866322802612558, 5738729.67561973631382 ], [ 364447.210171984275803, 5738717.789107108488679 ], [ 364423.04878699342953, 5738709.726940970867872 ], [ 364380.26105639670277, 5738706.640848515555263 ], [ 364356.97822743904544, 5738707.357886700890958 ], [ 364335.083616917952895, 5738712.96747496817261 ], [ 364315.100534154335037, 5738720.862551382742822 ], [ 364316.795465650851838, 5738738.911652757786214 ], [ 364295.009472663048655, 5738739.076686246320605 ], [ 364285.579686704091728, 5738749.769662617705762 ], [ 364248.668920565280132, 5738766.73533605132252 ], [ 364195.94760728161782, 5738790.171027491800487 ], [ 364129.369939693715423, 5738810.89911316242069 ], [ 364119.384117842419073, 5738811.981333298608661 ], [ 364088.15092161949724, 5738907.706718699075282 ], [ 364135.572533013357315, 5739000.082207484170794 ], [ 364199.462275186437182, 5739125.242814977653325 ], [ 364079.412363282870501, 5739188.013017457909882 ], [ 363994.72684019053122, 5739231.31162507366389 ], [ 363921.577097019704524, 5739269.325039587914944 ], [ 363907.324068650603294, 5739292.223773171193898 ], [ 363843.37357157986844, 5739291.941059597767889 ], [ 363837.323059576097876, 5739305.525890327058733 ], [ 363844.781188866763841, 5739483.301914678886533 ], [ 363724.061155721312389, 5739482.18832082208246 ], [ 363724.833266689616721, 5739500.996826248243451 ], [ 363732.268696406157687, 5739656.905998067930341 ], [ 363742.342586788348854, 5739950.625971954315901 ], [ 363633.933074699132703, 5740002.765177928842604 ], [ 363573.227692706976086, 5740031.210021647624671 ], [ 363571.877146940154489, 5740041.451544895768166 ], [ 363550.787696401413996, 5740200.516654491424561 ], [ 363525.342693298007362, 5740395.289316713809967 ], [ 363490.069651109399274, 5740647.27402959484607 ], [ 363490.530913708731532, 5740658.412310387007892 ], [ 363446.697972849942744, 5740653.115264909341931 ], [ 363385.444364835042506, 5740644.820046436972916 ], [ 363342.507641968608368, 5740638.998748848214746 ], [ 363245.761399049952161, 5740625.894796491600573 ], [ 363147.966902677086182, 5740611.819655803963542 ], [ 363064.919421625440009, 5740599.870720627717674 ], [ 363020.992706233868375, 5740595.481312995776534 ], [ 362949.827027435472701, 5740588.374070035293698 ], [ 362861.110539974062704, 5740576.816767921671271 ], [ 362763.357986048562452, 5740567.655590565875173 ], [ 362671.725507391849533, 5740559.263855543918908 ], [ 362562.882430474390276, 5740551.567000872455537 ], [ 362517.110918575024698, 5740548.389785254374146 ], [ 362505.035704397130758, 5740550.901361944153905 ], [ 362466.480895765824243, 5740550.476254608482122 ], [ 362426.791864802769851, 5740549.704117763787508 ], [ 362407.565185407409444, 5740549.329072212800384 ], [ 362399.481021083658561, 5740549.172042825259268 ], [ 362331.516551255015656, 5740548.930111602880061 ], [ 362212.30820227204822, 5740549.782243881374598 ], [ 362081.517047647095751, 5740551.478116540238261 ], [ 362068.356570014730096, 5740551.650124081410468 ], [ 361998.483296888647601, 5740554.525473369285464 ], [ 361929.505408711498603, 5740554.327931065112352 ], [ 361832.172632401343435, 5740555.289212945848703 ], [ 361740.031599261448719, 5740556.109540232457221 ], [ 361736.943634417722933, 5740627.451715053059161 ], [ 361729.05879390030168, 5740810.068494023755193 ], [ 361641.688205133890733, 5740806.564031978137791 ], [ 361557.758963282336481, 5740810.021893751807511 ], [ 361552.652007865428459, 5740809.227781512774527 ], [ 361557.091650716087315, 5740793.814567783847451 ], [ 361552.958790202683304, 5740793.817144888453186 ], [ 361545.824377171520609, 5740793.813395873643458 ], [ 361485.070309827744495, 5740793.740497602149844 ], [ 361460.619206920731813, 5740792.044125680811703 ], [ 361430.146726412582211, 5740789.924088613130152 ], [ 361422.048763114435133, 5740790.258690849877894 ], [ 361405.964146565413103, 5740793.963016071356833 ], [ 361374.488304797792807, 5740793.239826848730445 ], [ 361337.994828261376824, 5740793.71252201218158 ], [ 361301.126171718351543, 5740785.092503436841071 ], [ 361249.955387117923237, 5740774.018666830845177 ], [ 361176.377073027309962, 5740760.815513860434294 ], [ 361123.311798934708349, 5740752.866824869066477 ], [ 361057.956118423258886, 5740742.365010060369968 ], [ 360995.862413445429411, 5740736.804016400128603 ], [ 360995.193603603576776, 5740720.607856216840446 ], [ 360884.791947177785914, 5740699.791675696149468 ], [ 360771.990441054338589, 5740677.319398840889335 ], [ 360759.931717619532719, 5740674.915819379501045 ], [ 360758.79359719355125, 5740674.680262992158532 ], [ 360741.378583906101994, 5740671.212102489545941 ], [ 360577.690488106920384, 5740637.389753989875317 ], [ 360575.259440479218028, 5740636.81172904651612 ], [ 360563.604933409951627, 5740634.063531608320773 ], [ 360553.304451079457067, 5740631.622781855985522 ], [ 360533.662643266899977, 5740626.992946047335863 ], [ 360495.586931639467366, 5740618.000446680001915 ], [ 360475.264073386322707, 5740613.200549830682576 ], [ 360433.556932481587864, 5740561.162776147946715 ], [ 360415.845181732438505, 5740541.322284305468202 ], [ 360384.644650029600598, 5740506.376330708153546 ], [ 360313.733648525900207, 5740409.900922173634171 ], [ 360312.733369059453253, 5740407.179896018467844 ], [ 360272.566139373695478, 5740296.974472257308662 ], [ 360248.638087485684082, 5740237.521646102890372 ], [ 360234.597835814289283, 5740202.622438545338809 ], [ 360212.814289987785742, 5740141.652237377129495 ], [ 360160.432252092869021, 5740002.807718981988728 ], [ 360117.616943609318696, 5739899.087216905318201 ], [ 360066.880544906714931, 5739775.39974610041827 ], [ 360057.990209556533955, 5739756.505580911412835 ], [ 360016.254956293851137, 5739646.356627357192338 ], [ 359993.62818146252539, 5739589.472728844732046 ], [ 359948.464320276922081, 5739460.890149987302721 ], [ 359888.337658640113659, 5739306.149117104709148 ], [ 359869.54004604939837, 5739268.378543335013092 ], [ 359866.079263894527685, 5739258.36998063325882 ], [ 359848.505154621787369, 5739225.629012452438474 ], [ 359846.742696303408593, 5739222.818020796403289 ], [ 359839.633326340815984, 5739210.429444335401058 ] ] ] ] } },
{ "type": "Feature", "properties": { "full_id": "r2999091", "osm_id": "2999091", "osm_type": "relation", "boundary": "administrative", "note:de": null, "name:es": null, "name:de": null, "ref:nuts:2": null, "ref:nuts": null, "population": null, "name:sr": null, "name:ru": null, "name:la": null, "name:ksh": null, "name:ja": null, "name:ar": null, "de:place": null, "ref:nuts:3": null, "license_plate_code": null, "admin_centre:postal_code": null, "wikipedia": null, "wikidata": "Q1496176", "website": null, "opendata_portal": null, "name:prefix": null, "de:regionalschluessel": null, "de:amtlicher_gemeindeschluessel": null, "admin_title:de": null, "admin_title": null, "TMC:cid_58:tabcd_1:LocationCode": null, "TMC:cid_58:tabcd_1:LCLversion": null, "TMC:cid_58:tabcd_1:Class": null, "type": "boundary", "name": "Rhade", "admin_level": "10" }, "geometry": { "type": "MultiPolygon", "coordinates": [ [ [ [ 359839.633326340815984, 5739210.429444335401058 ], [ 359861.509735130239278, 5739196.69866912253201 ], [ 359895.327927011065185, 5739171.116813803091645 ], [ 359919.97107788908761, 5739153.87038713786751 ], [ 359896.781843184842728, 5739076.658911641687155 ], [ 359894.995913182734512, 5739070.776987131685019 ], [ 359890.191776747466065, 5739054.918666027486324 ], [ 359873.677459292113781, 5738998.799682032316923 ], [ 359848.113639735849574, 5738895.379286826588213 ], [ 359812.331416593049653, 5738740.650392542593181 ], [ 359811.029655204969458, 5738732.829697591252625 ], [ 359803.881883867783472, 5738689.626356937922537 ], [ 359797.573628719197586, 5738659.45378983207047 ], [ 359773.038524857372977, 5738531.632768685929477 ], [ 359746.865372327389196, 5738388.677735967561603 ], [ 359738.784391560591757, 5738364.764579235576093 ], [ 359734.56039398862049, 5738338.061796640045941 ], [ 359733.268291002721526, 5738329.851337219588459 ], [ 359727.794685578788631, 5738295.226265494711697 ], [ 359711.193801564746536, 5738187.383092612959445 ], [ 359705.176359185599722, 5738139.952745263464749 ], [ 359697.822696500981692, 5738084.468986805528402 ], [ 359691.559814374078996, 5738030.969134177081287 ], [ 359681.56148596003186, 5737960.379388526082039 ], [ 359671.002765300800093, 5737876.63983568828553 ], [ 359665.093663945503067, 5737806.881986151449382 ], [ 359659.610037319129333, 5737742.231555148027837 ], [ 359659.177881101961248, 5737737.135460161603987 ], [ 359652.773737701703794, 5737621.184366391971707 ], [ 359643.840578376199119, 5737497.246553270146251 ], [ 359642.027269276208244, 5737431.514405179768801 ], [ 359638.499803296639584, 5737388.978134418837726 ], [ 359636.950066632358357, 5737373.029192288406193 ], [ 359637.436251951032318, 5737363.233352592214942 ], [ 359637.441387124359608, 5737341.888042635284364 ], [ 359639.201415943331085, 5737319.592331921681762 ], [ 359637.06918533355929, 5737289.448081289418042 ], [ 359639.204780586063862, 5737233.343532808125019 ], [ 359638.844781024672557, 5737203.116453174501657 ], [ 359640.151718200009782, 5737040.331511744298041 ], [ 359637.824680345249362, 5736984.640843441709876 ], [ 359637.707313789869659, 5736917.069686736911535 ], [ 359637.236732664285228, 5736819.260159472003579 ], [ 359640.018740385770798, 5736735.560333336703479 ], [ 359640.514585774857551, 5736677.832266092300415 ], [ 359640.942472349386662, 5736629.053698075003922 ], [ 359640.383115495205857, 5736550.822346684522927 ], [ 359639.267407597857527, 5736480.619295405223966 ], [ 359638.453450187284034, 5736417.519169027917087 ], [ 359637.619975014706142, 5736375.753593499772251 ], [ 359636.684778156806715, 5736331.331063526682556 ], [ 359636.27512930193916, 5736236.669398971833289 ], [ 359633.625157285539899, 5736186.22948653344065 ], [ 359633.204817139543593, 5736178.339731344021857 ], [ 359632.170286712644156, 5736158.581502025015652 ], [ 359629.318381524877623, 5736111.797487887553871 ], [ 359626.232763847801834, 5736079.910386943258345 ], [ 359625.420448419230524, 5736066.634077433496714 ], [ 359623.517750231607351, 5736035.55977642070502 ], [ 359620.08657975459937, 5736017.036928345449269 ], [ 359618.736583168618381, 5736002.807408466935158 ], [ 359608.865182774956338, 5735899.239539040252566 ], [ 359605.994355180882849, 5735869.115945220924914 ], [ 359605.334359673841391, 5735853.131082972511649 ], [ 359601.83240116504021, 5735832.818476062268019 ], [ 359601.140989223029464, 5735815.955312591046095 ], [ 359571.399612681707367, 5735806.5131123540923 ], [ 359510.381553147453815, 5735793.013925269246101 ], [ 359473.477306832093745, 5735782.080643832683563 ], [ 359346.449292347650044, 5735745.564957116730511 ], [ 359250.297289117239416, 5735721.053866906091571 ], [ 359185.763141312345397, 5735708.602804157882929 ], [ 359149.029952180862892, 5735702.10747841745615 ], [ 359117.095715155941434, 5735695.567122315056622 ], [ 358996.004860745335463, 5735669.98939123749733 ], [ 358969.057798706227913, 5735663.477181531488895 ], [ 358951.723083378747106, 5735661.325364843010902 ], [ 358923.945889498689212, 5735656.25002493802458 ], [ 358896.953328324132599, 5735652.310245998203754 ], [ 358860.887414353433996, 5735644.273618432693183 ], [ 358860.89084430783987, 5735644.395940269343555 ], [ 358678.715478386147879, 5735605.948886978439987 ], [ 358668.126143195549957, 5735603.708811103366315 ], [ 358672.112018543062732, 5735595.3614889876917 ], [ 358688.444783294922672, 5735597.729680338874459 ], [ 358695.912875613779761, 5735546.605191051028669 ], [ 358652.635611703095492, 5735539.340025190263987 ], [ 358642.206553730124142, 5735509.362203292548656 ], [ 358639.593532325816341, 5735495.268456975929439 ], [ 358627.112902169581503, 5735487.672909615561366 ], [ 358624.590870415733662, 5735475.590950171463192 ], [ 358623.010196804068983, 5735461.857728751376271 ], [ 358638.731144918943755, 5735400.362913846038282 ], [ 358643.302152248390485, 5735388.003860473632812 ], [ 358651.02166160789784, 5735378.550083793699741 ], [ 358655.832537092966959, 5735372.271831333637238 ], [ 358667.905044388549868, 5735369.75159668456763 ], [ 358678.033426153473556, 5735369.333692790940404 ], [ 358692.324546345160343, 5735371.781504757702351 ], [ 358742.075797000783496, 5735200.346468764357269 ], [ 358536.001678468252067, 5735206.823122607544065 ], [ 358533.39985361485742, 5735206.907366022467613 ], [ 358532.77078667038586, 5735207.136493536643684 ], [ 358512.424151612678543, 5735214.875343218445778 ], [ 358495.693956455274019, 5735178.019127266481519 ], [ 358490.314924196107313, 5735174.898420016281307 ], [ 358483.517868995666504, 5735170.971780828200281 ], [ 358470.414076485671103, 5735163.360709574073553 ], [ 358442.90786913986085, 5735147.407282820902765 ], [ 358438.540213910164312, 5735144.881410097703338 ], [ 358380.609926056466065, 5735240.583739824593067 ], [ 358275.189165372517891, 5735065.275756999850273 ], [ 358202.041498466976918, 5734943.625943860039115 ], [ 358299.240877800795715, 5734865.679815486073494 ], [ 358231.399757491890341, 5734794.42788920365274 ], [ 358215.275649899675045, 5734797.118853696621954 ], [ 358236.759233390621375, 5734776.960326239466667 ], [ 358378.337153341504745, 5734643.334958317689598 ], [ 358180.66934392193798, 5734572.35370596498251 ], [ 358184.430336617457215, 5734565.091856930404902 ], [ 358187.050288648228161, 5734554.846200720407069 ], [ 358225.120066061674152, 5734370.691769455559552 ], [ 358221.992333166417666, 5734368.798879199661314 ], [ 358210.275636150734499, 5734355.084050003439188 ], [ 358187.962438968825154, 5734330.638864235021174 ], [ 358164.902511106978636, 5734312.313467651605606 ], [ 358080.074916613404639, 5734247.606974214315414 ], [ 358048.056524455896579, 5734218.861884492449462 ], [ 358047.121114015812054, 5734218.031322568655014 ], [ 358041.08157658285927, 5734212.603706196881831 ], [ 358039.125086284708232, 5734210.844839301891625 ], [ 358037.948367319069803, 5734209.787373340688646 ], [ 357973.193377113668248, 5734124.184098017401993 ], [ 357972.978425036300905, 5734123.91193606518209 ], [ 357968.428029672708362, 5734117.885952476412058 ], [ 357967.997497215750627, 5734117.319388725794852 ], [ 357948.389422837062739, 5734060.012930729426444 ], [ 357946.521697429765482, 5734054.545645104721189 ], [ 357913.298985154775437, 5733957.470023080706596 ], [ 357891.919244610937312, 5733894.960853102616966 ], [ 357871.20401737652719, 5733836.183467731811106 ], [ 357865.811272465973161, 5733828.478600984439254 ], [ 357730.71061047562398, 5733733.445500832051039 ], [ 357730.723603080259636, 5733726.077745341695845 ], [ 357727.175577345944475, 5733719.600738459266722 ], [ 357716.353023073286749, 5733727.607725065201521 ], [ 357688.000649816356599, 5733737.823892561718822 ], [ 357598.991225456120446, 5733768.941257374361157 ], [ 357513.335702007985674, 5733799.141810901463032 ], [ 357512.055478237103671, 5733797.364001673646271 ], [ 357442.42344446410425, 5733822.404925628565252 ], [ 357315.590015703812242, 5733867.062728086486459 ], [ 357318.328112902585417, 5733809.325654263608158 ], [ 357317.723841030150652, 5733799.215357138775289 ], [ 357311.677500762511045, 5733697.010722769424319 ], [ 357243.263450105092488, 5733808.436828217469156 ], [ 357221.524552405171562, 5733785.492887940257788 ], [ 357100.523908199276775, 5733673.327156425453722 ], [ 356785.634478109306656, 5733369.88898815959692 ], [ 356762.420834588352591, 5733347.957021029666066 ], [ 356750.133595861843787, 5733341.862701877951622 ], [ 356740.809448392828926, 5733337.175435696728528 ], [ 356624.670928178355098, 5733546.85766969807446 ], [ 356580.332095195073634, 5733627.793203512206674 ], [ 356580.453060758882202, 5733630.82800333108753 ], [ 356577.459002413321286, 5733631.970524066127837 ], [ 356568.633212673244998, 5733639.433507684618235 ], [ 356531.893971620011143, 5733707.888868517242372 ], [ 356504.916794377844781, 5733758.549189483746886 ], [ 356472.437540714046918, 5733819.549618870019913 ], [ 356411.980208129738458, 5733933.087184748612344 ], [ 356395.367481622612104, 5733964.277243920601904 ], [ 356354.703344474022742, 5734035.939971968531609 ], [ 356280.780148715944961, 5734169.395162758417428 ], [ 356207.46508343424648, 5734301.743627360090613 ], [ 356200.598624578793533, 5734314.126125679351389 ], [ 356145.670670157298446, 5734384.250593577511609 ], [ 356157.8856229558005, 5734410.12194786965847 ], [ 355875.677363246912137, 5734725.023175174370408 ], [ 355886.343007602263242, 5734737.772427525371313 ], [ 355889.714593917946331, 5734745.744589012116194 ], [ 355755.317169228103012, 5734860.117296459153295 ], [ 355809.199052998214029, 5734881.9340696092695 ], [ 355759.951382587838452, 5734991.487268358469009 ], [ 355757.129296955652535, 5734996.910143961198628 ], [ 355753.303356273565441, 5734996.229587864130735 ], [ 355741.990233294665813, 5734994.149829799309373 ], [ 355733.819593246560544, 5734993.972175708971918 ], [ 355723.778599133831449, 5734997.954814256168902 ], [ 355716.513677013572305, 5735007.444779647514224 ], [ 355701.119554755510762, 5735030.010867822915316 ], [ 355650.379489770508371, 5735098.941932046785951 ], [ 355635.777461961028166, 5735115.865279065445065 ], [ 355632.015439069247805, 5735123.67458516638726 ], [ 355631.878502858628053, 5735132.871253307908773 ], [ 355635.631113386189099, 5735149.546514810062945 ], [ 355646.918793522403575, 5735200.617603581398726 ], [ 355651.541101111681201, 5735208.598268685862422 ], [ 355652.21986909856787, 5735212.997108712792397 ], [ 355660.679925566655584, 5735268.333889428526163 ], [ 355663.410423961526249, 5735314.898189142346382 ], [ 355668.805929351248778, 5735406.949140334501863 ], [ 355674.322784569580108, 5735501.066660843789577 ], [ 355684.868144389358349, 5735584.823386778123677 ], [ 355718.726805954589508, 5735840.670851574279368 ], [ 355723.098857415141538, 5735872.953846512362361 ], [ 355731.355702962609939, 5735901.007672022096813 ], [ 355761.441164753399789, 5735977.115135072730482 ], [ 355765.520778323814739, 5735986.190962953492999 ], [ 355767.203255452099256, 5735990.672342905774713 ], [ 355938.447608933784068, 5736447.229593402706087 ], [ 355974.369192761078011, 5736408.217330239713192 ], [ 355975.433134112448897, 5736409.678194677457213 ], [ 356101.449844824965112, 5736582.03698555752635 ], [ 356107.774134796578437, 5736593.330345974303782 ], [ 356112.522630979539827, 5736610.378056293353438 ], [ 356124.859875176218338, 5736663.623544836416841 ], [ 356140.81416722945869, 5736730.588116771541536 ], [ 356154.296372226323001, 5736787.184204690158367 ], [ 356154.838377047795802, 5736800.345690296031535 ], [ 356149.339471785817295, 5736814.770542747341096 ], [ 356139.756025969807524, 5736828.355073614045978 ], [ 356127.052100226050243, 5736840.036724048666656 ], [ 356078.479925384279341, 5736867.40143951959908 ], [ 356059.699259552289732, 5736879.323872136883438 ], [ 356051.087409211439081, 5736891.856906298547983 ], [ 356046.474314802093431, 5736903.196013164706528 ], [ 356046.045710001257248, 5736917.420290033333004 ], [ 356050.85042809357401, 5736935.467968956567347 ], [ 356103.612334665725939, 5737131.88069558236748 ], [ 356115.529114211793058, 5737176.245937372557819 ], [ 356117.220706904015969, 5737192.65767237637192 ], [ 356113.7467831709655, 5737305.384732397273183 ], [ 356114.806797636556439, 5737343.894908298738301 ], [ 356115.779353351914324, 5737379.347051648423076 ], [ 356129.71699571510544, 5737594.821972601115704 ], [ 356132.900471105473116, 5737618.013262675143778 ], [ 356138.425472233735491, 5737658.37675760127604 ], [ 356153.89210695726797, 5737750.863469442352653 ], [ 356162.645248754299246, 5737803.198750277049839 ], [ 356162.638350036810152, 5737803.198947553522885 ], [ 356185.995613714039791, 5737985.261826722882688 ], [ 356198.337498200125992, 5738021.390551839023829 ], [ 356208.110813387436792, 5738044.716219868510962 ], [ 356212.96759402519092, 5738096.751182768493891 ], [ 356215.267464855511207, 5738119.722932046279311 ], [ 356220.13903193268925, 5738139.193360412493348 ], [ 356252.50859131879406, 5738422.898055312223732 ], [ 356255.44486839894671, 5738452.684977008961141 ], [ 356251.379947605310008, 5738459.48983655218035 ], [ 356263.24227780662477, 5738450.147224414162338 ], [ 356274.677177138684783, 5738458.456684014759958 ], [ 356287.988859998062253, 5738452.72309638839215 ], [ 356327.190576568071265, 5738389.791274451650679 ], [ 356753.58714060834609, 5738357.828885917551816 ], [ 356783.82743718958227, 5738259.98800415545702 ], [ 356795.971175059850793, 5738264.116129133850336 ], [ 356804.653920592041686, 5738265.983441639691591 ], [ 356808.921471466426738, 5738253.898077010177076 ], [ 356808.836889011901803, 5738251.897234759293497 ], [ 356837.007947217789479, 5738163.274985552765429 ], [ 356847.110287602699827, 5738130.846404267475009 ], [ 356917.116031698242296, 5738127.96397450286895 ], [ 356981.734238467994146, 5738123.77780175767839 ], [ 356996.181029777333606, 5738123.18894227873534 ], [ 357049.450797601602972, 5738120.99570295214653 ], [ 357155.947907531284727, 5738115.844215483404696 ], [ 357146.638090999564156, 5738093.36069224588573 ], [ 357144.957889774814248, 5738089.624510892666876 ], [ 357180.12935473350808, 5738073.69034825079143 ], [ 357299.629972695605829, 5738014.853123606182635 ], [ 357448.601419083832297, 5737944.388293522410095 ], [ 357568.254705792583991, 5737887.322936207056046 ], [ 357619.109498358797282, 5737863.880917216651142 ], [ 357625.893470151349902, 5737862.075169577263296 ], [ 357635.910281823249534, 5737883.014796118251979 ], [ 357645.317183848994318, 5737889.481642599217594 ], [ 357720.326424979313742, 5737875.684873918071389 ], [ 357863.421905452210922, 5737852.274575230665505 ], [ 357941.484305581019726, 5737841.433105790056288 ], [ 357946.404472805385012, 5737831.322522778064013 ], [ 358059.876963567687199, 5737810.63540855422616 ], [ 358278.530234830803238, 5737771.149685816839337 ], [ 358367.760345590591896, 5737753.75691004935652 ], [ 358368.960174895764794, 5737744.38589364849031 ], [ 358382.16604706668295, 5737741.621336039155722 ], [ 358389.271895794197917, 5737731.616630917415023 ], [ 358438.795786674949341, 5737721.308303913101554 ], [ 358494.00604120711796, 5737710.651308269239962 ], [ 358535.473389985971153, 5737705.511872275732458 ], [ 358536.328527715872042, 5737705.476693710312247 ], [ 358653.749374017177615, 5737687.307468025013804 ], [ 358709.158980832668021, 5737678.316611460410058 ], [ 358754.023831474478357, 5737672.694052034057677 ], [ 358790.132138905581087, 5737668.230283997952938 ], [ 358864.834091760276351, 5737659.044607101008296 ], [ 358912.78042463719612, 5737655.952320767566562 ], [ 358941.869454138737638, 5737653.044266394339502 ], [ 358974.793923870485742, 5737650.262557713314891 ], [ 358979.154083504632581, 5737649.650645269080997 ], [ 358979.169107923167758, 5737653.634384047240019 ], [ 358981.88840073661413, 5737658.03198242560029 ], [ 358986.630464382469654, 5737672.767304172739387 ], [ 358986.368988775531761, 5737676.246863062493503 ], [ 358987.639147855748888, 5737682.888618716970086 ], [ 358995.538396796386223, 5737698.926558052189648 ], [ 358999.450289968226571, 5737712.127109820023179 ], [ 359003.471492474665865, 5737716.666286622174084 ], [ 359006.494301536935382, 5737722.780373730696738 ], [ 359013.212153772357851, 5737727.95622247364372 ], [ 359014.643432226264849, 5737738.377305803820491 ], [ 359015.926617118937429, 5737740.06632502283901 ], [ 359018.780168924131431, 5737749.256748951971531 ], [ 359019.410616774053778, 5737764.852976801805198 ], [ 359015.904974359436892, 5737769.592001235112548 ], [ 359008.462993088236544, 5737774.541524266824126 ], [ 359002.592075075895991, 5737786.769861136563122 ], [ 358999.904139878926799, 5737790.384211688302457 ], [ 358998.966991483990569, 5737793.404166772961617 ], [ 359001.027669768489432, 5737797.953782268799841 ], [ 358996.485102399543393, 5737800.674164668656886 ], [ 358987.544800668139942, 5737800.691087973304093 ], [ 358984.065881602582522, 5737803.426178777590394 ], [ 358979.425698225211818, 5737804.880614598281682 ], [ 358968.308115922904108, 5737809.732932360842824 ], [ 358962.077633777400479, 5737816.273386120796204 ], [ 358955.985425653518178, 5737828.97540617082268 ], [ 358955.133748166554142, 5737833.072482041083276 ], [ 358959.470294261758681, 5737839.995502447709441 ], [ 358961.793064361787401, 5737846.997250443324447 ], [ 358959.011968988983426, 5737853.19615335110575 ], [ 358952.11477490584366, 5737860.578860156238079 ], [ 358952.115710414480418, 5737860.612220759503543 ], [ 358950.03858596883947, 5737862.862870859913528 ], [ 358948.699078090023249, 5737868.520552169531584 ], [ 358949.535478200472426, 5737877.912185243330896 ], [ 358951.57400171563495, 5737883.886908015236259 ], [ 358953.279361040855292, 5737888.813724298030138 ], [ 358953.240617055504117, 5737887.924495102837682 ], [ 358957.968916860059835, 5737901.925665494054556 ], [ 358967.500763239106163, 5737911.685566226020455 ], [ 358977.961688505485654, 5737919.371708446182311 ], [ 358989.309221433941275, 5737923.961426203139126 ], [ 358998.461166259367019, 5737924.606299503706396 ], [ 359006.648093407857232, 5737926.290974318981171 ], [ 359019.939411269966513, 5737928.800804139114916 ], [ 359026.134368051076308, 5737931.5874645691365 ], [ 359032.336216216383036, 5737934.373939177021384 ], [ 359041.70550367468968, 5737940.065336310304701 ], [ 359049.970111799018923, 5737943.784498274326324 ], [ 359100.338454213109799, 5737959.968089437112212 ], [ 359107.427549861138687, 5737959.680470784194767 ], [ 359109.328324602451175, 5737956.555640860460699 ], [ 359116.241647821501829, 5737952.210898824967444 ], [ 359123.415035086043645, 5737953.946407436393201 ], [ 359132.651174599828664, 5737956.614628210663795 ], [ 359138.944101186585613, 5737961.42414428666234 ], [ 359145.181082816328853, 5737965.222501990385354 ], [ 359145.511584426858462, 5737973.326235008426011 ], [ 359147.150790368730668, 5737988.471316587179899 ], [ 359148.417667652480304, 5737994.512233106419444 ], [ 359151.585013944655657, 5737997.417215785942972 ], [ 359169.930386700783856, 5737999.707996566779912 ], [ 359178.201383075444028, 5738003.416052791289985 ], [ 359182.502254159422591, 5738009.327513439580798 ], [ 359188.823710463708267, 5738015.160149456001818 ], [ 359189.963839393400121, 5738018.155297299847007 ], [ 359187.133241360657848, 5738023.331592531874776 ], [ 359184.176886268425733, 5738025.495471763424575 ], [ 359185.815970012103207, 5738040.640564734116197 ], [ 359182.063118036370724, 5738047.890407120808959 ], [ 359182.393564597528894, 5738055.994142371229827 ], [ 359188.672838520724326, 5738060.815224840305746 ], [ 359198.886633007321507, 5738062.410066774114966 ], [ 359208.967461527325213, 5738060.981584003195167 ], [ 359218.083888804307207, 5738060.61510619148612 ], [ 359228.164724650501739, 5738059.186662045307457 ], [ 359245.629337730817497, 5738064.551683003082871 ], [ 359253.612263923918363, 5738061.17879643291235 ], [ 359260.736119714798406, 5738061.892017358914018 ], [ 359263.94609373935964, 5738065.830862750299275 ], [ 359269.388916548574343, 5738085.666100239381194 ], [ 359278.526558713521808, 5738095.682416239753366 ], [ 359281.731236368941609, 5738103.627830000594258 ], [ 359283.581605921499431, 5738106.102323040366173 ], [ 359282.773526441073045, 5738114.972421350888908 ], [ 359294.850276564829983, 5738120.978024017065763 ], [ 359296.177639906760305, 5738139.05876499786973 ], [ 359304.310725354589522, 5738146.732766970992088 ], [ 359321.26866454287665, 5738141.895864591933787 ], [ 359341.047780368244275, 5738158.447790453210473 ], [ 359347.288218636298552, 5738170.036523533985019 ], [ 359354.27040402952116, 5738192.844720891676843 ], [ 359404.344051073538139, 5738360.359214512631297 ], [ 359414.364634409255814, 5738393.343390104360878 ], [ 359457.867199018131942, 5738538.528223955072463 ], [ 359451.954288759734482, 5738542.83343505486846 ], [ 359470.048419627419207, 5738563.383645448833704 ], [ 359554.984242552425712, 5738729.279751827009022 ], [ 359593.783124717185274, 5738795.726397275924683 ], [ 359602.996669507527258, 5738811.494748857803643 ], [ 359657.418125165160745, 5738901.555189509876072 ], [ 359697.134671072009951, 5738966.596934332512319 ], [ 359700.924344146624207, 5738972.790141277015209 ], [ 359724.700441486318596, 5739012.279799373820424 ], [ 359756.727325043873861, 5739065.483906708657742 ], [ 359800.360462188255042, 5739140.377474657259881 ], [ 359832.14747020707, 5739197.906697322614491 ], [ 359839.633326340815984, 5739210.429444335401058 ] ] ] ] } },
{ "type": "Feature", "properties": { "full_id": "r2999092", "osm_id": "2999092", "osm_type": "relation", "boundary": "administrative", "note:de": null, "name:es": null, "name:de": null, "ref:nuts:2": null, "ref:nuts": null, "population": null, "name:sr": null, "name:ru": null, "name:la": null, "name:ksh": null, "name:ja": null, "name:ar": null, "de:place": null, "ref:nuts:3": null, "license_plate_code": null, "admin_centre:postal_code": null, "wikipedia": null, "wikidata": "Q2594846", "website": null, "opendata_portal": null, "name:prefix": null, "de:regionalschluessel": null, "de:amtlicher_gemeindeschluessel": null, "admin_title:de": null, "admin_title": null, "TMC:cid_58:tabcd_1:LocationCode": null, "TMC:cid_58:tabcd_1:LCLversion": null, "TMC:cid_58:tabcd_1:Class": null, "type": "boundary", "name": "Wulfen", "admin_level": "10" }, "geometry": { "type": "MultiPolygon", "coordinates": [ [ [ [ 361908.023348527378403, 5732561.559297418221831 ], [ 361904.444648717180826, 5732589.590040189214051 ], [ 361900.994266726542264, 5732633.898339794017375 ], [ 361901.982897080131806, 5732657.864395475946367 ], [ 361909.698305308236741, 5732699.574169575236738 ], [ 361915.471882753074169, 5732718.345589248463511 ], [ 361987.710341955651529, 5732990.551315914839506 ], [ 361986.798758801538497, 5732992.590556986629963 ], [ 361994.566463298571762, 5733011.274032402783632 ], [ 362019.785020353156142, 5733113.299725852906704 ], [ 362157.59772977582179, 5733325.776549997739494 ], [ 362160.922425847849809, 5733333.642475036904216 ], [ 362178.978313805244397, 5733358.910978069528937 ], [ 362192.557307357375976, 5733348.34571953676641 ], [ 362354.466839907283429, 5733246.622089790180326 ], [ 362349.120768835593481, 5733265.163617385551333 ], [ 362369.855124345631339, 5733293.65361734200269 ], [ 362494.257408660021611, 5733334.781288282945752 ], [ 362640.125931492540985, 5733379.95596612431109 ], [ 362722.778090287116356, 5733394.573511037044227 ], [ 362805.395246145082638, 5733408.180651378817856 ], [ 362872.815959446132183, 5733417.41756949108094 ], [ 362880.046986939560156, 5733423.129934431053698 ], [ 362910.652794823399745, 5733430.342737562023103 ], [ 362969.347232614527456, 5733467.561688860878348 ], [ 363023.292678370198701, 5733378.201826703734696 ], [ 363025.246484461589716, 5733377.124877709895372 ], [ 363026.165302894136403, 5733375.085641587153077 ], [ 363096.023299160820898, 5733244.686283722519875 ], [ 363097.224854971282184, 5733237.030642529949546 ], [ 363110.573632744606584, 5733228.087837672792375 ], [ 363132.251305068028159, 5733295.271003955975175 ], [ 363186.502554063568823, 5733465.286462827585638 ], [ 363276.612859755463433, 5733747.39376493729651 ], [ 363285.631531385937706, 5733771.653764298185706 ], [ 363305.904392587952316, 5733850.872126960195601 ], [ 363334.577419671812095, 5733939.744644276797771 ], [ 363378.740520546271, 5734089.025062832981348 ], [ 363380.741972690972034, 5734088.948507939465344 ], [ 363424.898815560387447, 5734092.124238812364638 ], [ 363429.058308615465648, 5734095.962026233784854 ], [ 363438.880452539480757, 5734091.555887668393552 ], [ 363443.039633342646994, 5734095.38256621081382 ], [ 363547.629146319872234, 5734108.082792619243264 ], [ 363631.934979150188155, 5734117.751048538833857 ], [ 363697.252661308739334, 5734120.93484237510711 ], [ 363705.284102480451111, 5734048.57202647253871 ], [ 363713.458574228337966, 5734004.204428129829466 ], [ 363778.554496190859936, 5734005.525767395272851 ], [ 363933.92538386664819, 5734012.142259485088289 ], [ 363999.258829314727336, 5734019.458216219209135 ], [ 364003.595667225192301, 5734003.271727844141424 ], [ 364004.692499131546356, 5733981.207930495031178 ], [ 364029.281037266599014, 5733825.114071003161371 ], [ 364032.201415145886131, 5733822.987607800401747 ], [ 364160.941125354846008, 5733814.683901614509523 ], [ 364205.35044048842974, 5733810.259074747562408 ], [ 364286.311711320187896, 5733870.562410881742835 ], [ 364288.394502829876728, 5733872.476002098061144 ], [ 364290.429911822429858, 5733873.400448402389884 ], [ 364299.666466336464509, 5733879.016198831610382 ], [ 364361.409713832312264, 5733920.508602625690401 ], [ 364363.44478990486823, 5733921.421957675367594 ], [ 364364.533976581180468, 5733923.384595447219908 ], [ 364376.887701726402156, 5733931.87666548229754 ], [ 364377.969977247877978, 5733933.839491982012987 ], [ 364379.923526288941503, 5733932.751948474906385 ], [ 364386.880857348733116, 5733931.47401968203485 ], [ 364418.131341881642584, 5733937.187190589495003 ], [ 364624.672516382299364, 5733971.704009190201759 ], [ 364630.839245311683044, 5733975.455409997142851 ], [ 364685.022365456447005, 5733979.229565406218171 ], [ 364697.179106565541588, 5733982.731074850074947 ], [ 364801.408909180376213, 5733997.058274183422327 ], [ 364839.003452293924056, 5734003.137862810865045 ], [ 364856.192726938985288, 5734005.213801559992135 ], [ 364936.689397796813864, 5734015.907445164397359 ], [ 364935.482766290020663, 5733901.363008695654571 ], [ 364912.393361462862231, 5733858.860195260494947 ], [ 364906.517726508143824, 5733847.155051233246922 ], [ 365001.385579330439214, 5733854.437463495880365 ], [ 365027.153556339093484, 5733853.067984812892973 ], [ 365048.501094054139685, 5733850.971338007599115 ], [ 365057.840284348465502, 5733847.816615724004805 ], [ 365077.869743766263127, 5733823.854982990771532 ], [ 365087.554880801239051, 5733799.825553784146905 ], [ 365089.142054337658919, 5733782.990485804155469 ], [ 365090.359937126282603, 5733775.323872816748917 ], [ 365091.468133691465482, 5733765.367776150815189 ], [ 365101.173202310048509, 5733760.389435104094446 ], [ 365114.735280477849301, 5733775.082734674215317 ], [ 365128.749486714659724, 5733763.835112726315856 ], [ 365132.881752120214514, 5733774.69691963121295 ], [ 365225.152335931663401, 5733779.905384143814445 ], [ 365218.515290275448933, 5733751.082773732021451 ], [ 365217.843571051431354, 5733748.185148003511131 ], [ 365214.140587524743751, 5733727.541185598820448 ], [ 365217.160884524928406, 5733707.184683930128813 ], [ 365219.195873913122341, 5733708.098383253440261 ], [ 365275.190795456874184, 5733711.08490486536175 ], [ 365317.347786721191369, 5733716.4340276485309 ], [ 365376.282550187548622, 5733722.40331510733813 ], [ 365430.105624529300258, 5733725.572009839117527 ], [ 365527.848791413474828, 5733719.411441590636969 ], [ 365584.768350112251937, 5733595.00315301027149 ], [ 365616.616560788592324, 5733493.632193679921329 ], [ 365616.528634384623729, 5733491.631462041288614 ], [ 365618.489808531478047, 5733490.555342862382531 ], [ 365696.028285883541685, 5733259.224086278118193 ], [ 365698.85516897495836, 5733255.109180527739227 ], [ 365703.852117975242436, 5733254.898058145307004 ], [ 365729.07347788073821, 5733259.867694284766912 ], [ 365731.819413325574715, 5733253.751891160383821 ], [ 365735.575358008150943, 5733223.572273610159755 ], [ 365721.091163438861258, 5733156.120897148735821 ], [ 365687.663100914214738, 5733007.415776173584163 ], [ 365684.764330428093672, 5732985.514883941970766 ], [ 365674.576712866430171, 5732971.954175303690135 ], [ 365678.677743492007721, 5732963.788015269674361 ], [ 365674.624320185452234, 5732957.931383234448731 ], [ 365723.277752863883507, 5732912.555571970529854 ], [ 365775.06905907811597, 5732864.837646185420454 ], [ 365784.43764420185471, 5732844.546192820183933 ], [ 365787.595240263093729, 5732787.207590940408409 ], [ 365857.520671311474871, 5732791.376722511835396 ], [ 365967.58930810529273, 5732797.950655299238861 ], [ 366154.629030288779177, 5732812.797253560274839 ], [ 366191.992994261207059, 5732814.898347215726972 ], [ 366172.639339807676151, 5732897.42683526314795 ], [ 366219.247373406600673, 5732898.970958610065281 ], [ 366235.88429188344162, 5732908.24404997844249 ], [ 366241.409307945752516, 5732953.934152559377253 ], [ 366278.469068500387948, 5733091.172878683544695 ], [ 366283.580403331026901, 5733093.963899308815598 ], [ 366309.680886762333103, 5733108.104950778186321 ], [ 366341.229495151084848, 5733143.467587225139141 ], [ 366363.906605452764779, 5733183.294439456425607 ], [ 366384.125167066405993, 5733229.17352885287255 ], [ 366398.650672194547951, 5733296.70322884991765 ], [ 366416.926967414445244, 5733343.624345715157688 ], [ 366417.007669708691537, 5733345.625268823467195 ], [ 366419.009115889959503, 5733345.538806453347206 ], [ 366572.987052267650142, 5733367.230440754443407 ], [ 366656.670973674627021, 5733406.800457735545933 ], [ 366660.828125315601937, 5733410.629757485352457 ], [ 366659.451381819904782, 5733425.700277209281921 ], [ 366685.792205848614685, 5733433.627318674698472 ], [ 366688.820958546013571, 5733434.504173412919044 ], [ 366775.801294755074196, 5733456.940592947416008 ], [ 366778.843824629322626, 5733457.817136105149984 ], [ 366780.878601297386922, 5733458.731462872587144 ], [ 366850.624600435025059, 5733475.871774358674884 ], [ 366860.819376765633933, 5733480.454132522456348 ], [ 366873.979080019867979, 5733556.956887104548514 ], [ 366874.059603230271023, 5733558.957815106958151 ], [ 366876.094321480137296, 5733559.872179511934519 ], [ 366913.656158433586825, 5733567.080933316610754 ], [ 366946.961435655830428, 5733586.042381266131997 ], [ 366978.521535952109843, 5733612.183230694383383 ], [ 367019.847201030526776, 5733628.774471096694469 ], [ 367092.447538879234344, 5733664.404258579947054 ], [ 367165.852270693168975, 5733719.309900832362473 ], [ 367175.604951041867025, 5733734.142344495281577 ], [ 367183.166696332860738, 5733745.015350905247033 ], [ 367191.154220730881207, 5733741.644345164299011 ], [ 367204.944457028934266, 5733730.909364487975836 ], [ 367444.398692914459389, 5733573.705188480205834 ], [ 367439.796717702760361, 5733568.696280170232058 ], [ 367494.369286504341289, 5733533.431067649275064 ], [ 367577.773297260864638, 5733468.954037575051188 ], [ 367619.68311127735069, 5733440.254888605326414 ], [ 367670.846996578969993, 5733399.539543178863823 ], [ 367709.199967452324927, 5733368.486471011303365 ], [ 367737.58340498956386, 5733341.912994839251041 ], [ 367754.075326443882659, 5733322.940724941901863 ], [ 367787.960033365525305, 5733281.923647335730493 ], [ 367808.180127398460172, 5733254.663514099083841 ], [ 367829.239600571803749, 5733223.308602222241461 ], [ 367846.207638924184721, 5733191.115249142982066 ], [ 367869.401256017328706, 5733137.315027166157961 ], [ 367855.857271838351153, 5733134.899434451945126 ], [ 367883.430706276209094, 5733056.547349374741316 ], [ 367910.139999623177573, 5732948.628816885873675 ], [ 367830.934813174768351, 5732951.618720050901175 ], [ 367786.209746912820265, 5732943.81203780323267 ], [ 367745.483086136053316, 5732936.44604688230902 ], [ 367580.843800134316552, 5732913.674287169240415 ], [ 367463.276940345822368, 5732893.664173517376184 ], [ 367410.795749617915135, 5732891.039060170762241 ], [ 367379.950836075120606, 5732895.022448033094406 ], [ 367318.717774208984338, 5732899.338898098096251 ], [ 367275.578641828207765, 5732900.119152314029634 ], [ 367254.277115733246319, 5732899.667751939035952 ], [ 367225.569006802514195, 5732896.629630763083696 ], [ 367197.200155269703828, 5732892.570075913332403 ], [ 367174.60029839805793, 5732891.363144693896174 ], [ 367152.006633763434365, 5732892.225968530401587 ], [ 367147.611438535619527, 5732891.685317938216031 ], [ 367143.478080077213235, 5732890.592491419054568 ], [ 367140.885618714848533, 5732889.236469668336213 ], [ 367131.439348881714977, 5732897.609078943729401 ], [ 367062.865061966702342, 5732913.339355707168579 ], [ 367032.408411158248782, 5732860.027374232187867 ], [ 366977.391739552665967, 5732763.241201467812061 ], [ 366922.467071831924841, 5732668.445049144327641 ], [ 366925.630483258981258, 5732672.311956292018294 ], [ 366925.462886640336365, 5732668.321406519040465 ], [ 366945.702916932990775, 5732649.470043429173529 ], [ 366976.543377607653383, 5732632.442079493775964 ], [ 367031.633464683429338, 5732597.904128831811249 ], [ 367076.947809189092368, 5732636.513457569293678 ], [ 367085.291763016430195, 5732636.371222278103232 ], [ 367130.393287987797521, 5732523.344709530472755 ], [ 367156.362519838905428, 5732456.492586015723646 ], [ 367170.854214138467796, 5732431.072430985048413 ], [ 367240.915180072537623, 5732366.330282708629966 ], [ 367365.229812090808991, 5732226.059303373098373 ], [ 367413.94701820879709, 5732170.205412335693836 ], [ 367315.53556755988393, 5732165.506939734332263 ], [ 367314.31277142080944, 5732158.962477210909128 ], [ 367308.753737767692655, 5732127.894758127629757 ], [ 367246.40366788348183, 5731780.85147906281054 ], [ 367233.466155713947956, 5731711.096890836022794 ], [ 367223.4243187449174, 5731712.173789489082992 ], [ 367198.12584291328676, 5731711.048757144249976 ], [ 367183.938276510336436, 5731708.763037082739174 ], [ 367065.81483124603983, 5731695.252149350009859 ], [ 367069.290152066212613, 5731744.991827569901943 ], [ 367023.928640650061425, 5731747.579535148106515 ], [ 366971.518426130583975, 5731750.732061363756657 ], [ 366968.737696920987219, 5731687.019505494274199 ], [ 367011.82480369892437, 5731690.155513115227222 ], [ 367019.266081004752778, 5731620.642599926330149 ], [ 367036.039396327571012, 5731504.524113201536238 ], [ 367039.415365696884692, 5731463.239067777059972 ], [ 367046.032523217436392, 5731421.668225643225014 ], [ 367046.168713493621908, 5731380.71347473654896 ], [ 367043.419021353940479, 5731221.966757227666676 ], [ 367020.153745286399499, 5731100.973382895812392 ], [ 367188.046057024155743, 5731082.447785495780408 ], [ 367264.635460620746017, 5731014.430212518200278 ], [ 367253.588807210559025, 5731012.840472208335996 ], [ 367250.471783908433281, 5731009.973635994829237 ], [ 367247.89347102236934, 5730996.064761137589812 ], [ 367231.350122242118232, 5730935.641393974423409 ], [ 367228.066055601462722, 5730920.660570708103478 ], [ 367076.853842436685227, 5730789.951998925767839 ], [ 366955.367699505528435, 5730682.065628711134195 ], [ 366821.110690331261139, 5730569.845546888187528 ], [ 366795.87365339056123, 5730548.768087381497025 ], [ 366718.138121224939823, 5730483.798318105749786 ], [ 366711.104676982038654, 5730486.054074662737548 ], [ 366616.045578556135297, 5730516.599645545706153 ], [ 366585.65939709066879, 5730524.091608641669154 ], [ 366585.966965059924405, 5730509.850683228112757 ], [ 366589.310689589125104, 5730469.790219799615443 ], [ 366582.330585722462274, 5730464.655715637840331 ], [ 366434.979068822343834, 5730342.008763758465648 ], [ 366333.334852913045324, 5730373.001130045391619 ], [ 366310.27114638389321, 5730380.033532708883286 ], [ 366305.874965205264743, 5730381.107118143700063 ], [ 366300.543547530891374, 5730381.326389294117689 ], [ 366289.999851408298127, 5730384.432529026642442 ], [ 366228.556301346165128, 5730403.856195994652808 ], [ 366209.153824173088651, 5730407.642683728598058 ], [ 366196.003777583944611, 5730412.309352334588766 ], [ 366158.201458950643428, 5730422.749347564764321 ], [ 366029.176284513727296, 5730464.15638673119247 ], [ 366000.248313607298769, 5730473.438158762641251 ], [ 365954.56413965934189, 5730487.728103013709188 ], [ 365924.767191858263686, 5730380.611040532588959 ], [ 365931.807446450693533, 5730373.936136567033827 ], [ 365944.323041113442741, 5730362.052367630414665 ], [ 365954.457727888948284, 5730348.507073328830302 ], [ 365966.926185524789616, 5730336.146110276691616 ], [ 365980.021481442439836, 5730324.736664696596563 ], [ 366005.302677846746519, 5730295.788207271136343 ], [ 366006.692966447444633, 5730265.894545089453459 ], [ 366017.581478445034008, 5730183.134799058549106 ], [ 366019.104233776801266, 5730137.92535902839154 ], [ 366019.381122251274064, 5730123.106495046056807 ], [ 366019.980679733911529, 5730090.507476576603949 ], [ 366013.918993261177093, 5729998.205137088894844 ], [ 366013.623695821501315, 5729987.351955988444388 ], [ 365988.836185311432928, 5729977.70602900441736 ], [ 365982.560969132580794, 5729973.388177753426135 ], [ 365801.931666134507395, 5729880.965670954436064 ], [ 365691.993575836531818, 5729858.064192578196526 ], [ 365669.681138341024052, 5729852.871881944127381 ], [ 365574.37276054744143, 5729834.134635074064136 ], [ 365517.469091339269653, 5729821.997606649063528 ], [ 365491.350958721130155, 5729816.974331041797996 ], [ 365514.791205078363419, 5729737.139018005691469 ], [ 365518.766159612103365, 5729723.623601984232664 ], [ 365552.331907176412642, 5729599.495596849359572 ], [ 365556.602613176743034, 5729592.137326523661613 ], [ 365558.159979614138138, 5729588.824137312360108 ], [ 365521.198733999044634, 5729579.660728056915104 ], [ 365330.287791249225847, 5729526.198697553947568 ], [ 365271.828375855926424, 5729509.821468418464065 ], [ 365215.082655604579486, 5729493.933252663351595 ], [ 365201.092932713334449, 5729490.790651086717844 ], [ 365157.870946234907024, 5729481.062725178897381 ], [ 365133.654214373556897, 5729471.461206818930805 ], [ 365130.411727593513206, 5729470.190278798341751 ], [ 365070.790927313501015, 5729458.531344062648714 ], [ 365057.26225820730906, 5729450.402500601485372 ], [ 365048.358826616546139, 5729446.378637047484517 ], [ 364881.620578742818907, 5729399.96485548093915 ], [ 364730.754673530347645, 5729358.661446643993258 ], [ 364722.478672607394401, 5729356.390697910450399 ], [ 364646.469648386235349, 5729335.572609259746969 ], [ 364514.635287500568666, 5729331.278059468604624 ], [ 364512.288868357660249, 5729331.196424404159188 ], [ 364501.789762461849023, 5729330.866422857157886 ], [ 364423.677028037433047, 5729328.31394967623055 ], [ 364320.973224607063457, 5729324.966348346322775 ], [ 364235.461857186863199, 5729322.19294117577374 ], [ 364229.564827117603272, 5729321.995576973073184 ], [ 364215.232941556430887, 5729321.602422466501594 ], [ 364131.923462699749507, 5729233.974086543545127 ], [ 364130.308098879642785, 5729232.281591577455401 ], [ 364111.284164815675467, 5729212.262441539205611 ], [ 364110.217586965649389, 5729204.245439219288528 ], [ 364071.648945700202603, 5729276.539026781916618 ], [ 364040.901361833908595, 5729333.142695146612823 ], [ 364039.946154609788209, 5729334.90445576608181 ], [ 364017.849646357819438, 5729383.540943007916212 ], [ 363985.838378400076181, 5729456.315096937119961 ], [ 363951.715889690851327, 5729533.842593737877905 ], [ 363935.54652165499283, 5729566.050079666078091 ], [ 363897.695749522419646, 5729627.843047542497516 ], [ 363884.853484134655446, 5729653.918272534385324 ], [ 363874.834384071466047, 5729681.08580317068845 ], [ 363834.499572332133539, 5729814.200922976247966 ], [ 363829.061632303870283, 5729828.681019969284534 ], [ 363826.783842493430711, 5729834.718428932130337 ], [ 363806.230334383202717, 5729872.987331092357635 ], [ 363795.579366195190232, 5729865.718879518099129 ], [ 363794.590145043272059, 5729859.814208471216261 ], [ 363600.102463329501916, 5729701.161947395652533 ], [ 363587.705895556835458, 5729690.992114637047052 ], [ 363558.730010237079114, 5729667.360428865998983 ], [ 363526.572554511483759, 5729641.15532355569303 ], [ 363495.460588279587682, 5729615.778992746025324 ], [ 363463.839665024541318, 5729590.004871672950685 ], [ 363442.235270871489774, 5729573.574589516036212 ], [ 363373.095197600487154, 5729526.42683919146657 ], [ 363371.425920677720569, 5729525.30358518846333 ], [ 363335.523338734521531, 5729500.803562995046377 ], [ 363322.369355044269469, 5729491.812213025055826 ], [ 363149.254033341712784, 5729373.64955094922334 ], [ 363140.87107653147541, 5729367.978986133821309 ], [ 362891.344797323923558, 5729250.541100353002548 ], [ 362883.216108665626962, 5729246.611187508329749 ], [ 362792.024972498300485, 5729203.731741778552532 ], [ 362732.019963545608334, 5729177.57680600695312 ], [ 362705.775476560345851, 5729166.138896483927965 ], [ 362659.444528362131678, 5729145.933535386808217 ], [ 362619.244599398574792, 5729128.421592740342021 ], [ 362581.218960176571272, 5729114.322786391712725 ], [ 362506.681644167634659, 5729091.203810115344822 ], [ 362469.136717129149474, 5729079.540971987880766 ], [ 362463.424539177038241, 5729077.771506186574697 ], [ 362454.231858455576003, 5729074.917342046275735 ], [ 362437.419884095550515, 5729065.28233155887574 ], [ 362434.56472366838716, 5729064.558952097781003 ], [ 362431.617602228769101, 5729063.760183302685618 ], [ 362388.969111809274182, 5729051.613926036283374 ], [ 362354.184025604394265, 5729042.525193455629051 ], [ 362324.995152415824123, 5729037.546139283105731 ], [ 362179.372536493698135, 5729031.551808278076351 ], [ 362176.451098087185528, 5729031.442448026500642 ], [ 362173.855369233002421, 5729031.357575074769557 ], [ 362164.37804493290605, 5729031.004478747025132 ], [ 361941.713031403371133, 5729022.237430232577026 ], [ 361896.081975201028399, 5729021.961959987878799 ], [ 361871.511491844954435, 5729034.386414028704166 ], [ 361862.840770610491745, 5729029.649429617449641 ], [ 361913.872759459831286, 5729101.154797686263919 ], [ 361944.54160230665002, 5729149.080275031737983 ], [ 362023.271172541310079, 5729356.452865468338132 ], [ 362112.788376913056709, 5729481.848565231077373 ], [ 362113.543111729202792, 5729482.896263495087624 ], [ 362103.064542439067736, 5729488.635708399116993 ], [ 362089.526296300115064, 5729496.027956046164036 ], [ 362056.822905948618427, 5729513.915512332692742 ], [ 362001.868095471058041, 5729543.974589016288519 ], [ 361994.516988827032037, 5729548.003937783651054 ], [ 361992.397341491188854, 5729552.925086487084627 ], [ 361988.899226880050264, 5729561.044446922838688 ], [ 361973.309774892986752, 5729580.64545841794461 ], [ 361954.468126415158622, 5729620.878727217204869 ], [ 361955.019045412656851, 5729634.184443742036819 ], [ 361967.874129137315322, 5729653.897237255237997 ], [ 361978.333519133739173, 5729659.097312276251614 ], [ 361980.075966477859765, 5729664.146469926461577 ], [ 361969.315002800605725, 5729701.487714724615216 ], [ 361969.229110564803705, 5729711.739400611259043 ], [ 361969.783859827613924, 5729713.059635017998517 ], [ 361980.5668855169788, 5729738.426794225350022 ], [ 361982.056426850729622, 5729749.648054284974933 ], [ 361979.219778958940879, 5729755.401217291131616 ], [ 361973.121901033911854, 5729758.973431053571403 ], [ 361964.206982639501803, 5729764.214133826084435 ], [ 361940.447509771911427, 5729784.662120340391994 ], [ 361900.37732543295715, 5729831.90914736315608 ], [ 361888.208950479107443, 5729853.67588095087558 ], [ 361884.717908024089411, 5729863.553443312644958 ], [ 361882.696757986152079, 5729869.284333977848291 ], [ 361876.641491862130351, 5729908.98973994795233 ], [ 361875.712730233033653, 5729985.901980536989868 ], [ 361877.873606642242521, 5730001.177863911725581 ], [ 361887.540963293169625, 5730030.74857813026756 ], [ 361902.11163820681395, 5730106.056691667065024 ], [ 361904.092993382946588, 5730116.296289948746562 ], [ 361914.879137582727708, 5730172.088535876013339 ], [ 361917.832639364991337, 5730200.407585087232292 ], [ 361914.867221545078792, 5730218.36116639059037 ], [ 361892.396243508497719, 5730354.165675305761397 ], [ 361882.463884913246147, 5730436.555004380643368 ], [ 361870.645488607522566, 5730476.585297643207014 ], [ 361868.070707109523937, 5730485.313820718787611 ], [ 361853.337779566354584, 5730563.294351479038596 ], [ 361855.497393764264416, 5730590.889532381668687 ], [ 361864.130634791683406, 5730626.397765531204641 ], [ 361884.732116930535994, 5730678.849567919038236 ], [ 361888.481520548579283, 5730695.083507252857089 ], [ 361887.693195003201254, 5730725.864314113743603 ], [ 361863.917777148424648, 5730795.501390383578837 ], [ 361853.589640395890456, 5730818.475452575832605 ], [ 361838.095747587794904, 5730840.634061685763299 ], [ 361796.644133930269163, 5730879.240025767125189 ], [ 361792.341706452833023, 5730888.483370789326727 ], [ 361774.511578384321183, 5730926.77584571018815 ], [ 361775.591918772901408, 5730953.065193111076951 ], [ 361775.733273792662658, 5730956.455518474802375 ], [ 361787.129410945810378, 5731009.270643250085413 ], [ 361801.030269736947957, 5731054.104734420776367 ], [ 361828.868914692429826, 5731143.88328252453357 ], [ 361839.933585587190464, 5731179.591911796480417 ], [ 361842.663567496347241, 5731188.397650185972452 ], [ 361854.962012592703104, 5731238.105562156997621 ], [ 361873.327476526959799, 5731298.330620922148228 ], [ 361876.406250853207894, 5731334.247034437023103 ], [ 361877.261952343920711, 5731344.283773427829146 ], [ 361878.110310988035053, 5731439.565235779620707 ], [ 361866.800728161353618, 5731538.407186261378229 ], [ 361866.338261633412912, 5731564.660939339548349 ], [ 361865.792597926571034, 5731564.675894615240395 ], [ 361866.673917455424089, 5731618.269010150805116 ], [ 361868.086281637195498, 5731652.650854215025902 ], [ 361871.89727374096401, 5731683.505985082127154 ], [ 361867.55212062667124, 5731723.698929987847805 ], [ 361868.832472962560132, 5731803.700267250649631 ], [ 361863.505734229576774, 5731819.927007377147675 ], [ 361852.11606298875995, 5731910.491669332608581 ], [ 361843.145033068140037, 5731981.860114728100598 ], [ 361834.515029295464046, 5732015.237523531541228 ], [ 361834.173637585248798, 5732031.271987624466419 ], [ 361834.255839342600666, 5732033.261743294075131 ], [ 361839.948084777919576, 5732050.043321068398654 ], [ 361840.648458864772692, 5732067.017406340688467 ], [ 361842.726011301507242, 5732068.930198929272592 ], [ 361843.419776451541111, 5732085.91559436544776 ], [ 361845.504226946155541, 5732087.828198648989201 ], [ 361846.204891120665707, 5732104.813405362889171 ], [ 361848.282426830031909, 5732106.726200045086443 ], [ 361861.302739817765541, 5732204.255930399522185 ], [ 361862.386035271920264, 5732206.207114006392658 ], [ 361862.688350011478178, 5732217.739127888344228 ], [ 361872.198958049761131, 5732225.824822133406997 ], [ 361872.404888052260503, 5732230.81589372921735 ], [ 361867.658685573376715, 5732267.19167235866189 ], [ 361864.79863809957169, 5732289.171056115068495 ], [ 361865.869887560373172, 5732315.137974151410162 ], [ 361903.541615605470724, 5732379.630243288353086 ], [ 361912.336005703196861, 5732405.47452808264643 ], [ 361915.607423463487066, 5732503.661053967662156 ], [ 361908.023348527378403, 5732561.559297418221831 ] ] ] ] } },
{ "type": "Feature", "properties": { "full_id": "r2999093", "osm_id": "2999093", "osm_type": "relation", "boundary": "administrative", "note:de": null, "name:es": null, "name:de": null, "ref:nuts:2": null, "ref:nuts": null, "population": null, "name:sr": null, "name:ru": null, "name:la": null, "name:ksh": null, "name:ja": null, "name:ar": null, "de:place": null, "ref:nuts:3": null, "license_plate_code": null, "admin_centre:postal_code": null, "wikipedia": null, "wikidata": "Q109182264", "website": null, "opendata_portal": null, "name:prefix": null, "de:regionalschluessel": null, "de:amtlicher_gemeindeschluessel": null, "admin_title:de": null, "admin_title": null, "TMC:cid_58:tabcd_1:LocationCode": null, "TMC:cid_58:tabcd_1:LCLversion": null, "TMC:cid_58:tabcd_1:Class": null, "type": "boundary", "name": "Östrich", "admin_level": "10" }, "geometry": { "type": "MultiPolygon", "coordinates": [ [ [ [ 355243.20929482288193, 5726611.199878851883113 ], [ 355232.940345274924766, 5726592.619407104328275 ], [ 355222.383802284486592, 5726597.551854536868632 ], [ 355209.872595490887761, 5726603.575394170358777 ], [ 355195.612153978727292, 5726609.649142227135599 ], [ 355181.978083519497886, 5726612.711234699934721 ], [ 355170.554838554759044, 5726614.686058728024364 ], [ 355155.157813185069244, 5726617.320252452045679 ], [ 355140.145334029104561, 5726617.439410027116537 ], [ 355126.639483889332041, 5726617.493115836754441 ], [ 355115.344431369390804, 5726616.459527809172869 ], [ 355099.25844138325192, 5726614.617506555281579 ], [ 355084.374414671037812, 5726611.739411221817136 ], [ 355067.46378354053013, 5726607.929051430895925 ], [ 355045.236478758277372, 5726602.835753699764609 ], [ 355030.238183376379311, 5726596.945105156861246 ], [ 355018.751807001128327, 5726591.421060447581112 ], [ 355007.726924168411642, 5726584.859906847588718 ], [ 354996.098395896551665, 5726575.834321276284754 ], [ 354989.274880512093659, 5726568.106390031054616 ], [ 354979.352346456318628, 5726558.007956130430102 ], [ 354972.009991685859859, 5726549.805269478820264 ], [ 354964.354831341246609, 5726540.109147795476019 ], [ 354956.955467908701394, 5726530.405687131918967 ], [ 354948.454609048203565, 5726518.252090494148433 ], [ 354939.96776997554116, 5726506.587785139679909 ], [ 354931.730125642963685, 5726494.927460731938481 ], [ 354923.975572188501246, 5726482.741325663402677 ], [ 354915.90818352100905, 5726469.061759481206536 ], [ 354910.442336447071284, 5726457.778102188371122 ], [ 354905.225381997646764, 5726446.487296538427472 ], [ 354902.133467235486023, 5726438.106895620934665 ], [ 354897.016315404616762, 5726423.307553499005735 ], [ 354894.273129980196245, 5726411.411458155140281 ], [ 354891.472956184181385, 5726398.014569781720638 ], [ 354890.307808891870081, 5726388.054103404283524 ], [ 354887.984156554332003, 5726374.142709073610604 ], [ 354887.771528869867325, 5726362.652432452887297 ], [ 354888.624984564026818, 5726353.101368774659932 ], [ 354890.296600254368968, 5726339.030622323043644 ], [ 354891.612501998548396, 5726322.454918806441128 ], [ 354893.852747758268379, 5726303.849406718276441 ], [ 354898.759176949621178, 5726283.141768226400018 ], [ 354906.225648108986206, 5726251.821284461766481 ], [ 354916.777382733649574, 5726216.361157587729394 ], [ 354927.16585346282227, 5726176.899270162917674 ], [ 354932.065345777198672, 5726156.180751013569534 ], [ 354933.943534049089067, 5726141.102476679719985 ], [ 354933.617665220168419, 5726127.111409570090473 ], [ 354931.400210007966962, 5726115.689872873947024 ], [ 354928.827670830243733, 5726101.785617157816887 ], [ 354925.252792876854073, 5726087.921292097307742 ], [ 354920.9527097416576, 5726074.589746525511146 ], [ 354915.949034553719684, 5726056.281447590328753 ], [ 354913.063295339990873, 5726046.893490556627512 ], [ 354900.347859212197363, 5726005.3911452004686 ], [ 354899.786418953852262, 5726003.915977793745697 ], [ 354871.512755336007103, 5725922.673570738174021 ], [ 354828.704805756104179, 5725933.39730491861701 ], [ 354801.962502748821862, 5725941.800828291103244 ], [ 354801.409781868918799, 5725913.916001013480127 ], [ 354801.884933855209965, 5725889.284709547646344 ], [ 354800.399933939159382, 5725853.046461508609354 ], [ 354799.719768573180772, 5725819.044283959083259 ], [ 354799.984047307632864, 5725803.444780439138412 ], [ 354800.141812548739836, 5725747.316070663742721 ], [ 354798.681827229098417, 5725723.018659728579223 ], [ 354679.381969014066271, 5725766.237212826497853 ], [ 354672.077164468239062, 5725765.646146199665964 ], [ 354668.343784104916267, 5725763.138249114155769 ], [ 354663.585828230076004, 5725756.052381009794772 ], [ 354657.194424936547875, 5725743.192993408069015 ], [ 354652.453600091976114, 5725726.123804180882871 ], [ 354639.834783917525783, 5725693.845275615341961 ], [ 354629.694082510715816, 5725665.190306600183249 ], [ 354628.022030667751096, 5725665.049246591515839 ], [ 354625.493827555561438, 5725659.691009832546115 ], [ 354616.577406056749169, 5725631.735340046696365 ], [ 354643.165242919581942, 5725617.91545978281647 ], [ 354665.171656002174132, 5725604.105159251019359 ], [ 354674.148474512796383, 5725602.422281302511692 ], [ 354671.444914169318508, 5725586.641071289777756 ], [ 354670.758377941208892, 5725570.000516385771334 ], [ 354671.775337510043755, 5725550.984948474913836 ], [ 354670.552973117562942, 5725539.534861536696553 ], [ 354675.232523862156086, 5725476.787697553634644 ], [ 354670.93928834865801, 5725469.744086408987641 ], [ 354675.646912214811891, 5725413.74037860520184 ], [ 354677.660419544263277, 5725371.625458482652903 ], [ 354671.689424436422996, 5725370.261462454684079 ], [ 354569.701938807789702, 5725373.909650845453143 ], [ 354559.160188019392081, 5725379.187960834242404 ], [ 354552.699956625234336, 5725327.912867086008191 ], [ 354546.639891351456754, 5725263.137737382203341 ], [ 354543.892311740783043, 5725259.544254233129323 ], [ 354536.982051077997312, 5725251.529977313242853 ], [ 354534.097349689807743, 5725247.261570809409022 ], [ 354523.365458034561016, 5725227.204364381730556 ], [ 354512.000189934973605, 5725199.820189289748669 ], [ 354503.851462983293459, 5725184.140262114815414 ], [ 354527.621900483383797, 5725172.159450640901923 ], [ 354522.487963871913962, 5725162.858689225278795 ], [ 354472.365680794871878, 5725075.369695675559342 ], [ 354342.682695778436027, 5724854.054239929653704 ], [ 354340.363987101241946, 5724846.141503270715475 ], [ 354305.482512013462838, 5724581.895277965813875 ], [ 354469.555387272383086, 5724581.161089488305151 ], [ 354687.474397634796333, 5724575.700043709948659 ], [ 354712.705152314272709, 5724574.662691212259233 ], [ 354714.83156426838832, 5724571.574415282346308 ], [ 354714.433714297483675, 5724568.091317736543715 ], [ 354658.429519313620403, 5724124.604744853451848 ], [ 354794.717027161095757, 5723916.366903494112194 ], [ 354784.291525106120389, 5723906.294224237091839 ], [ 354770.928312827367336, 5723891.331301550380886 ], [ 354760.417185662081465, 5723879.246763167902827 ], [ 354741.5570068070665, 5723852.50041273329407 ], [ 354717.334179861703888, 5723822.981365841813385 ], [ 354701.98662598291412, 5723808.609861634671688 ], [ 354666.29084371170029, 5723780.055331692099571 ], [ 354656.736085718031973, 5723768.499935418367386 ], [ 354665.551958803087473, 5723762.069704440422356 ], [ 354686.17905667721061, 5723746.708133759908378 ], [ 354793.733740026713349, 5723667.248336798511446 ], [ 354749.475588182453066, 5723613.019625827670097 ], [ 354777.011692963482346, 5723576.871070982888341 ], [ 354792.732022366079036, 5723563.721019485034049 ], [ 354806.289815851952881, 5723552.658650048077106 ], [ 354827.305639863945544, 5723418.706253780983388 ], [ 354816.02519623900298, 5723333.113878297619522 ], [ 354813.638588908361271, 5723293.184555458836257 ], [ 354812.359257108997554, 5723201.172754665836692 ], [ 354804.600410869927146, 5723182.977051149122417 ], [ 354792.473862482933328, 5723082.418171893805265 ], [ 354818.802976220962591, 5722986.775328003801405 ], [ 354710.246661982149817, 5722828.623425239697099 ], [ 354826.529099076928105, 5722620.718875586055219 ], [ 354828.862691995222121, 5722616.6120052523911 ], [ 354974.487439333926886, 5722678.170964578166604 ], [ 354981.473556993878447, 5722677.881490230560303 ], [ 354992.8404887735378, 5722686.425223633646965 ], [ 354994.910836375667714, 5722688.346798180602491 ], [ 355001.761129844700918, 5722690.565282130613923 ], [ 355036.532484906027094, 5722702.644539841450751 ], [ 355038.531565275567118, 5722702.56494829710573 ], [ 355054.998793567996472, 5722713.889478301629424 ], [ 355069.154909289325587, 5722717.311937404796481 ], [ 355169.183209812501445, 5722765.237608733586967 ], [ 355170.19279781752266, 5722765.186421583406627 ], [ 355174.17706963152159, 5722765.027740687131882 ], [ 355178.551500241446774, 5722767.851591599173844 ], [ 355188.623295300756581, 5722775.442367284558713 ], [ 355206.179222512291744, 5722782.729723753407598 ], [ 355278.250538738560863, 5722813.785539201460779 ], [ 355279.516938253422268, 5722814.238954806700349 ], [ 355315.018264330923557, 5722831.796888350509107 ], [ 355379.369349902844988, 5722863.664929047226906 ], [ 355381.361446381139103, 5722863.585669983178377 ], [ 355390.814376139838714, 5722868.200831712223589 ], [ 355412.992640812706668, 5722878.294684476219118 ], [ 355428.29976619721856, 5722885.669371752999723 ], [ 355430.305692222551443, 5722885.589735992252827 ], [ 355431.073877971677575, 5722886.057438998483121 ], [ 355565.969281525816768, 5722948.56288150511682 ], [ 355817.95291091199033, 5723065.789888818748295 ], [ 355819.95184539508773, 5723065.710603863932192 ], [ 355825.300456102122553, 5723067.995262167416513 ], [ 355897.511311512091197, 5723102.538928673602641 ], [ 355899.510231232212391, 5723102.459674936719239 ], [ 355899.759310605819337, 5723102.452572915703058 ], [ 355948.442843156284653, 5723124.468880374915898 ], [ 355950.235039374209009, 5723125.397144506685436 ], [ 355980.84566632338101, 5723139.648977709934115 ], [ 356136.428656155010685, 5723212.307807344943285 ], [ 356181.055741174321156, 5723232.983848134055734 ], [ 356183.047689804283436, 5723232.904902556911111 ], [ 356184.13490231015021, 5723234.85491244867444 ], [ 356207.639544032514095, 5723246.906438257545233 ], [ 356209.680402368074283, 5723247.816586023196578 ], [ 356213.671206462895498, 5723247.658521167002618 ], [ 356215.214235907420516, 5723248.59396443516016 ], [ 356277.968324072600808, 5723278.036633211188018 ], [ 356301.436836850596592, 5723289.076871617697179 ], [ 356387.963581908377819, 5723331.054946826770902 ], [ 356466.716968044464011, 5723366.344171256758273 ], [ 356481.025042776716873, 5723373.761414575390518 ], [ 356537.183022628421895, 5723400.968399978242815 ], [ 356553.738435830455273, 5723408.288652424700558 ], [ 356603.531039282097481, 5723432.761266154237092 ], [ 356611.525872290600091, 5723432.434244086034596 ], [ 356613.679444130393676, 5723436.346150982193649 ], [ 356706.060318279778585, 5723480.589427649974823 ], [ 356746.295488472678699, 5723497.944837204180658 ], [ 356889.318715788191184, 5723563.113815899938345 ], [ 356937.132146835676394, 5723515.107703419402242 ], [ 356937.374286675476469, 5723515.10084805265069 ], [ 356939.060726693074685, 5723513.528448546305299 ], [ 356950.852300370461307, 5723502.043510584160686 ], [ 356952.490324189828243, 5723511.478928945027292 ], [ 356950.524520042701624, 5723530.576058409176767 ], [ 356948.572587366623338, 5723550.162467163987458 ], [ 356947.381678084260784, 5723569.727333347313106 ], [ 356945.493353037512861, 5723590.825470427982509 ], [ 356928.015420177660417, 5723762.148401085287333 ], [ 356926.301836655475199, 5723775.228826757520437 ], [ 356901.45392909727525, 5723967.872145090252161 ], [ 356894.392318445839919, 5724009.182220199145377 ], [ 356884.688460473669693, 5724059.125266375951469 ], [ 356863.726792050874792, 5724151.543485573492944 ], [ 356863.401633823872544, 5724162.058362389914691 ], [ 356839.053084300947376, 5724275.639681874774396 ], [ 356830.123819365631789, 5724314.031426019966602 ], [ 356829.867883347324096, 5724314.038679275661707 ], [ 356832.36481841141358, 5724325.931471236981452 ], [ 356797.614327162737027, 5724454.442397782579064 ], [ 356785.697699957469013, 5724480.955385202541947 ], [ 356782.88093885674607, 5724497.583911553956568 ], [ 356776.790418405609671, 5724519.847450020723045 ], [ 356768.870453791460022, 5724546.191532917320728 ], [ 356766.744104512501508, 5724561.28696782886982 ], [ 356720.680584173649549, 5724712.77788860630244 ], [ 356698.745389448478818, 5724787.730128715746105 ], [ 356682.966360547114164, 5724835.90971951559186 ], [ 356667.772306271770503, 5724880.055238696746528 ], [ 356651.803858170576859, 5724923.733124761842191 ], [ 356644.066830813069828, 5724942.571397217921913 ], [ 356640.699272937374189, 5724951.714790633879602 ], [ 356638.449630868039094, 5724957.810518549755216 ], [ 356630.292306692688726, 5724978.663953585550189 ], [ 356620.24665420234669, 5725008.095766228623688 ], [ 356605.305171521264128, 5725046.224745630286634 ], [ 356588.842953325714916, 5725083.929548026062548 ], [ 356570.751704627997242, 5725124.707749245688319 ], [ 356552.41839220863767, 5725165.481777928769588 ], [ 356532.413894416298717, 5725208.32882940582931 ], [ 356518.871160157839768, 5725237.90476284082979 ], [ 356495.352615689102095, 5725286.4051717184484 ], [ 356477.805091794696636, 5725322.149184128269553 ], [ 356470.925754406140186, 5725337.02377135399729 ], [ 356465.159806116484106, 5725349.184649560600519 ], [ 356462.900079763145186, 5725354.42383551876992 ], [ 356456.635050054406747, 5725367.044068623334169 ], [ 356448.107302092481405, 5725387.474377526901662 ], [ 356444.961952181300148, 5725395.88824041839689 ], [ 356442.853699544852134, 5725402.558766319416463 ], [ 356420.505887785169762, 5725449.579562084749341 ], [ 356408.814830651157536, 5725475.586467126384377 ], [ 356384.272576426505111, 5725529.625455556437373 ], [ 356373.492526019806974, 5725553.581083820201457 ], [ 356363.709806954604574, 5725553.224980710074306 ], [ 356348.827063908567652, 5725545.112409783527255 ], [ 356333.017769000260159, 5725538.005589320324361 ], [ 356316.123096260882448, 5725528.025038619525731 ], [ 356299.338923025352415, 5725520.957186194136739 ], [ 356287.566377732669935, 5725517.563997541554272 ], [ 356270.954506385023706, 5725514.364213740453124 ], [ 356248.721858509932645, 5725516.243487334810197 ], [ 356229.558618842158467, 5725521.886097277514637 ], [ 356205.756416618824005, 5725532.568751459009945 ], [ 356192.468722783843987, 5725539.891615417785943 ], [ 356172.703638818347827, 5725554.287836129777133 ], [ 356150.989132778719068, 5725568.761928438208997 ], [ 356089.993274803855456, 5725618.298831758089364 ], [ 356019.506480803305749, 5725696.842208076268435 ], [ 355942.496137409703806, 5725781.471160097979009 ], [ 355911.048303784744348, 5725805.739363423548639 ], [ 355892.168566876091063, 5725821.024087343364954 ], [ 355879.368735129304696, 5725832.062130277045071 ], [ 355870.93500920990482, 5725839.915101187303662 ], [ 355863.411971711670049, 5725845.727739282883704 ], [ 355845.07250029896386, 5725861.987714191898704 ], [ 355830.331746009294875, 5725874.605979896150529 ], [ 355817.482545901963022, 5725884.632861566729844 ], [ 355805.365932026761584, 5725894.138051529414952 ], [ 355790.277311714598909, 5725904.262347056530416 ], [ 355773.219848998705857, 5725915.477927670814097 ], [ 355762.227433773223311, 5725921.935150419361889 ], [ 355750.011873618583195, 5725928.939277299679816 ], [ 355738.479212779260706, 5725934.410375876352191 ], [ 355727.195833474164829, 5725939.88550818990916 ], [ 355715.393384927301668, 5725944.874693061225116 ], [ 355704.543967053876258, 5725948.823928711935878 ], [ 355690.459311368409544, 5725952.899039844982326 ], [ 355674.846949153346941, 5725956.55043912306428 ], [ 355662.170771625242196, 5725958.57101546227932 ], [ 355650.909631551476195, 5725958.525684479624033 ], [ 355636.385738448123448, 5725958.128502642735839 ], [ 355623.11281439976301, 5725957.673333873040974 ], [ 355615.058300780248828, 5725956.501391991041601 ], [ 355606.322112727793865, 5725950.852822504937649 ], [ 355602.425739727914333, 5725953.512801331467927 ], [ 355593.326725157210603, 5725951.391408300027251 ], [ 355590.903102808399126, 5725946.986847435124218 ], [ 355586.886605686391704, 5725946.656560348346829 ], [ 355580.679823643993586, 5725947.902473780326545 ], [ 355578.930969213601202, 5725947.974753573536873 ], [ 355565.887141435057856, 5725941.013815975748003 ], [ 355550.554076522123069, 5725933.139044454321265 ], [ 355538.284501411486417, 5725926.634573998861015 ], [ 355526.193221210676711, 5725918.622608250007033 ], [ 355516.369886163040064, 5725911.0243218280375 ], [ 355512.275331298005767, 5725908.693096344359219 ], [ 355509.068687204853632, 5725909.819859333336353 ], [ 355501.661626333196182, 5725906.125528398901224 ], [ 355488.262454883311875, 5725896.670913019217551 ], [ 355474.408142176165711, 5725888.242102627642453 ], [ 355462.692725204862654, 5725883.213238802738488 ], [ 355460.908284806180745, 5725882.284961804747581 ], [ 355450.458476334577426, 5725877.709575292654335 ], [ 355440.022796804900281, 5725873.144934087060392 ], [ 355430.631812554551288, 5725870.019438556395471 ], [ 355420.408709141367581, 5725870.946506902575493 ], [ 355409.779614033177495, 5725873.888453328050673 ], [ 355399.164542141486891, 5725877.319699944928288 ], [ 355392.31083220615983, 5725881.110667050816119 ], [ 355387.318838106875774, 5725887.318976637907326 ], [ 355384.061900146305561, 5725893.455339960753918 ], [ 355382.851874594169203, 5725900.501308413222432 ], [ 355380.97132343496196, 5725921.589107346720994 ], [ 355379.448947597644292, 5725927.152728641405702 ], [ 355379.212567988433875, 5725939.679700645618141 ], [ 355380.454539986385498, 5725951.630134467966855 ], [ 355382.215633037034422, 5725964.066508064977825 ], [ 355382.951351852621883, 5725988.061965765431523 ], [ 355383.341786678880453, 5725991.545310591347516 ], [ 355385.541821836668532, 5726014.474954229779541 ], [ 355384.388344245031476, 5726023.010600764304399 ], [ 355387.216698967153206, 5726030.909134594723582 ], [ 355391.743251532141585, 5726043.733725814148784 ], [ 355394.115890870220028, 5726052.635801912285388 ], [ 355395.998390165332239, 5726062.063853631727397 ], [ 355396.871455607120879, 5726071.042265909723938 ], [ 355400.061711118614767, 5726081.913031108677387 ], [ 355403.493789435713552, 5726092.287193351425231 ], [ 355405.661171070882119, 5726096.198200128041208 ], [ 355407.088265610858798, 5726106.640913270413876 ], [ 355408.579409787082113, 5726118.595345840789378 ], [ 355415.023046568734571, 5726141.336697790771723 ], [ 355421.936331781384069, 5726163.563799337483943 ], [ 355427.862324723275378, 5726179.831740598194301 ], [ 355431.329865502426401, 5726191.206518485210836 ], [ 355432.031675280653872, 5726202.181941947899759 ], [ 355432.925595710228663, 5726211.649440460838377 ], [ 355435.369565778062679, 5726222.563850427046418 ], [ 355435.695303552318364, 5726230.556323409080505 ], [ 355432.175306887831539, 5726236.199391341768205 ], [ 355431.115274208714254, 5726240.748146872967482 ], [ 355436.686952584655955, 5726248.512503420002759 ], [ 355437.301930889370851, 5726269.50657607614994 ], [ 355434.819824035046622, 5726276.110412299633026 ], [ 355431.179636178887449, 5726278.763204737566411 ], [ 355431.591273710480891, 5726282.746753531508148 ], [ 355435.144645198830403, 5726290.112609663046896 ], [ 355435.953584556060378, 5726297.57931007258594 ], [ 355433.79724122711923, 5726312.175621206872165 ], [ 355433.126705491449684, 5726326.217450533993542 ], [ 355432.663522643968463, 5726333.242028302513063 ], [ 355432.620122611173429, 5726338.251352894119918 ], [ 355430.535369879216887, 5726348.338343866169453 ], [ 355428.152623703295831, 5726357.443382333032787 ], [ 355427.035810310917441, 5726360.491342361085117 ], [ 355413.433224911452271, 5726382.560327493585646 ], [ 355402.390822396962903, 5726400.026492898352444 ], [ 355382.032531165459659, 5726440.384956295602024 ], [ 355373.86995565937832, 5726454.741591272875667 ], [ 355360.160810229252093, 5726480.319459239952266 ], [ 355352.097076620149892, 5726497.155089662410319 ], [ 355345.534259711916093, 5726507.926894254051149 ], [ 355342.718806183955166, 5726512.548235352151096 ], [ 355334.684454995614942, 5726523.885289885103703 ], [ 355325.192910108249635, 5726536.287995574995875 ], [ 355316.562286279920954, 5726545.650064737536013 ], [ 355306.260330384771805, 5726556.57361021079123 ], [ 355293.847258054709528, 5726571.096743906848133 ], [ 355288.266678230720572, 5726575.329960881732404 ], [ 355272.065012466569897, 5726589.004657148383558 ], [ 355267.71434438508004, 5726592.690699714235961 ], [ 355260.99589763127733, 5726599.471747357398272 ], [ 355248.811059996369295, 5726607.466810087673366 ], [ 355243.20929482288193, 5726611.199878851883113 ] ] ] ] } },
{ "type": "Feature", "properties": { "full_id": "r3789042", "osm_id": "3789042", "osm_type": "relation", "boundary": "administrative", "note:de": null, "name:es": null, "name:de": null, "ref:nuts:2": null, "ref:nuts": null, "population": null, "name:sr": null, "name:ru": null, "name:la": null, "name:ksh": null, "name:ja": null, "name:ar": null, "de:place": null, "ref:nuts:3": null, "license_plate_code": null, "admin_centre:postal_code": null, "wikipedia": null, "wikidata": null, "website": null, "opendata_portal": null, "name:prefix": null, "de:regionalschluessel": null, "de:amtlicher_gemeindeschluessel": null, "admin_title:de": null, "admin_title": null, "TMC:cid_58:tabcd_1:LocationCode": null, "TMC:cid_58:tabcd_1:LCLversion": null, "TMC:cid_58:tabcd_1:Class": null, "type": "boundary", "name": "Zweckel", "admin_level": "9" }, "geometry": { "type": "MultiPolygon", "coordinates": [ [ [ [ 362344.347314588609152, 5716921.654080587439239 ], [ 362385.191573751624674, 5716905.29830711055547 ], [ 362383.94149577524513, 5716910.061760788783431 ], [ 362381.729173147294205, 5716918.445771518163383 ], [ 362381.79407655633986, 5716920.068723716773093 ], [ 362381.514642413007095, 5716920.755137556232512 ], [ 362379.898962248989847, 5716922.52391663286835 ], [ 362378.983857980521861, 5716924.562989465892315 ], [ 362378.018522260827012, 5716927.304503813385963 ], [ 362371.474410306662321, 5716946.177726016379893 ], [ 362365.967745187168475, 5716960.115227472037077 ], [ 362360.435089062899351, 5716960.343506552278996 ], [ 362325.888089091400616, 5716985.197155584581196 ], [ 362320.584430269780569, 5716989.00253361929208 ], [ 362318.590034386492334, 5716989.079016858711839 ], [ 362317.668041114287917, 5716991.118289926089346 ], [ 362218.983064057305455, 5717073.224533848464489 ], [ 362208.479416771966498, 5717085.651230632327497 ], [ 362208.281008476158604, 5717090.842376754619181 ], [ 362206.840085954987444, 5717127.304228856228292 ], [ 362203.101615211053286, 5717154.736858864314854 ], [ 362186.638624007347971, 5717171.309695306234062 ], [ 362158.92247750388924, 5717186.764511330984533 ], [ 362115.289131617872044, 5717203.431891545653343 ], [ 362112.304743286920711, 5717204.570344027131796 ], [ 362071.149192082462832, 5717223.885929697193205 ], [ 362070.061325530405156, 5717225.429003145545721 ], [ 362069.396093300892971, 5717225.691945769824088 ], [ 362063.400755385751836, 5717234.880262672901154 ], [ 362058.682277230196632, 5717241.574462859891355 ], [ 362056.406597750203218, 5717244.808006052859128 ], [ 362043.382695108361077, 5717235.180820006877184 ], [ 362036.718727571889758, 5717234.583416592329741 ], [ 362036.738986007636413, 5717235.072506801225245 ], [ 362036.40104786871234, 5717234.881406643427908 ], [ 362028.4712690646993, 5717230.568290174938738 ], [ 361996.407642975333147, 5717233.489695300348103 ], [ 361993.123191394959576, 5717233.790652404539287 ], [ 361985.655326179112308, 5717234.472717775963247 ], [ 361991.712750705657527, 5717248.930112644098699 ], [ 361948.500007641210686, 5717270.817786864936352 ], [ 361944.992389046703465, 5717272.593788970261812 ], [ 361919.626994258607738, 5717283.968581045977771 ], [ 361912.032332703354768, 5717287.369508278556168 ], [ 361910.607958703709301, 5717288.009280224330723 ], [ 361875.295354267698713, 5717305.475676197558641 ], [ 361873.30108209856553, 5717305.552337029948831 ], [ 361838.181613778811879, 5717331.103974155150354 ], [ 361835.415275228442624, 5717333.115777882747352 ], [ 361833.414390684454702, 5717333.203763609752059 ], [ 361833.496414488123264, 5717335.19348268955946 ], [ 361832.581611847504973, 5717337.232660390436649 ], [ 361827.626429302094039, 5717340.57282109092921 ], [ 361818.751075919368304, 5717346.824293489567935 ], [ 361817.537116477789823, 5717348.315226024016738 ], [ 361815.582618168671615, 5717349.848626333288848 ], [ 361776.900414499337785, 5717383.510300815105438 ], [ 361756.658896034758072, 5717398.963682159781456 ], [ 361744.89480281091528, 5717406.796484614722431 ], [ 361733.852809354488272, 5717414.1644656220451 ], [ 361729.070812635705806, 5717416.988099562004209 ], [ 361675.335443915973883, 5717450.950446479953825 ], [ 361591.937908020918258, 5717499.779221212491393 ], [ 361579.699561473797075, 5717505.967281089164317 ], [ 361574.216952634858899, 5717508.765711009502411 ], [ 361566.783570613828488, 5717512.9751369478181 ], [ 361561.876406945404597, 5717515.524152655154467 ], [ 361559.786665242747404, 5717516.415915916673839 ], [ 361557.861096142965835, 5717517.481243373826146 ], [ 361535.799198402557522, 5717530.959993437863886 ], [ 361521.467630278260913, 5717540.187830086797476 ], [ 361500.158906717435457, 5717554.080146895721555 ], [ 361442.425951729412191, 5717590.791871393099427 ], [ 361433.06849903985858, 5717596.111351018771529 ], [ 361431.478416669240687, 5717597.022879020310938 ], [ 361425.051873815886211, 5717600.782091634348035 ], [ 361423.615085321478546, 5717601.722811239771545 ], [ 361417.374339924252126, 5717606.445110563188791 ], [ 361416.753181805368513, 5717606.795962651260197 ], [ 361415.407580700935796, 5717607.522750941105187 ], [ 361412.499150819145143, 5717609.649973067454994 ], [ 361407.630894065485336, 5717612.854650775901973 ], [ 361404.979579646023922, 5717614.752272927202284 ], [ 361317.065442507853732, 5717673.613663570024073 ], [ 361265.175342336297035, 5717687.710536225698888 ], [ 361036.702685726224445, 5717758.632395887747407 ], [ 361046.210551132506225, 5717764.625543414615095 ], [ 361035.897272433387116, 5717771.207271690480411 ], [ 361035.979920231329743, 5717773.208104217424989 ], [ 361036.062262778868899, 5717775.197816791012883 ], [ 361017.067387791932561, 5717873.036619604565203 ], [ 361015.666136562416796, 5717912.124451057985425 ], [ 361015.681830669520423, 5717916.23037941660732 ], [ 361015.68754613614874, 5717920.225298319011927 ], [ 361015.636436067870818, 5717928.461676887236536 ], [ 361015.735829639947042, 5717938.140608333051205 ], [ 361015.818487457581796, 5717940.141441085375845 ], [ 361015.774264177889563, 5717941.055179573595524 ], [ 361014.801293314318173, 5717964.184338621795177 ], [ 361014.883951821364462, 5717966.185171430930495 ], [ 361014.829236108402256, 5717967.221609871834517 ], [ 361014.778809308772907, 5717972.453317011706531 ], [ 361014.299934028415009, 5717976.216717639937997 ], [ 361009.636484976857901, 5718104.487685915082693 ], [ 361009.594709051772952, 5718105.490384430624545 ], [ 361009.9131749055814, 5718105.982415688224137 ], [ 361014.133205821271986, 5718116.048982916399837 ], [ 361012.801562483538873, 5718121.315870520658791 ], [ 361017.211688565323129, 5718122.908546675927937 ], [ 361011.44639365375042, 5718165.354575456120074 ], [ 361010.987203825148754, 5718174.881923591718078 ], [ 361010.904570661426987, 5718176.920680707320571 ], [ 361007.793099069269374, 5718255.683563676662743 ], [ 361003.630152953031939, 5718337.034860164858401 ], [ 361003.812490399810486, 5718341.40329622849822 ], [ 360995.601568272104487, 5718341.717812514863908 ], [ 361001.447248325741384, 5718368.588050503283739 ], [ 361010.700732552097179, 5718419.869350747205317 ], [ 361009.696313218795694, 5718424.682125721126795 ], [ 361016.558410770725459, 5718445.414998562075198 ], [ 361026.217365868506022, 5718437.014948587864637 ], [ 361036.338127805152908, 5718432.307980899699032 ], [ 361049.784232843259815, 5718426.040800125338137 ], [ 361065.10806038917508, 5718409.406132536940277 ], [ 361067.858650077017955, 5718410.387823308818042 ], [ 361102.686624632449821, 5718422.863854297436774 ], [ 361104.721772418066394, 5718423.787299603223801 ], [ 361106.722225527395494, 5718423.699018286541104 ], [ 361107.737662906991318, 5718424.082901836372912 ], [ 361136.181467051501386, 5718434.497553737834096 ], [ 361160.603170793154277, 5718447.604465113952756 ], [ 361182.347620584070683, 5718462.153703215532005 ], [ 361182.360430120141245, 5718462.62074214220047 ], [ 361182.997233941801824, 5718462.592148143798113 ], [ 361205.122826661274303, 5718477.398105068132281 ], [ 361215.533072211779654, 5718472.883870256133378 ], [ 361228.268056430621073, 5718491.230287849903107 ], [ 361228.587088718428276, 5718491.744572300463915 ], [ 361237.933199947874527, 5718524.250144757330418 ], [ 361239.260709036141634, 5718530.456745029427111 ], [ 361241.088766695815139, 5718553.909670482389629 ], [ 361243.136713512940332, 5718580.327833959832788 ], [ 361244.992971165163908, 5718612.393320362083614 ], [ 361248.218879659310915, 5718613.528996584005654 ], [ 361269.124096588348038, 5718673.59420860093087 ], [ 361301.790578880347311, 5718664.686466408893466 ], [ 361315.04858859651722, 5718678.122273695655167 ], [ 361316.651456530322321, 5718689.829868044704199 ], [ 361318.485286150535103, 5718707.18432601634413 ], [ 361319.27712223934941, 5718709.021059131249785 ], [ 361330.210576320649125, 5718788.867706892080605 ], [ 361325.101275032153353, 5718792.335079691372812 ], [ 361331.775061042280868, 5718803.981626407243311 ], [ 361330.075154690770432, 5718808.457281246781349 ], [ 361309.160830940352753, 5718854.979290450923145 ], [ 361298.286493293766398, 5718873.12717030197382 ], [ 361297.413197777583264, 5718876.155756344087422 ], [ 361297.054816986666992, 5718876.733124031685293 ], [ 361295.536457159323618, 5718879.234102046117187 ], [ 361276.363874150789343, 5718924.050418125465512 ], [ 361271.743283544201404, 5718938.766336491331458 ], [ 361252.469063069263939, 5719000.077757782302797 ], [ 361251.554837986128405, 5719002.117054252885282 ], [ 361250.633689337526448, 5719004.156540758907795 ], [ 361223.117305979249068, 5719089.341840240173042 ], [ 361221.811298441840336, 5719106.404029820114374 ], [ 361221.893889135157224, 5719108.40486746840179 ], [ 361224.435601253295317, 5719116.692551082000136 ], [ 361225.393743940163404, 5719119.793340346775949 ], [ 361231.785807758802548, 5719140.628366347402334 ], [ 361258.695381229394116, 5719238.788101346231997 ], [ 361210.345236592693254, 5719317.177883857861161 ], [ 361210.264680930413306, 5719317.525072393007576 ], [ 361208.292154721100815, 5719320.639474832452834 ], [ 361201.36757462710375, 5719350.864847675897181 ], [ 361187.839969134598505, 5719399.032237594015896 ], [ 361180.126525598810986, 5719420.699331521987915 ], [ 361160.50928124593338, 5719418.633552527986467 ], [ 361150.682637322053779, 5719417.322976759634912 ], [ 361149.375756378285587, 5719417.926386557519436 ], [ 361148.74294515280053, 5719417.843596998602152 ], [ 361146.385764513106551, 5719419.310457381419837 ], [ 361137.149738291976973, 5719423.614651239477098 ], [ 361126.180046437308192, 5719431.905886743217707 ], [ 361082.205190805019811, 5719459.28696971014142 ], [ 361105.914346426608972, 5719501.124178804457188 ], [ 361107.631155553972349, 5719504.348790272139013 ], [ 361113.917186691309325, 5719517.530276011675596 ], [ 361124.438654023804702, 5719533.811610211618245 ], [ 361126.979529660544358, 5719538.282242183573544 ], [ 361126.186783013283275, 5719542.721962622366846 ], [ 361122.816290962451603, 5719553.464323196560144 ], [ 361119.290717616095208, 5719581.526683687232435 ], [ 361116.774962006369606, 5719595.639741067774594 ], [ 361117.555089041008614, 5719595.284475522115827 ], [ 361117.271486660232767, 5719597.573575887829065 ], [ 361115.827884136466309, 5719645.442932469770312 ], [ 361106.870432103401981, 5719711.869250632822514 ], [ 361108.631904408568516, 5719713.189682787284255 ], [ 361108.979185338597745, 5719713.72543918248266 ], [ 361145.353515287395567, 5719740.959667175076902 ], [ 361218.787688829295803, 5719796.467247822321951 ], [ 361196.202134931168985, 5719935.401318133808672 ], [ 361226.081821741187014, 5720026.501882269978523 ], [ 361221.247065754374489, 5720026.289533694274724 ], [ 361215.233576346072368, 5720026.042757267132401 ], [ 361232.397934832726605, 5720060.25900817848742 ], [ 361235.862979852827266, 5720076.711838758550584 ], [ 361246.680307532660663, 5720095.244316348806024 ], [ 361253.832911874342244, 5720114.545029225759208 ], [ 361254.543954882770777, 5720116.472990972921252 ], [ 361255.128130551544018, 5720118.827310310676694 ], [ 361254.595883426314685, 5720140.341910414397717 ], [ 361252.796087194932625, 5720183.335640138015151 ], [ 361252.39676665852312, 5720192.772319528274238 ], [ 361252.366302918759175, 5720193.429728749208152 ], [ 361254.603968509356491, 5720196.206086758524179 ], [ 361259.255922295909841, 5720199.105409985408187 ], [ 361246.751765853783581, 5720295.86456495989114 ], [ 361252.560344856698066, 5720297.997679517604411 ], [ 361252.418458100873977, 5720300.149346607737243 ], [ 361252.279833906679414, 5720302.167383796535432 ], [ 361293.35522108245641, 5720315.830468315631151 ], [ 361293.351042876485735, 5720315.930738175287843 ], [ 361291.446064658812247, 5720326.799747365526855 ], [ 361277.546427502471488, 5720368.133315091021359 ], [ 361271.657773703918792, 5720394.146016225218773 ], [ 361266.155849868897349, 5720399.905616213567555 ], [ 361267.165298089093994, 5720413.977573847398162 ], [ 361266.368379598832689, 5720417.504867997951806 ], [ 361263.374454349046573, 5720495.251886911690235 ], [ 361263.790403085295111, 5720495.262734585441649 ], [ 361263.570123569457792, 5720497.83943051751703 ], [ 361306.248109366279095, 5720496.234987623058259 ], [ 361340.927980535314418, 5720497.020188403315842 ], [ 361353.383017545565963, 5720516.709818170405924 ], [ 361366.835134794004261, 5720542.704184181056917 ], [ 361376.168453273479827, 5720569.824145935475826 ], [ 361397.137943965033628, 5720644.911195445805788 ], [ 361398.855386829760391, 5720659.553568398579955 ], [ 361384.659046515997034, 5720677.414151675999165 ], [ 361352.763298210804351, 5720747.061719978228211 ], [ 361309.667942978674546, 5720763.934308774769306 ], [ 361244.292852114478592, 5720799.657895137555897 ], [ 361209.227946435043123, 5720811.525856639258564 ], [ 361200.763003147440031, 5720846.356310951523483 ], [ 361179.379995640134439, 5720882.220190922729671 ], [ 361144.214974081260152, 5720905.553627738729119 ], [ 361138.264504507242236, 5720906.05086057446897 ], [ 361132.820817059720866, 5720884.388683916069567 ], [ 361000.86972041655099, 5720898.808114531449974 ], [ 360957.010374707053415, 5720913.256565880961716 ], [ 360859.994415447115898, 5720918.918333024717867 ], [ 360860.12818609556416, 5720921.262749204412103 ], [ 360744.94117947621271, 5720930.887639608234167 ], [ 360691.681229951442219, 5720928.682070136070251 ], [ 360691.675944513408467, 5720940.812211499549448 ], [ 360689.14032682380639, 5721005.927775501273572 ], [ 360682.069389308686368, 5721087.193247072398663 ], [ 360680.184768191189505, 5721093.710791298188269 ], [ 360656.579477225197479, 5721093.248319433070719 ], [ 360641.310431719874032, 5721092.65638196375221 ], [ 360636.725011917937081, 5721088.387010145932436 ], [ 360640.221498103870545, 5721066.211820919066668 ], [ 360629.08346149767749, 5721063.959224983118474 ], [ 360608.033900708833244, 5721074.29903210606426 ], [ 360593.192981686966959, 5721080.194450369104743 ], [ 360565.717203820764553, 5721088.586060055531561 ], [ 360533.951967554516159, 5721094.147077715024352 ], [ 360505.047757469234057, 5721090.926923353224993 ], [ 360426.694919214700349, 5721091.786803756840527 ], [ 360400.503874802670907, 5721085.231719339266419 ], [ 360378.1559358597151, 5721075.120835088193417 ], [ 360363.994893903727643, 5721085.060058324597776 ], [ 360357.34391879546456, 5721079.245463332161307 ], [ 360322.479772110003978, 5721057.372667301446199 ], [ 360308.768484533531591, 5721049.738889008760452 ], [ 360295.230233457288705, 5721041.098802915774286 ], [ 360279.519239554007072, 5721026.275703150779009 ], [ 360266.628269521403126, 5721008.726150293834507 ], [ 360256.78544345672708, 5720993.195681052282453 ], [ 360246.060554809460882, 5720973.572065869346261 ], [ 360151.161868210940156, 5720850.354468389414251 ], [ 360137.152431552181952, 5720842.740493698045611 ], [ 360112.340248900232837, 5720856.547221236862242 ], [ 360107.842646680597682, 5720844.207714626565576 ], [ 360110.297048865060788, 5720804.967535071074963 ], [ 360109.316667421429884, 5720767.269068388268352 ], [ 360110.30851510487264, 5720742.770084667019546 ], [ 360120.558679511363152, 5720717.892624232918024 ], [ 360139.216243126196787, 5720688.665153457783163 ], [ 360150.211157012498006, 5720665.659014732576907 ], [ 360161.405882310005836, 5720632.086450763046741 ], [ 360166.418595891445875, 5720592.898018905892968 ], [ 360174.824489313759841, 5720556.164215399883687 ], [ 360186.062357636692468, 5720556.966407629661262 ], [ 360188.972720765334088, 5720546.970484454184771 ], [ 360193.038548668730073, 5720523.388139753602445 ], [ 360188.688237793336157, 5720506.604230491444468 ], [ 360173.485695042472798, 5720475.408467792905867 ], [ 360145.03209035663167, 5720428.242504775524139 ], [ 360140.280558140715584, 5720409.232898126356304 ], [ 360140.951854425598867, 5720393.423023447394371 ], [ 360151.722268105251715, 5720364.525043098255992 ], [ 360150.938863246003166, 5720345.962143918499351 ], [ 360155.677258260024246, 5720331.920544158667326 ], [ 360157.904222334560473, 5720322.511056182906032 ], [ 360156.652341589448042, 5720307.299652655608952 ], [ 360147.729404910409357, 5720234.888520191423595 ], [ 360147.612250027479604, 5720231.6533726695925 ], [ 360138.13927136932034, 5720131.336117534898221 ], [ 360145.883738806820475, 5720125.780335097573698 ], [ 360193.949176679598168, 5720120.445466595701873 ], [ 360241.104284402274061, 5720107.234999207779765 ], [ 360250.040025266818702, 5720099.654476094990969 ], [ 360249.985283464367967, 5720050.023044148460031 ], [ 360266.625641080958303, 5720035.430230120196939 ], [ 360271.602819396881387, 5720012.701979867182672 ], [ 360218.51922845817171, 5719991.922669093124568 ], [ 360183.908434647019021, 5719977.744406039826572 ], [ 360177.675707809510641, 5719967.56719365529716 ], [ 360174.461663837602828, 5719949.29405536595732 ], [ 360153.351319872308522, 5719904.69599143974483 ], [ 360139.917427596985362, 5719852.329546830616891 ], [ 360147.349998124525882, 5719848.006542646326125 ], [ 360119.38292538782116, 5719738.619012907147408 ], [ 360143.964368527638726, 5719627.778754375874996 ], [ 360149.486797980847768, 5719311.166066125035286 ], [ 360148.703459085314535, 5719302.629932784475386 ], [ 360148.296639266307466, 5719298.189793813042343 ], [ 360149.32888526795432, 5719217.702523247338831 ], [ 360143.740617720643058, 5719211.068615938536823 ], [ 360135.144234435632825, 5719203.405013663694263 ], [ 360127.02198182157008, 5719197.853854304179549 ], [ 360111.341277847299352, 5719194.614934945479035 ], [ 360106.039549758308567, 5719173.283578492701054 ], [ 360106.90679235663265, 5719166.805096553638577 ], [ 360099.347163212485611, 5719166.56895590107888 ], [ 360095.955421809456311, 5719154.421423717401922 ], [ 360084.884037496929523, 5719139.704114076681435 ], [ 360054.100873894116376, 5719086.248460265807807 ], [ 360029.252653385978192, 5719062.241648770868778 ], [ 360024.517429376137443, 5719046.12506977468729 ], [ 360012.169090024952311, 5719043.128112697042525 ], [ 360005.787609903840348, 5719030.629327246919274 ], [ 359989.671710922615603, 5719013.937352378852665 ], [ 359989.554919042973779, 5718994.688335440121591 ], [ 359961.431121669302229, 5718987.565314248204231 ], [ 359940.700191324111074, 5718966.883662270382047 ], [ 359817.637308335979469, 5718838.886037100106478 ], [ 359797.05070094630355, 5718821.205617034807801 ], [ 359777.661250973294955, 5718816.723871956579387 ], [ 359738.444163038162515, 5718796.455072059296072 ], [ 359714.325939888251014, 5718788.888490631245077 ], [ 359694.589926138170995, 5718791.661309790797532 ], [ 359675.491702207829803, 5718777.946351350285113 ], [ 359659.268213512725197, 5718769.93855890724808 ], [ 359600.303365162224509, 5718752.55543150473386 ], [ 359564.814495184109546, 5718742.066607527434826 ], [ 359553.64774403598858, 5718729.244851478375494 ], [ 359540.120721064100508, 5718721.273881192319095 ], [ 359518.767017746751662, 5718718.20529362000525 ], [ 359493.158881317242049, 5718706.674827481620014 ], [ 359476.699466199614108, 5718707.910812015645206 ], [ 359469.16479334817268, 5718706.105766150169075 ], [ 359451.876299571478739, 5718699.697306762449443 ], [ 359437.159629663918167, 5718696.311201578006148 ], [ 359419.110167535836808, 5718675.234343159012496 ], [ 359411.687174580525607, 5718672.213269133120775 ], [ 359397.997839066199958, 5718660.908615185879171 ], [ 359379.551700508338399, 5718662.979100117459893 ], [ 359369.471385647193529, 5718546.865995412692428 ], [ 359369.971776621881872, 5718527.711038679815829 ], [ 359372.347647884278558, 5718511.453029544092715 ], [ 359407.033034253749065, 5718392.393624677322805 ], [ 359319.628674652427435, 5718410.246354884468019 ], [ 359214.009503612294793, 5718432.268530678004026 ], [ 359155.572677224641666, 5718415.387566663324833 ], [ 359125.476164174324367, 5718392.08734776545316 ], [ 359111.415975761134177, 5718404.608811909332871 ], [ 359089.94361180847045, 5718412.773964791558683 ], [ 359059.138927007617895, 5718421.299229121766984 ], [ 358942.701165328733623, 5718450.249882283620536 ], [ 358933.170788462157361, 5718443.504503743723035 ], [ 358925.320560801075771, 5718433.384871701709926 ], [ 358922.951368222478777, 5718429.444625870324671 ], [ 358924.112039509695023, 5718427.075276657938957 ], [ 358927.227014395117294, 5718420.723074696026742 ], [ 358953.459040810004808, 5718335.159007301554084 ], [ 358971.038872287899721, 5718284.045361558906734 ], [ 358993.485094614850823, 5718212.052612594328821 ], [ 358996.04177532606991, 5718203.813035802915692 ], [ 359030.138998169801198, 5718117.607531250454485 ], [ 359051.390006652101874, 5718058.635423770174384 ], [ 359062.874664792208932, 5718026.766243260353804 ], [ 359085.134348964667879, 5717968.144608682021499 ], [ 359132.192295546527021, 5717845.42261522449553 ], [ 359136.89082108065486, 5717835.176041445694864 ], [ 359228.110718659474514, 5717593.241970350034535 ], [ 359242.65973283094354, 5717552.830448403023183 ], [ 359262.030073742964305, 5717497.083412778563797 ], [ 359305.41738761542365, 5717378.883569080382586 ], [ 359310.100587075517979, 5717367.057378281839192 ], [ 359315.45680253917817, 5717355.501833629794419 ], [ 359321.544540509814397, 5717344.326596828177571 ], [ 359328.401218095619697, 5717333.630787568166852 ], [ 359335.730273986409884, 5717323.967944459058344 ], [ 359343.753621894924436, 5717314.842250752262771 ], [ 359352.352581715793349, 5717306.223621007055044 ], [ 359361.381074357661419, 5717298.093858700245619 ], [ 359370.69041685690172, 5717290.590637600049376 ], [ 359380.430524652241729, 5717283.620767654851079 ], [ 359390.539055330038536, 5717277.185982543043792 ], [ 359400.975063797493931, 5717271.309678328223526 ], [ 359416.179376376792789, 5717263.898811601102352 ], [ 359431.797255354933441, 5717257.400175534188747 ], [ 359447.718000667635351, 5717251.572019834071398 ], [ 359463.798441116232425, 5717246.251393644139171 ], [ 359729.320845023496076, 5717161.467927084304392 ], [ 359759.687066736631095, 5717149.064334613271058 ], [ 359772.488951702136546, 5717148.743169884197414 ], [ 359800.941066686413251, 5717144.817077798768878 ], [ 359845.328691806527786, 5717143.833083562552929 ], [ 359851.797040527046192, 5717146.358259173110127 ], [ 359875.654552300984506, 5717150.750294853933156 ], [ 359885.498295479570515, 5717152.503269491717219 ], [ 359938.23879131488502, 5717157.020100179128349 ], [ 359952.459580787457526, 5717156.871581167913973 ], [ 359977.627333497977816, 5717157.010175809264183 ], [ 360003.148174739792012, 5717153.62254932615906 ], [ 360030.920335962320678, 5717149.171261003240943 ], [ 360049.156006789417006, 5717145.050469762645662 ], [ 360120.255541859252844, 5717119.805184564553201 ], [ 360133.772050123661757, 5717126.531738735735416 ], [ 360174.464369480847381, 5717103.440400399267673 ], [ 360210.805777441593818, 5717073.147026831284165 ], [ 360263.365665255812928, 5717012.326275311410427 ], [ 360279.879942152532749, 5716988.256115968339145 ], [ 360283.124062110378873, 5716984.227151355706155 ], [ 360286.23393978679087, 5716980.357690518721938 ], [ 360290.252233907696791, 5716982.528145007789135 ], [ 360310.350272171781398, 5716993.36915345210582 ], [ 360329.848349974839948, 5716955.317496770061553 ], [ 360331.708177107677329, 5716957.146897523663938 ], [ 360421.507987151271664, 5716985.707920311018825 ], [ 360431.304001576383598, 5716983.212232787162066 ], [ 360441.182799673755653, 5716976.173902994953096 ], [ 360444.596749157411978, 5716969.246987951919436 ], [ 360447.697504583396949, 5716964.287302155978978 ], [ 360445.93704587809043, 5716947.698888265527785 ], [ 360455.574786059558392, 5716947.255235530436039 ], [ 360480.075843440950848, 5716959.900782271288335 ], [ 360485.984074949054047, 5716933.797751084901392 ], [ 360559.487931877665687, 5716612.244374579750001 ], [ 360567.87359030044172, 5716613.137457560747862 ], [ 360572.260311077756342, 5716597.45923332683742 ], [ 360623.163374371884856, 5716610.869915715418756 ], [ 361028.437234209966846, 5716742.965129635296762 ], [ 361731.393854206951801, 5716929.373315987177193 ], [ 361864.646343308733776, 5716969.236885716207325 ], [ 362001.040314640908036, 5716978.70495184045285 ], [ 362163.265787230688147, 5716966.374357962049544 ], [ 362301.28821312286891, 5716938.893909166567028 ], [ 362344.347314588609152, 5716921.654080587439239 ] ] ] ] } },
{ "type": "Feature", "properties": { "full_id": "r3789053", "osm_id": "3789053", "osm_type": "relation", "boundary": "administrative", "note:de": null, "name:es": null, "name:de": null, "ref:nuts:2": null, "ref:nuts": null, "population": null, "name:sr": null, "name:ru": null, "name:la": null, "name:ksh": null, "name:ja": null, "name:ar": null, "de:place": null, "ref:nuts:3": null, "license_plate_code": null, "admin_centre:postal_code": null, "wikipedia": null, "wikidata": null, "website": null, "opendata_portal": null, "name:prefix": null, "de:regionalschluessel": null, "de:amtlicher_gemeindeschluessel": null, "admin_title:de": null, "admin_title": null, "TMC:cid_58:tabcd_1:LocationCode": null, "TMC:cid_58:tabcd_1:LCLversion": null, "TMC:cid_58:tabcd_1:Class": null, "type": "boundary", "name": "Alt-Rentfort", "admin_level": "10" }, "geometry": { "type": "MultiPolygon", "coordinates": [ [ [ [ 359887.686754116031807, 5715883.367927107028663 ], [ 359854.269336442113854, 5715898.058212817646563 ], [ 359850.499972919584252, 5715899.408882632851601 ], [ 359831.618848473648541, 5715906.17435285076499 ], [ 359825.720393538940698, 5715908.262790229171515 ], [ 359819.799003263819031, 5715910.273970435373485 ], [ 359813.817572384607047, 5715912.119893030263484 ], [ 359807.788111070403829, 5715913.733455266803503 ], [ 359799.192446406581439, 5715915.57384854182601 ], [ 359790.532124727265909, 5715917.082193564623594 ], [ 359781.830084860674106, 5715918.335754605010152 ], [ 359773.110189632512629, 5715919.445155497640371 ], [ 359760.865943425684236, 5715920.98599564936012 ], [ 359748.583365716622211, 5715922.394385842606425 ], [ 359742.811990452930331, 5715922.810138966888189 ], [ 359736.292634459561668, 5715923.257738737389445 ], [ 359723.989588500640821, 5715923.175545887090266 ], [ 359681.944322119583376, 5715920.745575451292098 ], [ 359657.690460582263768, 5715918.780045141465962 ], [ 359655.701175207213964, 5715918.556948860175908 ], [ 359638.716796600841917, 5715916.690573480911553 ], [ 359613.984336525260005, 5715913.970649592578411 ], [ 359561.700261945137754, 5715907.641143671236932 ], [ 359529.224802311218809, 5715903.255596905946732 ], [ 359497.953583415248431, 5715897.790778772905469 ], [ 359449.238791601266712, 5715897.16134549677372 ], [ 359415.329528127796948, 5715900.583970255218446 ], [ 359376.964225006639026, 5715903.596358831040561 ], [ 359340.058083202806301, 5715916.205776076763868 ], [ 359325.832754153234418, 5715919.316155413165689 ], [ 359314.446401198918466, 5715923.282518475316465 ], [ 359306.926764514413662, 5715926.162203224375844 ], [ 359219.446518287644722, 5715961.788974597118795 ], [ 359186.00792927457951, 5715976.13937976770103 ], [ 359163.563117102428805, 5715984.876045096665621 ], [ 359133.942328283563256, 5715996.872704653069377 ], [ 359105.075705403462052, 5716008.058443069458008 ], [ 359069.157061180449091, 5716020.475502928718925 ], [ 359021.857341603841633, 5716033.788253739476204 ], [ 358997.498968079686165, 5716038.528161552734673 ], [ 358975.751009335974231, 5716041.392692088149488 ], [ 358879.62526353955036, 5716051.525973706506193 ], [ 358802.11753175558988, 5716058.193010350689292 ], [ 358794.878083000308834, 5716060.909867111593485 ], [ 358790.832045622635633, 5716062.769839413464069 ], [ 358784.284536476945505, 5716064.688425099477172 ], [ 358754.885512390988879, 5716075.145441172644496 ], [ 358740.38868360518245, 5716084.408020152710378 ], [ 358629.872402646229602, 5716155.019323016516864 ], [ 358623.101118877122644, 5716159.348136779852211 ], [ 358543.650599886721466, 5716210.098001924343407 ], [ 358535.851000637165271, 5716215.089985905215144 ], [ 358331.240899170807097, 5716345.793860937468708 ], [ 358302.513925820006989, 5716364.325300924479961 ], [ 358290.575365120312199, 5716364.603677585721016 ], [ 358270.733422480756417, 5716376.554553188383579 ], [ 358268.168776055448689, 5716378.562695292755961 ], [ 358265.666189321083948, 5716379.567529357969761 ], [ 358267.590881692129187, 5716382.440486321225762 ], [ 358172.251523371669464, 5716441.453450317494571 ], [ 358136.743499451200478, 5716463.403075800277293 ], [ 358073.946926275035366, 5716501.953612914308906 ], [ 358019.600961952935904, 5716538.209264675155282 ], [ 358012.580323879490606, 5716534.844932652078569 ], [ 357992.502236704807729, 5716547.972085527144372 ], [ 357993.485310303454753, 5716552.618539259769022 ], [ 357976.566961289965548, 5716565.924250325188041 ], [ 357935.625592959928326, 5716599.512478034943342 ], [ 357926.231593758799136, 5716606.942837175913155 ], [ 357875.078028268762864, 5716657.811505977064371 ], [ 357861.757715075335, 5716670.838599869050086 ], [ 357833.737075460958295, 5716708.727996742352843 ], [ 357828.773685007647146, 5716714.431652850471437 ], [ 357808.59688577207271, 5716741.039144489914179 ], [ 357792.666084083728492, 5716762.808948664925992 ], [ 357752.75495164305903, 5716817.425259108655155 ], [ 357748.41425959742628, 5716821.842846912331879 ], [ 357744.872952944133431, 5716816.956691646948457 ], [ 357738.066124690580182, 5716824.158955965191126 ], [ 357739.804984084679745, 5716830.776166931726038 ], [ 357721.670416582375765, 5716852.062829881906509 ], [ 357713.929510573798325, 5716860.315210625529289 ], [ 357705.303596800309606, 5716868.158455210737884 ], [ 357689.24372055643471, 5716880.617571551352739 ], [ 357677.678138509625569, 5716888.699281709268689 ], [ 357662.295957500929944, 5716898.37953634839505 ], [ 357645.90503715898376, 5716906.207454357296228 ], [ 357638.641179645957891, 5716909.227208488620818 ], [ 357623.784614668576978, 5716914.419088249094784 ], [ 357610.809298678184859, 5716917.232224189676344 ], [ 357592.490313886897638, 5716921.330790642648935 ], [ 357591.435861704405397, 5716916.129972205497324 ], [ 357546.004742356482893, 5716927.690697049722075 ], [ 357538.394026286900043, 5716928.728324795141816 ], [ 357402.457229299237952, 5716948.212513324804604 ], [ 357375.922180314431898, 5716952.276157700456679 ], [ 357320.342267483996693, 5716960.8863471057266 ], [ 357217.264545637590345, 5716977.301990887150168 ], [ 357216.726103507447988, 5716977.383945475332439 ], [ 357187.811172420857474, 5716981.615852309390903 ], [ 357101.543518689810298, 5716995.734714693389833 ], [ 357076.250359255471267, 5716997.11626910790801 ], [ 357066.211599446483888, 5717000.793880298733711 ], [ 357025.618235982605256, 5717005.868304206989706 ], [ 357011.780366149381734, 5717008.562679735943675 ], [ 356989.637101881555282, 5717016.165713260881603 ], [ 356971.265613054274581, 5717025.498548631556332 ], [ 356945.707887096330523, 5717040.086910562589765 ], [ 356921.167561958543956, 5717056.082267360761762 ], [ 356901.130005687940866, 5717071.95049989875406 ], [ 356889.10008440510137, 5717091.264978522434831 ], [ 356863.40594783553388, 5717086.293312206864357 ], [ 356860.979920558398589, 5717085.816582574509084 ], [ 356846.996482968796045, 5717083.106968358159065 ], [ 356844.725699355709367, 5717082.236351514235139 ], [ 356809.367867849592585, 5717068.701944944448769 ], [ 356781.817245309357531, 5717057.907202555797994 ], [ 356755.045185182592832, 5717035.182817069813609 ], [ 356713.839431922941003, 5717014.436119610443711 ], [ 356663.007411636062898, 5716986.717395751737058 ], [ 356614.382113961211871, 5716946.361169854179025 ], [ 356601.473115659726318, 5716938.279979626648128 ], [ 356577.397407791169826, 5716900.901433398015797 ], [ 356553.120394620811567, 5716856.183703627437353 ], [ 356524.01835700799711, 5716793.140147168189287 ], [ 356517.386599893681705, 5716776.857463692314923 ], [ 356520.783260560187045, 5716686.295472455210984 ], [ 356529.864069311530329, 5716563.866625770926476 ], [ 356539.505071581108496, 5716525.076871369965374 ], [ 356554.800081890425645, 5716494.718405042774975 ], [ 356584.68399325851351, 5716448.466760449111462 ], [ 356629.597178074531257, 5716381.769234811887145 ], [ 356676.891229315137025, 5716308.995274451561272 ], [ 356723.665011849603616, 5716231.996494926512241 ], [ 356737.10647217737278, 5716204.918450823053718 ], [ 356748.976555620727595, 5716171.307809971272945 ], [ 356758.540329809766263, 5716129.204432490281761 ], [ 356764.648961999861058, 5716085.306902833282948 ], [ 356764.350881110643968, 5716045.585765766911209 ], [ 356761.32994715240784, 5716004.71746714040637 ], [ 356753.162512091279496, 5715966.009007334709167 ], [ 356714.343009324860759, 5715811.983552038669586 ], [ 356660.856487425393425, 5715605.077808146364987 ], [ 356647.454257050878368, 5715551.004144478589296 ], [ 356620.392387607833371, 5715441.873727384954691 ], [ 356521.688411117182113, 5715205.322271045297384 ], [ 356419.278436720313039, 5715186.0771410362795 ], [ 356368.420745829003863, 5715155.690370261669159 ], [ 356318.03040902200155, 5715193.165118254721165 ], [ 356295.408624411153141, 5715207.383765294216573 ], [ 356246.379316157195717, 5715221.906545571982861 ], [ 356210.816625350795221, 5715251.516607570461929 ], [ 356196.395710239477921, 5715278.301077650859952 ], [ 356183.394797755754553, 5715308.929231114685535 ], [ 356166.947791323531419, 5715328.092459466308355 ], [ 356137.971799259190448, 5715347.834067714400589 ], [ 356012.351724071893841, 5715253.702951170504093 ], [ 355989.662089339573868, 5715265.254032647237182 ], [ 355908.405839770333841, 5715221.724742500111461 ], [ 355954.25609015696682, 5715080.765779729001224 ], [ 356145.680736013804562, 5714906.081082307733595 ], [ 356150.651013429742306, 5714897.927268042229116 ], [ 356145.248634531686548, 5714824.408188642933965 ], [ 356144.537392273545265, 5714814.746352109126747 ], [ 356054.116737698961515, 5714837.012028942815959 ], [ 355975.873872277035844, 5714704.487952630966902 ], [ 355983.556306654820219, 5714528.423764682374895 ], [ 356024.091297656297684, 5714524.512070005759597 ], [ 356064.258702490362339, 5714503.016557314433157 ], [ 356090.534348168061115, 5714497.930131101049483 ], [ 356108.930347435874864, 5714510.428436392918229 ], [ 356136.617507382819895, 5714508.640800688415766 ], [ 356162.966216297703795, 5714520.791125954128802 ], [ 356177.099026315729134, 5714527.523555621504784 ], [ 356190.927736291079782, 5714526.229689775034785 ], [ 356249.461455317330547, 5714499.306751331314445 ], [ 356271.084893065970391, 5714493.796794560737908 ], [ 356295.55290992022492, 5714493.447909627109766 ], [ 356313.159789469093084, 5714488.163318246603012 ], [ 356337.97101847990416, 5714495.027461498975754 ], [ 356359.796232601860538, 5714494.186238569207489 ], [ 356385.142902584164403, 5714500.367707758210599 ], [ 356437.651247687987052, 5714505.557212929241359 ], [ 356474.827395884203725, 5714507.94299453496933 ], [ 356504.517555367841851, 5714506.100645850412548 ], [ 356525.310416152933612, 5714502.852174455299973 ], [ 356547.396041070926003, 5714492.099824275821447 ], [ 356550.142958405194804, 5714510.484616753645241 ], [ 356557.629992155299988, 5714507.156652679666877 ], [ 356587.811031387769617, 5714493.738162249326706 ], [ 356601.126849198946729, 5714479.216766361147165 ], [ 356609.886315981624648, 5714460.061234386637807 ], [ 356620.4317312897183, 5714425.820303947664797 ], [ 356636.999717574683018, 5714394.091054181568325 ], [ 356657.255442495807074, 5714362.023863340727985 ], [ 356679.022104697476607, 5714322.791668522171676 ], [ 356710.687821722123772, 5714255.35779963247478 ], [ 356732.114866357296705, 5714196.226244186982512 ], [ 356745.427591221116018, 5714166.581481507979333 ], [ 356764.09879656881094, 5714137.786908996291459 ], [ 356775.782603977480903, 5714114.309057747945189 ], [ 356790.335020969738252, 5714067.391070993617177 ], [ 356803.790354548254982, 5714040.313196387141943 ], [ 356829.543650160776451, 5713989.617903053760529 ], [ 356844.568433688138612, 5713952.023741350509226 ], [ 356859.429753756616265, 5713923.125750165432692 ], [ 356875.286146675527561, 5713895.06775117944926 ], [ 356899.400986913009547, 5713869.581083441153169 ], [ 356924.863480374915525, 5713845.380815085023642 ], [ 356955.717170004034415, 5713822.931547406129539 ], [ 356973.419621036620811, 5713823.144253810867667 ], [ 356973.151878061355092, 5713830.619142261333764 ], [ 356989.145433017285541, 5713874.76044038683176 ], [ 357008.012081763357855, 5713926.822236399166286 ], [ 357018.312004190869629, 5713960.462972641922534 ], [ 357019.522842461476102, 5713965.024954195134342 ], [ 357024.124644183088094, 5713982.333759983070195 ], [ 357026.056619352777489, 5713989.590794761665165 ], [ 357028.611728325253353, 5714002.216525846160948 ], [ 357037.065699978440534, 5714026.739343644119799 ], [ 357048.385606915690005, 5714058.926890710368752 ], [ 357063.693051760841627, 5714105.102017539553344 ], [ 357068.424494244449306, 5714119.391332075931132 ], [ 357109.395225836487953, 5714180.267248114570975 ], [ 357111.791602718178183, 5714183.827630671672523 ], [ 357124.152310158708133, 5714198.091095304116607 ], [ 357127.169256536406465, 5714202.012364884838462 ], [ 357173.797484940267168, 5714262.595721772871912 ], [ 357191.555518462439068, 5714274.192162106744945 ], [ 357210.827019129064865, 5714313.167014217935503 ], [ 357211.943910601432435, 5714314.649043557234108 ], [ 357216.807704615872353, 5714321.100175430066884 ], [ 357222.831139048328623, 5714341.38493943400681 ], [ 357221.12945180060342, 5714348.443928624503314 ], [ 357228.475295592681505, 5714357.317963168956339 ], [ 357242.693188803270459, 5714374.500717244111001 ], [ 357291.305458790040575, 5714433.226308716461062 ], [ 357297.801618088036776, 5714441.000367168337107 ], [ 357317.433915016474202, 5714464.507725394330919 ], [ 357321.058809470734559, 5714468.845998745411634 ], [ 357356.33146044309251, 5714512.300855091772974 ], [ 357362.1379891136894, 5714519.237493719905615 ], [ 357366.527894036378711, 5714525.86902139429003 ], [ 357370.48569145181682, 5714543.763767441734672 ], [ 357370.465947216958739, 5714553.412852993234992 ], [ 357370.402570725069381, 5714560.525837018154562 ], [ 357375.07421125145629, 5714568.050860823132098 ], [ 357388.821940026362427, 5714590.499930338934064 ], [ 357394.71468258195091, 5714603.95555644761771 ], [ 357404.032045139465481, 5714625.238412789069116 ], [ 357407.902373689692467, 5714628.445842292159796 ], [ 357416.026958012080286, 5714635.194894929416478 ], [ 357440.440790538792498, 5714657.61108155362308 ], [ 357452.479347585816868, 5714669.124424485489726 ], [ 357460.612586120492779, 5714682.350163913331926 ], [ 357466.135172001435421, 5714689.806812055408955 ], [ 357474.992172125377692, 5714697.203069057315588 ], [ 357480.298780892626382, 5714703.88680137321353 ], [ 357482.035300902673043, 5714707.677340909838676 ], [ 357483.822832561098039, 5714711.555475356988609 ], [ 357507.162232292525005, 5714763.615454922430217 ], [ 357533.680655337055214, 5714784.203416796401143 ], [ 357526.743462917511351, 5714800.924469745717943 ], [ 357541.645155152946245, 5714846.455617250874639 ], [ 357624.480802870006301, 5714861.399114678613842 ], [ 357611.452610478270799, 5714918.053755571134388 ], [ 357611.591013028635643, 5714999.48912850767374 ], [ 357777.645345741359051, 5715042.745333403348923 ], [ 357900.798872861196287, 5715072.041531316004694 ], [ 358016.151727292570285, 5715094.270016901195049 ], [ 358030.155211679870263, 5715097.038147068582475 ], [ 358053.730715648969635, 5715099.115262512117624 ], [ 358061.309274362865835, 5715106.236691682599485 ], [ 358135.204340862866957, 5715107.494630236178637 ], [ 358143.272309387451969, 5715105.844286513514817 ], [ 358151.317075587925501, 5715110.549019983038306 ], [ 358160.72845302009955, 5715110.808594645000994 ], [ 358280.890223484602757, 5715107.935902387835085 ], [ 358284.435633692657575, 5715107.246924943290651 ], [ 358287.758398926351219, 5715105.540349724702537 ], [ 358290.72170407010708, 5715103.131602452136576 ], [ 358293.217073770007119, 5715100.357573048211634 ], [ 358294.08981874526944, 5715098.830809373408556 ], [ 358294.624337520624977, 5715097.113191064447165 ], [ 358294.976505705155432, 5715095.32277274876833 ], [ 358295.307884861016646, 5715093.532935877330601 ], [ 358297.622353040729649, 5715082.306265034712851 ], [ 358297.152696229284629, 5715054.353336966596544 ], [ 358296.494660242809914, 5715049.174704032950103 ], [ 358322.236910177045502, 5715048.132123893126845 ], [ 358333.628929905011319, 5715049.527398223057389 ], [ 358343.228060161112808, 5715052.530818887986243 ], [ 358352.063421199214645, 5715030.694426584988832 ], [ 358366.941878782934509, 5715018.370970265939832 ], [ 358418.1642221090151, 5715033.699038838036358 ], [ 358422.142192442202941, 5715023.171570433303714 ], [ 358438.939469503588043, 5715019.697553381323814 ], [ 358456.626045845681801, 5715012.058934044092894 ], [ 358515.173798552015796, 5714986.230341336689889 ], [ 358558.736519259167835, 5714965.928714556619525 ], [ 358583.835380324744619, 5714954.244314784184098 ], [ 358595.273320333100855, 5714950.074638593010604 ], [ 358611.206866589083802, 5714942.975156779401004 ], [ 358622.11581762629794, 5714962.101171751506627 ], [ 358635.032372336951084, 5714986.568529444746673 ], [ 358651.655574980250094, 5715022.840030283667147 ], [ 358691.110490782069974, 5715081.28824173565954 ], [ 358690.704877207404934, 5715092.60612793918699 ], [ 358694.114179950964171, 5715094.992706490680575 ], [ 358701.037627277895808, 5715101.287553173489869 ], [ 358705.339693960791919, 5715093.411007073707879 ], [ 358784.084425162291154, 5715181.356662198901176 ], [ 358800.705409060232341, 5715196.206268227659166 ], [ 358837.035968487965874, 5715217.295142821967602 ], [ 358865.35363190138014, 5715163.846182757988572 ], [ 358884.218578583444469, 5715176.852987843565643 ], [ 358930.169407823472284, 5715114.311027564108372 ], [ 358936.308853904716671, 5715102.421793132089078 ], [ 358938.607171385781839, 5715098.785560650750995 ], [ 358947.281080237822607, 5715096.474185634404421 ], [ 358953.116211049142294, 5715090.591703410260379 ], [ 358934.22758491395507, 5715059.301182485185564 ], [ 358914.415126790641807, 5715019.000109016895294 ], [ 358888.651733356411569, 5714951.299541229382157 ], [ 358873.014951419492718, 5714905.318069816567004 ], [ 358874.660404557245784, 5714862.549947702325881 ], [ 358880.715335594723001, 5714819.725799880921841 ], [ 358891.566204624949023, 5714766.062505741603673 ], [ 358900.449845468741842, 5714727.922626539133489 ], [ 358915.509630220360123, 5714680.930597293190658 ], [ 358941.622541591408662, 5714695.38290983159095 ], [ 359018.472150390793104, 5714743.333592088893056 ], [ 359104.560565132414922, 5714797.349457821808755 ], [ 359190.644739079114515, 5714850.53218933288008 ], [ 359267.739410963200498, 5714898.991545946337283 ], [ 359275.230413560057059, 5714898.271591776050627 ], [ 359296.909636032592971, 5714897.246683058328927 ], [ 359321.068160621682182, 5714896.842998194508255 ], [ 359324.847778437077068, 5714901.334116904996336 ], [ 359338.2729725089157, 5714899.525852142833173 ], [ 359372.289298721123487, 5714951.196987730450928 ], [ 359436.735174236469902, 5715073.813672817312181 ], [ 359443.205942704109475, 5715085.574986723251641 ], [ 359455.089449652994517, 5715108.960057212971151 ], [ 359473.241629807336722, 5715140.829213649965823 ], [ 359505.11138816375751, 5715192.471636038273573 ], [ 359533.320303470827639, 5715237.160297055728734 ], [ 359568.309917315840721, 5715287.815171787515283 ], [ 359590.74195957777556, 5715319.020777821540833 ], [ 359638.04399038979318, 5715372.840335052460432 ], [ 359655.18359412899008, 5715409.033689992502332 ], [ 359722.60534712363733, 5715525.862215896137059 ], [ 359731.348588354187086, 5715541.600545992143452 ], [ 359765.719147112045903, 5715580.054759970866144 ], [ 359768.685816395096481, 5715583.767431319691241 ], [ 359781.350932041183114, 5715611.68305500689894 ], [ 359786.980679471627809, 5715621.420400803908706 ], [ 359801.634586128173396, 5715646.788257696665823 ], [ 359802.275418127886951, 5715647.894493193365633 ], [ 359810.475949691783171, 5715662.078854892402887 ], [ 359829.486367550329305, 5715694.537440408021212 ], [ 359832.6170185218798, 5715700.170823611319065 ], [ 359828.095406653941609, 5715711.680305795744061 ], [ 359852.040808461257257, 5715746.829032443463802 ], [ 359845.552978184539825, 5715751.682461930438876 ], [ 359822.388979473500513, 5715765.32138723321259 ], [ 359836.140477252774872, 5715786.162772003561258 ], [ 359838.849658828054089, 5715791.351553701795638 ], [ 359842.18967397743836, 5715796.033232264220715 ], [ 359849.117255195393227, 5715817.853574069216847 ], [ 359872.183663540810812, 5715857.845296983607113 ], [ 359887.686754116031807, 5715883.367927107028663 ] ] ] ] } },
{ "type": "Feature", "properties": { "full_id": "r3789057", "osm_id": "3789057", "osm_type": "relation", "boundary": "administrative", "note:de": null, "name:es": null, "name:de": null, "ref:nuts:2": null, "ref:nuts": null, "population": null, "name:sr": null, "name:ru": null, "name:la": null, "name:ksh": null, "name:ja": null, "name:ar": null, "de:place": null, "ref:nuts:3": null, "license_plate_code": null, "admin_centre:postal_code": null, "wikipedia": null, "wikidata": null, "website": null, "opendata_portal": null, "name:prefix": null, "de:regionalschluessel": null, "de:amtlicher_gemeindeschluessel": null, "admin_title:de": null, "admin_title": null, "TMC:cid_58:tabcd_1:LocationCode": null, "TMC:cid_58:tabcd_1:LCLversion": null, "TMC:cid_58:tabcd_1:Class": null, "type": "boundary", "name": "Mitte II (Ost)", "admin_level": "10" }, "geometry": { "type": "MultiPolygon", "coordinates": [ [ [ [ 360572.260311077756342, 5716597.45923332683742 ], [ 360623.163374371884856, 5716610.869915715418756 ], [ 361028.437234209966846, 5716742.965129635296762 ], [ 361731.393854206951801, 5716929.373315987177193 ], [ 361864.646343308733776, 5716969.236885716207325 ], [ 362001.040314640908036, 5716978.70495184045285 ], [ 362163.265787230688147, 5716966.374357962049544 ], [ 362301.28821312286891, 5716938.893909166567028 ], [ 362344.347314588609152, 5716921.654080587439239 ], [ 362385.191573751624674, 5716905.29830711055547 ], [ 362389.022851404268295, 5716901.132400271482766 ], [ 362389.417658203979954, 5716897.293573632836342 ], [ 362389.67915080365492, 5716894.671342694200575 ], [ 362389.739938727929257, 5716894.102153047919273 ], [ 362393.571531254448928, 5716889.947369898669422 ], [ 362393.489430726971477, 5716887.946526626124978 ], [ 362395.509292422269937, 5716879.111496997997165 ], [ 362398.457484480401035, 5716877.907437526620924 ], [ 362400.007942028110847, 5716873.992697105742991 ], [ 362401.383542236231733, 5716871.551629580557346 ], [ 362426.054852050030604, 5716827.88199748005718 ], [ 362419.807131970708724, 5716814.809192233718932 ], [ 362438.86449851479847, 5716737.740695236250758 ], [ 362455.856671510613523, 5716641.020389541983604 ], [ 362434.946339494432323, 5716626.67658721562475 ], [ 362404.097129863628652, 5716619.068367055617273 ], [ 362354.850969088613056, 5716610.279957731254399 ], [ 362319.331388425664045, 5716611.690608580596745 ], [ 362328.200560714816675, 5716565.612477769143879 ], [ 362356.802655266248621, 5716533.887544590048492 ], [ 362407.967473423457704, 5716544.626950110308826 ], [ 362418.381578414060641, 5716532.670565572567284 ], [ 362483.848719315719791, 5716549.031426315195858 ], [ 362499.933346380246803, 5716554.158787391148508 ], [ 362542.116391789983027, 5716560.692121955566108 ], [ 362549.905695600667968, 5716564.153006917797029 ], [ 362553.681598108494654, 5716547.458429662510753 ], [ 362603.006831526290625, 5716247.373410091735423 ], [ 362578.815606288786512, 5716245.025104427710176 ], [ 362547.796429132926278, 5716246.300808059982955 ], [ 362509.771870772005059, 5716255.133708679117262 ], [ 362402.912977171537932, 5716264.156088276766241 ], [ 362342.331268677371554, 5716256.777306761592627 ], [ 362344.813917930645403, 5716192.511349950917065 ], [ 362345.430908429436386, 5716176.43661617487669 ], [ 362345.609727081842721, 5716171.79130488820374 ], [ 362346.014694803976454, 5716156.078435960225761 ], [ 362346.518245674378704, 5716148.074717372655869 ], [ 362561.656653315585572, 5716056.990793293341994 ], [ 362592.357331655046437, 5716046.487497720867395 ], [ 362617.678630889684428, 5716034.227378782816231 ], [ 362672.203952591749839, 5716025.292955597862601 ], [ 362685.746386455546599, 5716016.134582322090864 ], [ 362693.267981641110964, 5716002.020506154745817 ], [ 362699.291850252717268, 5715986.622791329398751 ], [ 362701.705411509727128, 5715970.532844703644514 ], [ 362651.47650593961589, 5715951.530053243972361 ], [ 362621.549577292404138, 5715931.531971342861652 ], [ 362552.096987346652895, 5715868.216191371902823 ], [ 362462.735683218052145, 5715786.512791505083442 ], [ 362481.974143575178459, 5715578.483724614605308 ], [ 362404.532516561099328, 5715563.11527075432241 ], [ 362352.441171350888908, 5715552.066810695454478 ], [ 362307.010840690985788, 5715537.610658849589527 ], [ 362293.483066498884, 5715533.304520764388144 ], [ 362284.593662606086582, 5715530.252220991067588 ], [ 362230.382397270645015, 5715511.650941462256014 ], [ 362243.339732330758125, 5715473.807762957178056 ], [ 362195.809149955923203, 5715456.872447786852717 ], [ 362179.689682811207604, 5715453.916837311349809 ], [ 362177.018172242445871, 5715452.576233961619437 ], [ 362148.601609878998715, 5715438.315187538973987 ], [ 362125.897340122610331, 5715429.351647108793259 ], [ 362052.043830065871589, 5715391.055728895589709 ], [ 361970.84999151842203, 5715352.159583843313158 ], [ 361889.907366929168347, 5715311.588606404140592 ], [ 361860.79349147080211, 5715295.467445712536573 ], [ 361847.329954124696087, 5715288.979572749696672 ], [ 361845.279640009917784, 5715291.862046809867024 ], [ 361525.479319543985184, 5715113.560221204534173 ], [ 361523.903072650835384, 5715108.918311175890267 ], [ 361520.816450352198444, 5715108.134667251259089 ], [ 361514.291550944151822, 5715110.193674526177347 ], [ 361507.997942740679719, 5715105.49152606446296 ], [ 361505.111609148327261, 5715105.692830443382263 ], [ 361496.661761634750292, 5715120.29036511015147 ], [ 361485.694733735173941, 5715122.715662084519863 ], [ 361463.519175924244337, 5715154.748108915053308 ], [ 361389.581584544386715, 5715269.621916991658509 ], [ 361371.890822621469852, 5715301.031361821107566 ], [ 361354.173798693576828, 5715329.192146401852369 ], [ 361340.538706352759618, 5715345.345172526314855 ], [ 361318.786670691566542, 5715376.565522182732821 ], [ 361287.523596885846928, 5715429.668602855876088 ], [ 361228.922861254890449, 5715515.570095459930599 ], [ 361220.832379342988133, 5715514.879197146743536 ], [ 361218.106336215394549, 5715514.341818550601602 ], [ 361207.370311154401861, 5715529.213978313840926 ], [ 361195.358155301655643, 5715549.896705796010792 ], [ 361148.537465381843504, 5715601.746685275807977 ], [ 361080.651119510061108, 5715679.870002237148583 ], [ 361075.993825964746065, 5715677.683034396730363 ], [ 361058.418097421294078, 5715704.817323990166187 ], [ 360894.709042830741964, 5715900.182917029596865 ], [ 360889.725851850525942, 5715896.224543582648039 ], [ 360794.440547051955946, 5716008.990374397486448 ], [ 360777.651507640606724, 5716028.069496187381446 ], [ 360668.056240283243824, 5716246.794778812676668 ], [ 360673.817977632628754, 5716250.074940670281649 ], [ 360666.952660582144745, 5716266.41102652810514 ], [ 360665.371625435946044, 5716270.939243858680129 ], [ 360655.26853977702558, 5716272.407921261154115 ], [ 360616.584362962516025, 5716371.813591407611966 ], [ 360561.262524778954685, 5716593.099242232739925 ], [ 360572.260311077756342, 5716597.45923332683742 ] ] ] ] } },
{ "type": "Feature", "properties": { "full_id": "r3789058", "osm_id": "3789058", "osm_type": "relation", "boundary": "administrative", "note:de": null, "name:es": null, "name:de": null, "ref:nuts:2": null, "ref:nuts": null, "population": null, "name:sr": null, "name:ru": null, "name:la": null, "name:ksh": null, "name:ja": null, "name:ar": null, "de:place": null, "ref:nuts:3": null, "license_plate_code": null, "admin_centre:postal_code": null, "wikipedia": null, "wikidata": null, "website": null, "opendata_portal": null, "name:prefix": null, "de:regionalschluessel": null, "de:amtlicher_gemeindeschluessel": null, "admin_title:de": null, "admin_title": null, "TMC:cid_58:tabcd_1:LocationCode": null, "TMC:cid_58:tabcd_1:LCLversion": null, "TMC:cid_58:tabcd_1:Class": null, "type": "boundary", "name": "Rentfort-Nord", "admin_level": "10" }, "geometry": { "type": "MultiPolygon", "coordinates": [ [ [ [ 356889.10008440510137, 5717091.264978522434831 ], [ 356890.699859137530439, 5717092.432797375135124 ], [ 356932.426927064196207, 5717122.84814163018018 ], [ 356951.870464055449702, 5717136.999869991093874 ], [ 356986.297760356334038, 5717170.637742455117404 ], [ 357058.851215289323591, 5717196.844879005104303 ], [ 357147.63103808258893, 5717225.944946619682014 ], [ 357149.173905831237789, 5717280.877270607277751 ], [ 357198.412643310672138, 5717286.721999899484217 ], [ 357204.038207424047869, 5717294.464727700687945 ], [ 357212.332376103673596, 5717286.218149172142148 ], [ 357231.406449840869755, 5717284.122266246937215 ], [ 357251.419474723166786, 5717271.316426984034479 ], [ 357287.355264646117575, 5717259.953734562732279 ], [ 357309.46021154965274, 5717258.151101235300303 ], [ 357337.492697812558617, 5717255.869946083985269 ], [ 357402.36602861888241, 5717243.581549615599215 ], [ 357491.366982084349729, 5717218.829596361145377 ], [ 357533.724935558857396, 5717217.39278359990567 ], [ 357539.978975936130155, 5717217.183434649370611 ], [ 357571.962336917524226, 5717216.105616801418364 ], [ 357739.036450809217058, 5717286.08203914295882 ], [ 357751.394539623928722, 5717296.863489574752748 ], [ 357785.652479585143737, 5717341.740074544213712 ], [ 357833.224568657286, 5717372.23203373234719 ], [ 357846.240309765446, 5717398.797912208363414 ], [ 357853.722029653377831, 5717403.807193323038518 ], [ 357895.612622593645938, 5717424.554715741425753 ], [ 357921.488701683934778, 5717425.4978162124753 ], [ 357933.073654203675687, 5717432.962782614864409 ], [ 357937.628290942404419, 5717447.302215063013136 ], [ 357942.721173148835078, 5717475.637506234459579 ], [ 357982.779123205458745, 5717532.16005274746567 ], [ 357998.516932333237492, 5717544.850410992279649 ], [ 358011.685688233701512, 5717559.61601800378412 ], [ 358014.648911127820611, 5717566.655240715481341 ], [ 358009.882711418205872, 5717579.364267375320196 ], [ 358021.160863492870703, 5717596.174943909049034 ], [ 358030.6041637994349, 5717616.275527633726597 ], [ 358039.920172076963354, 5717624.917203231714666 ], [ 358065.964597423560917, 5717639.321916261687875 ], [ 358105.558374086685944, 5717669.483493384905159 ], [ 358121.176716540358029, 5717680.163269094191492 ], [ 358132.888191467907745, 5717690.195822197012603 ], [ 358147.589456916088238, 5717692.888763852417469 ], [ 358159.44143055472523, 5717707.691617291420698 ], [ 358182.583426137047354, 5717739.761437657289207 ], [ 358199.602503217407502, 5717750.969759800471365 ], [ 358239.361083667725325, 5717799.701356899924576 ], [ 358252.344040587136988, 5717810.35514865629375 ], [ 358267.728603315073997, 5717830.289769169874489 ], [ 358283.372586474113632, 5717856.771922647021711 ], [ 358285.28572920395527, 5717870.640261487103999 ], [ 358304.86541388661135, 5717886.92977536842227 ], [ 358324.271446824772283, 5717901.477027707733214 ], [ 358328.161512122373097, 5717931.749265627935529 ], [ 358336.799498820328154, 5717980.35099973063916 ], [ 358338.344450930482708, 5718050.418015509843826 ], [ 358370.697279505431652, 5718064.970358113758266 ], [ 358453.309220143069979, 5718094.710013804957271 ], [ 358464.020674109982792, 5718096.302364541217685 ], [ 358489.790354116761591, 5718095.804462892003357 ], [ 358497.296305305091664, 5718101.492791198194027 ], [ 358508.128073909203522, 5718109.870314200408757 ], [ 358523.695690691354685, 5718116.334918534383178 ], [ 358534.844631076441146, 5718128.376066707074642 ], [ 358553.214476081775501, 5718140.872041566297412 ], [ 358560.401670629740693, 5718145.82374906912446 ], [ 358564.090777633129619, 5718148.369273581542075 ], [ 358580.817817308416124, 5718151.685644131153822 ], [ 358640.152024184935726, 5718259.077306916005909 ], [ 358643.272802999126725, 5718271.554325999692082 ], [ 358661.530398785253055, 5718280.058633897453547 ], [ 358693.397977673390415, 5718314.557772800326347 ], [ 358701.397914577042684, 5718335.478746062144637 ], [ 358720.546694881282747, 5718363.756117996759713 ], [ 358730.84978758537909, 5718372.593978549353778 ], [ 358740.661581145017408, 5718386.676001940853894 ], [ 358758.677958899876103, 5718389.289221623912454 ], [ 358771.290493648732081, 5718406.631717763841152 ], [ 358787.720010467397515, 5718419.193746293894947 ], [ 358804.768771642120555, 5718448.987838469445705 ], [ 358925.320560801075771, 5718433.384871701709926 ], [ 358922.951368222478777, 5718429.444625870324671 ], [ 358924.112039509695023, 5718427.075276657938957 ], [ 358927.227014395117294, 5718420.723074696026742 ], [ 358953.459040810004808, 5718335.159007301554084 ], [ 358971.038872287899721, 5718284.045361558906734 ], [ 358993.485094614850823, 5718212.052612594328821 ], [ 358996.04177532606991, 5718203.813035802915692 ], [ 359030.138998169801198, 5718117.607531250454485 ], [ 359051.390006652101874, 5718058.635423770174384 ], [ 359062.874664792208932, 5718026.766243260353804 ], [ 359085.134348964667879, 5717968.144608682021499 ], [ 359132.192295546527021, 5717845.42261522449553 ], [ 359136.89082108065486, 5717835.176041445694864 ], [ 359228.110718659474514, 5717593.241970350034535 ], [ 359242.65973283094354, 5717552.830448403023183 ], [ 359262.030073742964305, 5717497.083412778563797 ], [ 359305.41738761542365, 5717378.883569080382586 ], [ 359310.100587075517979, 5717367.057378281839192 ], [ 359315.45680253917817, 5717355.501833629794419 ], [ 359321.544540509814397, 5717344.326596828177571 ], [ 359328.401218095619697, 5717333.630787568166852 ], [ 359335.730273986409884, 5717323.967944459058344 ], [ 359343.753621894924436, 5717314.842250752262771 ], [ 359352.352581715793349, 5717306.223621007055044 ], [ 359361.381074357661419, 5717298.093858700245619 ], [ 359370.69041685690172, 5717290.590637600049376 ], [ 359380.430524652241729, 5717283.620767654851079 ], [ 359390.539055330038536, 5717277.185982543043792 ], [ 359400.975063797493931, 5717271.309678328223526 ], [ 359416.179376376792789, 5717263.898811601102352 ], [ 359431.797255354933441, 5717257.400175534188747 ], [ 359447.718000667635351, 5717251.572019834071398 ], [ 359463.798441116232425, 5717246.251393644139171 ], [ 359729.320845023496076, 5717161.467927084304392 ], [ 359741.991828406462446, 5717103.616200731135905 ], [ 359720.709639498440083, 5716994.011791250668466 ], [ 359715.00739180232631, 5716986.368715814314783 ], [ 359716.119014868279919, 5716979.950187164358795 ], [ 359722.472270647878759, 5716906.237368917092681 ], [ 359727.690769683686085, 5716844.10734027158469 ], [ 359730.472523105912842, 5716821.395019914954901 ], [ 359687.642515229759738, 5716812.643851640634239 ], [ 359673.147454264922999, 5716784.167156587354839 ], [ 359655.345573726808652, 5716745.443804493173957 ], [ 359648.721484311041422, 5716727.065120718441904 ], [ 359644.700416705512907, 5716714.556895470246673 ], [ 359641.159121418022551, 5716694.345612561330199 ], [ 359633.344290576991625, 5716643.015204598195851 ], [ 359629.005460747692268, 5716627.800453143194318 ], [ 359620.88700893020723, 5716612.045020231045783 ], [ 359609.474453213391826, 5716586.254018064588308 ], [ 359602.767313814547379, 5716561.890575104393065 ], [ 359600.979086426901631, 5716549.654332518577576 ], [ 359601.572966992389411, 5716538.565054439939559 ], [ 359605.719192271411885, 5716505.810352994129062 ], [ 359604.35532017290825, 5716481.120733443647623 ], [ 359605.304037013440393, 5716473.32677251752466 ], [ 359622.45485736936098, 5716419.479307414032519 ], [ 359622.659904323634692, 5716407.365868438966572 ], [ 359616.909515971085057, 5716361.742803147062659 ], [ 359621.776266094530001, 5716310.695250046439469 ], [ 359632.071267755585723, 5716245.608968141488731 ], [ 359655.855963503010571, 5716192.412477966398001 ], [ 359665.941456693981308, 5716190.808750613592565 ], [ 359666.405941973207518, 5716159.024177053011954 ], [ 359655.451893150515389, 5716161.063718975521624 ], [ 359667.172285915235989, 5716121.366553607396781 ], [ 359673.48293421312701, 5716097.8776341881603 ], [ 359678.469333289423957, 5716082.148548746481538 ], [ 359686.806319909228478, 5716046.952042385004461 ], [ 359689.839961097110063, 5716017.544575101695955 ], [ 359690.493312655366026, 5715987.312770617194474 ], [ 359686.412267803563736, 5715950.123295901343226 ], [ 359681.944322119583376, 5715920.745575451292098 ], [ 359657.690460582263768, 5715918.780045141465962 ], [ 359655.701175207213964, 5715918.556948860175908 ], [ 359638.716796600841917, 5715916.690573480911553 ], [ 359613.984336525260005, 5715913.970649592578411 ], [ 359561.700261945137754, 5715907.641143671236932 ], [ 359529.224802311218809, 5715903.255596905946732 ], [ 359497.953583415248431, 5715897.790778772905469 ], [ 359449.238791601266712, 5715897.16134549677372 ], [ 359415.329528127796948, 5715900.583970255218446 ], [ 359376.964225006639026, 5715903.596358831040561 ], [ 359340.058083202806301, 5715916.205776076763868 ], [ 359325.832754153234418, 5715919.316155413165689 ], [ 359314.446401198918466, 5715923.282518475316465 ], [ 359306.926764514413662, 5715926.162203224375844 ], [ 359219.446518287644722, 5715961.788974597118795 ], [ 359186.00792927457951, 5715976.13937976770103 ], [ 359163.563117102428805, 5715984.876045096665621 ], [ 359133.942328283563256, 5715996.872704653069377 ], [ 359105.075705403462052, 5716008.058443069458008 ], [ 359069.157061180449091, 5716020.475502928718925 ], [ 359021.857341603841633, 5716033.788253739476204 ], [ 358997.498968079686165, 5716038.528161552734673 ], [ 358975.751009335974231, 5716041.392692088149488 ], [ 358879.62526353955036, 5716051.525973706506193 ], [ 358802.11753175558988, 5716058.193010350689292 ], [ 358794.878083000308834, 5716060.909867111593485 ], [ 358790.832045622635633, 5716062.769839413464069 ], [ 358784.284536476945505, 5716064.688425099477172 ], [ 358754.885512390988879, 5716075.145441172644496 ], [ 358740.38868360518245, 5716084.408020152710378 ], [ 358629.872402646229602, 5716155.019323016516864 ], [ 358623.101118877122644, 5716159.348136779852211 ], [ 358543.650599886721466, 5716210.098001924343407 ], [ 358535.851000637165271, 5716215.089985905215144 ], [ 358331.240899170807097, 5716345.793860937468708 ], [ 358302.513925820006989, 5716364.325300924479961 ], [ 358290.575365120312199, 5716364.603677585721016 ], [ 358270.733422480756417, 5716376.554553188383579 ], [ 358268.168776055448689, 5716378.562695292755961 ], [ 358265.666189321083948, 5716379.567529357969761 ], [ 358267.590881692129187, 5716382.440486321225762 ], [ 358172.251523371669464, 5716441.453450317494571 ], [ 358136.743499451200478, 5716463.403075800277293 ], [ 358073.946926275035366, 5716501.953612914308906 ], [ 358019.600961952935904, 5716538.209264675155282 ], [ 358012.580323879490606, 5716534.844932652078569 ], [ 357992.502236704807729, 5716547.972085527144372 ], [ 357993.485310303454753, 5716552.618539259769022 ], [ 357976.566961289965548, 5716565.924250325188041 ], [ 357935.625592959928326, 5716599.512478034943342 ], [ 357926.231593758799136, 5716606.942837175913155 ], [ 357875.078028268762864, 5716657.811505977064371 ], [ 357861.757715075335, 5716670.838599869050086 ], [ 357833.737075460958295, 5716708.727996742352843 ], [ 357828.773685007647146, 5716714.431652850471437 ], [ 357808.59688577207271, 5716741.039144489914179 ], [ 357792.666084083728492, 5716762.808948664925992 ], [ 357752.75495164305903, 5716817.425259108655155 ], [ 357748.41425959742628, 5716821.842846912331879 ], [ 357744.872952944133431, 5716816.956691646948457 ], [ 357738.066124690580182, 5716824.158955965191126 ], [ 357739.804984084679745, 5716830.776166931726038 ], [ 357721.670416582375765, 5716852.062829881906509 ], [ 357713.929510573798325, 5716860.315210625529289 ], [ 357705.303596800309606, 5716868.158455210737884 ], [ 357689.24372055643471, 5716880.617571551352739 ], [ 357677.678138509625569, 5716888.699281709268689 ], [ 357662.295957500929944, 5716898.37953634839505 ], [ 357645.90503715898376, 5716906.207454357296228 ], [ 357638.641179645957891, 5716909.227208488620818 ], [ 357623.784614668576978, 5716914.419088249094784 ], [ 357610.809298678184859, 5716917.232224189676344 ], [ 357592.490313886897638, 5716921.330790642648935 ], [ 357591.435861704405397, 5716916.129972205497324 ], [ 357546.004742356482893, 5716927.690697049722075 ], [ 357538.394026286900043, 5716928.728324795141816 ], [ 357402.457229299237952, 5716948.212513324804604 ], [ 357375.922180314431898, 5716952.276157700456679 ], [ 357320.342267483996693, 5716960.8863471057266 ], [ 357217.264545637590345, 5716977.301990887150168 ], [ 357216.726103507447988, 5716977.383945475332439 ], [ 357187.811172420857474, 5716981.615852309390903 ], [ 357101.543518689810298, 5716995.734714693389833 ], [ 357076.250359255471267, 5716997.11626910790801 ], [ 357066.211599446483888, 5717000.793880298733711 ], [ 357025.618235982605256, 5717005.868304206989706 ], [ 357011.780366149381734, 5717008.562679735943675 ], [ 356989.637101881555282, 5717016.165713260881603 ], [ 356971.265613054274581, 5717025.498548631556332 ], [ 356945.707887096330523, 5717040.086910562589765 ], [ 356921.167561958543956, 5717056.082267360761762 ], [ 356901.130005687940866, 5717071.95049989875406 ], [ 356889.10008440510137, 5717091.264978522434831 ] ] ] ] } },
{ "type": "Feature", "properties": { "full_id": "r3789059", "osm_id": "3789059", "osm_type": "relation", "boundary": "administrative", "note:de": null, "name:es": null, "name:de": null, "ref:nuts:2": null, "ref:nuts": null, "population": null, "name:sr": null, "name:ru": null, "name:la": null, "name:ksh": null, "name:ja": null, "name:ar": null, "de:place": null, "ref:nuts:3": null, "license_plate_code": null, "admin_centre:postal_code": null, "wikipedia": null, "wikidata": null, "website": null, "opendata_portal": null, "name:prefix": null, "de:regionalschluessel": null, "de:amtlicher_gemeindeschluessel": null, "admin_title:de": null, "admin_title": null, "TMC:cid_58:tabcd_1:LocationCode": null, "TMC:cid_58:tabcd_1:LCLversion": null, "TMC:cid_58:tabcd_1:Class": null, "type": "boundary", "name": "Schultendorf", "admin_level": "10" }, "geometry": { "type": "MultiPolygon", "coordinates": [ [ [ [ 360561.262524778954685, 5716593.099242232739925 ], [ 360572.260311077756342, 5716597.45923332683742 ], [ 360567.87359030044172, 5716613.137457560747862 ], [ 360559.487931877665687, 5716612.244374579750001 ], [ 360485.984074949054047, 5716933.797751084901392 ], [ 360480.075843440950848, 5716959.900782271288335 ], [ 360455.574786059558392, 5716947.255235530436039 ], [ 360445.93704587809043, 5716947.698888265527785 ], [ 360447.697504583396949, 5716964.287302155978978 ], [ 360444.596749157411978, 5716969.246987951919436 ], [ 360441.182799673755653, 5716976.173902994953096 ], [ 360431.304001576383598, 5716983.212232787162066 ], [ 360421.507987151271664, 5716985.707920311018825 ], [ 360331.708177107677329, 5716957.146897523663938 ], [ 360329.848349974839948, 5716955.317496770061553 ], [ 360310.350272171781398, 5716993.36915345210582 ], [ 360290.252233907696791, 5716982.528145007789135 ], [ 360286.23393978679087, 5716980.357690518721938 ], [ 360283.124062110378873, 5716984.227151355706155 ], [ 360279.879942152532749, 5716988.256115968339145 ], [ 360263.365665255812928, 5717012.326275311410427 ], [ 360210.805777441593818, 5717073.147026831284165 ], [ 360174.464369480847381, 5717103.440400399267673 ], [ 360133.772050123661757, 5717126.531738735735416 ], [ 360120.255541859252844, 5717119.805184564553201 ], [ 360049.156006789417006, 5717145.050469762645662 ], [ 360030.920335962320678, 5717149.171261003240943 ], [ 360003.148174739792012, 5717153.62254932615906 ], [ 359977.627333497977816, 5717157.010175809264183 ], [ 359952.459580787457526, 5717156.871581167913973 ], [ 359938.23879131488502, 5717157.020100179128349 ], [ 359885.498295479570515, 5717152.503269491717219 ], [ 359875.654552300984506, 5717150.750294853933156 ], [ 359851.797040527046192, 5717146.358259173110127 ], [ 359845.328691806527786, 5717143.833083562552929 ], [ 359800.941066686413251, 5717144.817077798768878 ], [ 359772.488951702136546, 5717148.743169884197414 ], [ 359759.687066736631095, 5717149.064334613271058 ], [ 359729.320845023496076, 5717161.467927084304392 ], [ 359741.991828406462446, 5717103.616200731135905 ], [ 359720.709639498440083, 5716994.011791250668466 ], [ 359715.00739180232631, 5716986.368715814314783 ], [ 359716.119014868279919, 5716979.950187164358795 ], [ 359722.472270647878759, 5716906.237368917092681 ], [ 359727.690769683686085, 5716844.10734027158469 ], [ 359730.472523105912842, 5716821.395019914954901 ], [ 359687.642515229759738, 5716812.643851640634239 ], [ 359673.147454264922999, 5716784.167156587354839 ], [ 359655.345573726808652, 5716745.443804493173957 ], [ 359648.721484311041422, 5716727.065120718441904 ], [ 359644.700416705512907, 5716714.556895470246673 ], [ 359641.159121418022551, 5716694.345612561330199 ], [ 359633.344290576991625, 5716643.015204598195851 ], [ 359629.005460747692268, 5716627.800453143194318 ], [ 359620.88700893020723, 5716612.045020231045783 ], [ 359609.474453213391826, 5716586.254018064588308 ], [ 359602.767313814547379, 5716561.890575104393065 ], [ 359600.979086426901631, 5716549.654332518577576 ], [ 359601.572966992389411, 5716538.565054439939559 ], [ 359605.719192271411885, 5716505.810352994129062 ], [ 359604.35532017290825, 5716481.120733443647623 ], [ 359605.304037013440393, 5716473.32677251752466 ], [ 359622.45485736936098, 5716419.479307414032519 ], [ 359622.659904323634692, 5716407.365868438966572 ], [ 359616.909515971085057, 5716361.742803147062659 ], [ 359621.776266094530001, 5716310.695250046439469 ], [ 359632.071267755585723, 5716245.608968141488731 ], [ 359655.855963503010571, 5716192.412477966398001 ], [ 359665.941456693981308, 5716190.808750613592565 ], [ 359666.405941973207518, 5716159.024177053011954 ], [ 359655.451893150515389, 5716161.063718975521624 ], [ 359667.172285915235989, 5716121.366553607396781 ], [ 359673.48293421312701, 5716097.8776341881603 ], [ 359678.469333289423957, 5716082.148548746481538 ], [ 359686.806319909228478, 5716046.952042385004461 ], [ 359689.839961097110063, 5716017.544575101695955 ], [ 359690.493312655366026, 5715987.312770617194474 ], [ 359686.412267803563736, 5715950.123295901343226 ], [ 359681.944322119583376, 5715920.745575451292098 ], [ 359723.989588500640821, 5715923.175545887090266 ], [ 359736.292634459561668, 5715923.257738737389445 ], [ 359742.811990452930331, 5715922.810138966888189 ], [ 359748.583365716622211, 5715922.394385842606425 ], [ 359760.865943425684236, 5715920.98599564936012 ], [ 359773.110189632512629, 5715919.445155497640371 ], [ 359781.830084860674106, 5715918.335754605010152 ], [ 359790.532124727265909, 5715917.082193564623594 ], [ 359799.192446406581439, 5715915.57384854182601 ], [ 359807.788111070403829, 5715913.733455266803503 ], [ 359813.817572384607047, 5715912.119893030263484 ], [ 359819.799003263819031, 5715910.273970435373485 ], [ 359825.720393538940698, 5715908.262790229171515 ], [ 359831.618848473648541, 5715906.17435285076499 ], [ 359850.499972919584252, 5715899.408882632851601 ], [ 359854.269336442113854, 5715898.058212817646563 ], [ 359887.686754116031807, 5715883.367927107028663 ], [ 359892.177188658388332, 5715881.763645092956722 ], [ 360041.82460196322063, 5716134.425780600868165 ], [ 360067.671193550690077, 5716172.004496070556343 ], [ 360063.688845841446891, 5716179.192182400263846 ], [ 360092.791249055298977, 5716219.941682238131762 ], [ 360132.54494512634119, 5716275.075543435290456 ], [ 360159.960205648792908, 5716307.492294579744339 ], [ 360170.626865466707386, 5716319.661603801883757 ], [ 360181.66592187108472, 5716331.509058022871614 ], [ 360192.92802716512233, 5716343.150066125206649 ], [ 360204.303867601440288, 5716354.643288771621883 ], [ 360215.485849711112678, 5716365.897060598246753 ], [ 360226.782489649311174, 5716377.036406910046935 ], [ 360238.294331269571558, 5716387.936141641810536 ], [ 360250.155637842253782, 5716398.436764081008732 ], [ 360262.249733551288955, 5716408.330056454055011 ], [ 360274.652035782346502, 5716417.836507650092244 ], [ 360287.288792473555077, 5716427.047181564383209 ], [ 360300.071782147046179, 5716436.031283738091588 ], [ 360365.207001230446622, 5716481.230200057849288 ], [ 360384.644464133598376, 5716494.704956695437431 ], [ 360392.27706250990741, 5716500.715316135436296 ], [ 360393.929795423697215, 5716506.345230220817029 ], [ 360394.51687409542501, 5716510.79152664821595 ], [ 360394.93707386078313, 5716513.962659751065075 ], [ 360404.178655223047826, 5716519.238724062219262 ], [ 360411.297758221393451, 5716521.713311429135501 ], [ 360448.079001553007402, 5716542.400000565685332 ], [ 360511.808237587916665, 5716573.150295827537775 ], [ 360561.262524778954685, 5716593.099242232739925 ] ] ] ] } },
{ "type": "Feature", "properties": { "full_id": "r3807709", "osm_id": "3807709", "osm_type": "relation", "boundary": "administrative", "note:de": null, "name:es": null, "name:de": null, "ref:nuts:2": null, "ref:nuts": null, "population": null, "name:sr": null, "name:ru": null, "name:la": null, "name:ksh": null, "name:ja": null, "name:ar": null, "de:place": null, "ref:nuts:3": null, "license_plate_code": null, "admin_centre:postal_code": null, "wikipedia": null, "wikidata": null, "website": null, "opendata_portal": null, "name:prefix": null, "de:regionalschluessel": null, "de:amtlicher_gemeindeschluessel": null, "admin_title:de": null, "admin_title": null, "TMC:cid_58:tabcd_1:LocationCode": null, "TMC:cid_58:tabcd_1:LCLversion": null, "TMC:cid_58:tabcd_1:Class": null, "type": "boundary", "name": "Mitte I (West)", "admin_level": "10" }, "geometry": { "type": "MultiPolygon", "coordinates": [ [ [ [ 360561.262524778954685, 5716593.099242232739925 ], [ 360616.584362962516025, 5716371.813591407611966 ], [ 360655.26853977702558, 5716272.407921261154115 ], [ 360665.371625435946044, 5716270.939243858680129 ], [ 360666.952660582144745, 5716266.41102652810514 ], [ 360673.817977632628754, 5716250.074940670281649 ], [ 360668.056240283243824, 5716246.794778812676668 ], [ 360777.651507640606724, 5716028.069496187381446 ], [ 360794.440547051955946, 5716008.990374397486448 ], [ 360889.725851850525942, 5715896.224543582648039 ], [ 360894.709042830741964, 5715900.182917029596865 ], [ 361058.418097421294078, 5715704.817323990166187 ], [ 361075.993825964746065, 5715677.683034396730363 ], [ 361080.651119510061108, 5715679.870002237148583 ], [ 361148.537465381843504, 5715601.746685275807977 ], [ 361195.358155301655643, 5715549.896705796010792 ], [ 361207.370311154401861, 5715529.213978313840926 ], [ 361218.106336215394549, 5715514.341818550601602 ], [ 361220.832379342988133, 5715514.879197146743536 ], [ 361228.922861254890449, 5715515.570095459930599 ], [ 361287.523596885846928, 5715429.668602855876088 ], [ 361318.786670691566542, 5715376.565522182732821 ], [ 361340.538706352759618, 5715345.345172526314855 ], [ 361354.173798693576828, 5715329.192146401852369 ], [ 361371.890822621469852, 5715301.031361821107566 ], [ 361389.581584544386715, 5715269.621916991658509 ], [ 361463.519175924244337, 5715154.748108915053308 ], [ 361485.694733735173941, 5715122.715662084519863 ], [ 361496.661761634750292, 5715120.29036511015147 ], [ 361505.111609148327261, 5715105.692830443382263 ], [ 361503.455707882414572, 5715099.406123413704336 ], [ 361500.445483980583958, 5715098.119632338173687 ], [ 361468.568963427853305, 5715084.535477431491017 ], [ 361431.058355812798254, 5715068.568353628739715 ], [ 361416.302033571060747, 5715062.272726647555828 ], [ 361383.433915730332956, 5715051.498271561227739 ], [ 361380.499717451864854, 5715054.260453185066581 ], [ 361360.981122182158288, 5715049.564200247637928 ], [ 361357.155735441134311, 5715042.313094732351601 ], [ 361297.169628767063841, 5715029.187616342678666 ], [ 361292.198785058804788, 5715036.590445818379521 ], [ 361267.138254623161629, 5715031.86820968426764 ], [ 361254.635804067715071, 5715022.039310321211815 ], [ 361198.834298913483508, 5715012.328050996176898 ], [ 361189.790133491391316, 5715015.079670660197735 ], [ 361183.20452876802301, 5715015.682963490486145 ], [ 361176.859703246329445, 5715013.430830574594438 ], [ 361055.451026540482417, 5714997.85166135057807 ], [ 361054.035356547217816, 5714987.196201361715794 ], [ 361026.825052705593407, 5714977.693278436549008 ], [ 361029.193831091746688, 5714970.250257248990238 ], [ 361008.961783267557621, 5714968.646304908208549 ], [ 361000.956982097006403, 5714970.101126977242529 ], [ 360926.62321306404192, 5714931.822992220520973 ], [ 360827.474747180123813, 5714887.76184584852308 ], [ 360763.076136564952321, 5714846.186237948946655 ], [ 360743.688694872311316, 5714831.428703436627984 ], [ 360726.054461645544507, 5714815.866325938142836 ], [ 360697.408708487346303, 5714792.805757210589945 ], [ 360672.782800281944219, 5714774.954147041775286 ], [ 360651.010413141688332, 5714754.698360241018236 ], [ 360629.621303801774047, 5714727.454662083648145 ], [ 360597.124015701585449, 5714687.451962203718722 ], [ 360582.493550864863209, 5714666.655001412145793 ], [ 360565.077251995797269, 5714628.552288291044533 ], [ 360544.600279226433486, 5714637.261689659208059 ], [ 360528.967954758205451, 5714648.61992041580379 ], [ 360517.213001799478661, 5714652.682576796039939 ], [ 360508.835177944623865, 5714663.529607769101858 ], [ 360492.853661962144542, 5714654.388054458424449 ], [ 360400.893482191488147, 5714595.425306113436818 ], [ 360387.745022824557964, 5714587.174190521240234 ], [ 360381.739961739571299, 5714580.673755467869341 ], [ 360371.7886442753952, 5714569.396713510155678 ], [ 360346.679497204953805, 5714593.992283548228443 ], [ 360350.400039199390449, 5714617.760053469799459 ], [ 360350.9197860135464, 5714660.278265207074583 ], [ 360348.096615797956474, 5714698.014388872310519 ], [ 360346.603602165239863, 5714708.516180185601115 ], [ 360345.623180490336381, 5714723.021179093047976 ], [ 360342.186915067955852, 5714732.719644984230399 ], [ 360334.069151945994236, 5714755.500539655797184 ], [ 360321.91704056126764, 5714776.089085595682263 ], [ 360304.780322245438583, 5714802.279099747538567 ], [ 360277.172103205928579, 5714835.034300341270864 ], [ 360270.609006500802934, 5714840.234162387438118 ], [ 360265.767521442263387, 5714832.666845626197755 ], [ 360242.807098478078842, 5714843.571528584696352 ], [ 360220.075677805813029, 5714851.20939289778471 ], [ 360203.502342992112972, 5714856.062300944700837 ], [ 360180.331366424099542, 5714856.312111827544868 ], [ 360144.127780118898954, 5714859.536880589090288 ], [ 360128.091493370709941, 5714856.707769024185836 ], [ 360028.66760058287764, 5714852.731631226837635 ], [ 360028.085384253878146, 5714841.697231574915349 ], [ 360027.930403907084838, 5714795.663403309881687 ], [ 360031.033599498798139, 5714761.124224207364023 ], [ 359855.668945704994258, 5714758.58185921702534 ], [ 359825.685145940398797, 5714753.257180619053543 ], [ 359803.447356751654297, 5714749.153930102474988 ], [ 359801.304514890536666, 5714754.677260292693973 ], [ 359795.199168935185298, 5714754.601354919373989 ], [ 359790.282023625448346, 5714752.600751966238022 ], [ 359781.867970501538366, 5714758.820648539811373 ], [ 359763.467753424192779, 5714833.489526426419616 ], [ 359756.968945315631572, 5714836.985650699585676 ], [ 359750.977643857942894, 5714837.518709035590291 ], [ 359749.988487712398637, 5714837.612856982275844 ], [ 359721.460014638199937, 5714832.738179583102465 ], [ 359657.391580625320785, 5714835.524897456169128 ], [ 359400.889379156811628, 5714769.944492360576987 ], [ 359345.671955000027083, 5714755.819131656549871 ], [ 359331.455471743713133, 5714753.620826841332018 ], [ 359307.652865172130987, 5714743.386879871599376 ], [ 359283.22283116937615, 5714730.0433682911098 ], [ 359260.151591295725666, 5714712.188591975718737 ], [ 359242.460570720955729, 5714690.278379073366523 ], [ 359232.968311511503998, 5714666.404429140500724 ], [ 359218.511689643957652, 5714671.301925362087786 ], [ 359249.216661069076508, 5714740.246669730171561 ], [ 359279.731723090866581, 5714798.135161466896534 ], [ 359323.721438786596991, 5714872.754138864576817 ], [ 359313.281984910368919, 5714879.687656979076564 ], [ 359321.068160621682182, 5714896.842998194508255 ], [ 359324.847778437077068, 5714901.334116904996336 ], [ 359338.2729725089157, 5714899.525852142833173 ], [ 359372.289298721123487, 5714951.196987730450928 ], [ 359436.735174236469902, 5715073.813672817312181 ], [ 359443.205942704109475, 5715085.574986723251641 ], [ 359455.089449652994517, 5715108.960057212971151 ], [ 359473.241629807336722, 5715140.829213649965823 ], [ 359505.11138816375751, 5715192.471636038273573 ], [ 359533.320303470827639, 5715237.160297055728734 ], [ 359568.309917315840721, 5715287.815171787515283 ], [ 359590.74195957777556, 5715319.020777821540833 ], [ 359638.04399038979318, 5715372.840335052460432 ], [ 359655.18359412899008, 5715409.033689992502332 ], [ 359722.60534712363733, 5715525.862215896137059 ], [ 359731.348588354187086, 5715541.600545992143452 ], [ 359765.719147112045903, 5715580.054759970866144 ], [ 359768.685816395096481, 5715583.767431319691241 ], [ 359781.350932041183114, 5715611.68305500689894 ], [ 359786.980679471627809, 5715621.420400803908706 ], [ 359801.634586128173396, 5715646.788257696665823 ], [ 359802.275418127886951, 5715647.894493193365633 ], [ 359810.475949691783171, 5715662.078854892402887 ], [ 359829.486367550329305, 5715694.537440408021212 ], [ 359832.6170185218798, 5715700.170823611319065 ], [ 359828.095406653941609, 5715711.680305795744061 ], [ 359852.040808461257257, 5715746.829032443463802 ], [ 359845.552978184539825, 5715751.682461930438876 ], [ 359822.388979473500513, 5715765.32138723321259 ], [ 359836.140477252774872, 5715786.162772003561258 ], [ 359838.849658828054089, 5715791.351553701795638 ], [ 359842.18967397743836, 5715796.033232264220715 ], [ 359849.117255195393227, 5715817.853574069216847 ], [ 359872.183663540810812, 5715857.845296983607113 ], [ 359887.686754116031807, 5715883.367927107028663 ], [ 359892.177188658388332, 5715881.763645092956722 ], [ 360041.82460196322063, 5716134.425780600868165 ], [ 360067.671193550690077, 5716172.004496070556343 ], [ 360063.688845841446891, 5716179.192182400263846 ], [ 360092.791249055298977, 5716219.941682238131762 ], [ 360132.54494512634119, 5716275.075543435290456 ], [ 360159.960205648792908, 5716307.492294579744339 ], [ 360170.626865466707386, 5716319.661603801883757 ], [ 360181.66592187108472, 5716331.509058022871614 ], [ 360192.92802716512233, 5716343.150066125206649 ], [ 360204.303867601440288, 5716354.643288771621883 ], [ 360215.485849711112678, 5716365.897060598246753 ], [ 360226.782489649311174, 5716377.036406910046935 ], [ 360238.294331269571558, 5716387.936141641810536 ], [ 360250.155637842253782, 5716398.436764081008732 ], [ 360262.249733551288955, 5716408.330056454055011 ], [ 360274.652035782346502, 5716417.836507650092244 ], [ 360287.288792473555077, 5716427.047181564383209 ], [ 360300.071782147046179, 5716436.031283738091588 ], [ 360365.207001230446622, 5716481.230200057849288 ], [ 360384.644464133598376, 5716494.704956695437431 ], [ 360392.27706250990741, 5716500.715316135436296 ], [ 360393.929795423697215, 5716506.345230220817029 ], [ 360394.51687409542501, 5716510.79152664821595 ], [ 360394.93707386078313, 5716513.962659751065075 ], [ 360404.178655223047826, 5716519.238724062219262 ], [ 360411.297758221393451, 5716521.713311429135501 ], [ 360448.079001553007402, 5716542.400000565685332 ], [ 360511.808237587916665, 5716573.150295827537775 ], [ 360561.262524778954685, 5716593.099242232739925 ] ] ] ] } },
{ "type": "Feature", "properties": { "full_id": "r16901318", "osm_id": "16901318", "osm_type": "relation", "boundary": "administrative", "note:de": null, "name:es": null, "name:de": null, "ref:nuts:2": null, "ref:nuts": null, "population": null, "name:sr": null, "name:ru": null, "name:la": null, "name:ksh": null, "name:ja": null, "name:ar": null, "de:place": null, "ref:nuts:3": null, "license_plate_code": null, "admin_centre:postal_code": null, "wikipedia": null, "wikidata": null, "website": null, "opendata_portal": null, "name:prefix": null, "de:regionalschluessel": null, "de:amtlicher_gemeindeschluessel": null, "admin_title:de": null, "admin_title": null, "TMC:cid_58:tabcd_1:LocationCode": null, "TMC:cid_58:tabcd_1:LCLversion": null, "TMC:cid_58:tabcd_1:Class": null, "type": "boundary", "name": "Mitte", "admin_level": "9" }, "geometry": { "type": "MultiPolygon", "coordinates": [ [ [ [ 362344.347314588609152, 5716921.654080587439239 ], [ 362385.191573751624674, 5716905.29830711055547 ], [ 362389.022851404268295, 5716901.132400271482766 ], [ 362389.417658203979954, 5716897.293573632836342 ], [ 362389.67915080365492, 5716894.671342694200575 ], [ 362389.739938727929257, 5716894.102153047919273 ], [ 362393.571531254448928, 5716889.947369898669422 ], [ 362393.489430726971477, 5716887.946526626124978 ], [ 362395.509292422269937, 5716879.111496997997165 ], [ 362398.457484480401035, 5716877.907437526620924 ], [ 362400.007942028110847, 5716873.992697105742991 ], [ 362401.383542236231733, 5716871.551629580557346 ], [ 362426.054852050030604, 5716827.88199748005718 ], [ 362419.807131970708724, 5716814.809192233718932 ], [ 362438.86449851479847, 5716737.740695236250758 ], [ 362455.856671510613523, 5716641.020389541983604 ], [ 362434.946339494432323, 5716626.67658721562475 ], [ 362404.097129863628652, 5716619.068367055617273 ], [ 362354.850969088613056, 5716610.279957731254399 ], [ 362319.331388425664045, 5716611.690608580596745 ], [ 362328.200560714816675, 5716565.612477769143879 ], [ 362356.802655266248621, 5716533.887544590048492 ], [ 362407.967473423457704, 5716544.626950110308826 ], [ 362418.381578414060641, 5716532.670565572567284 ], [ 362483.848719315719791, 5716549.031426315195858 ], [ 362499.933346380246803, 5716554.158787391148508 ], [ 362542.116391789983027, 5716560.692121955566108 ], [ 362549.905695600667968, 5716564.153006917797029 ], [ 362553.681598108494654, 5716547.458429662510753 ], [ 362603.006831526290625, 5716247.373410091735423 ], [ 362578.815606288786512, 5716245.025104427710176 ], [ 362547.796429132926278, 5716246.300808059982955 ], [ 362509.771870772005059, 5716255.133708679117262 ], [ 362402.912977171537932, 5716264.156088276766241 ], [ 362342.331268677371554, 5716256.777306761592627 ], [ 362344.813917930645403, 5716192.511349950917065 ], [ 362345.430908429436386, 5716176.43661617487669 ], [ 362345.609727081842721, 5716171.79130488820374 ], [ 362346.014694803976454, 5716156.078435960225761 ], [ 362346.518245674378704, 5716148.074717372655869 ], [ 362561.656653315585572, 5716056.990793293341994 ], [ 362592.357331655046437, 5716046.487497720867395 ], [ 362617.678630889684428, 5716034.227378782816231 ], [ 362672.203952591749839, 5716025.292955597862601 ], [ 362685.746386455546599, 5716016.134582322090864 ], [ 362693.267981641110964, 5716002.020506154745817 ], [ 362699.291850252717268, 5715986.622791329398751 ], [ 362701.705411509727128, 5715970.532844703644514 ], [ 362651.47650593961589, 5715951.530053243972361 ], [ 362621.549577292404138, 5715931.531971342861652 ], [ 362552.096987346652895, 5715868.216191371902823 ], [ 362462.735683218052145, 5715786.512791505083442 ], [ 362481.974143575178459, 5715578.483724614605308 ], [ 362404.532516561099328, 5715563.11527075432241 ], [ 362352.441171350888908, 5715552.066810695454478 ], [ 362307.010840690985788, 5715537.610658849589527 ], [ 362293.483066498884, 5715533.304520764388144 ], [ 362284.593662606086582, 5715530.252220991067588 ], [ 362230.382397270645015, 5715511.650941462256014 ], [ 362243.339732330758125, 5715473.807762957178056 ], [ 362195.809149955923203, 5715456.872447786852717 ], [ 362179.689682811207604, 5715453.916837311349809 ], [ 362177.018172242445871, 5715452.576233961619437 ], [ 362148.601609878998715, 5715438.315187538973987 ], [ 362125.897340122610331, 5715429.351647108793259 ], [ 362052.043830065871589, 5715391.055728895589709 ], [ 361970.84999151842203, 5715352.159583843313158 ], [ 361889.907366929168347, 5715311.588606404140592 ], [ 361860.79349147080211, 5715295.467445712536573 ], [ 361847.329954124696087, 5715288.979572749696672 ], [ 361845.279640009917784, 5715291.862046809867024 ], [ 361525.479319543985184, 5715113.560221204534173 ], [ 361523.903072650835384, 5715108.918311175890267 ], [ 361520.816450352198444, 5715108.134667251259089 ], [ 361514.291550944151822, 5715110.193674526177347 ], [ 361507.997942740679719, 5715105.49152606446296 ], [ 361505.111609148327261, 5715105.692830443382263 ], [ 361503.455707882414572, 5715099.406123413704336 ], [ 361500.445483980583958, 5715098.119632338173687 ], [ 361468.568963427853305, 5715084.535477431491017 ], [ 361431.058355812798254, 5715068.568353628739715 ], [ 361416.302033571060747, 5715062.272726647555828 ], [ 361383.433915730332956, 5715051.498271561227739 ], [ 361380.499717451864854, 5715054.260453185066581 ], [ 361360.981122182158288, 5715049.564200247637928 ], [ 361357.155735441134311, 5715042.313094732351601 ], [ 361297.169628767063841, 5715029.187616342678666 ], [ 361292.198785058804788, 5715036.590445818379521 ], [ 361267.138254623161629, 5715031.86820968426764 ], [ 361254.635804067715071, 5715022.039310321211815 ], [ 361198.834298913483508, 5715012.328050996176898 ], [ 361189.790133491391316, 5715015.079670660197735 ], [ 361183.20452876802301, 5715015.682963490486145 ], [ 361176.859703246329445, 5715013.430830574594438 ], [ 361055.451026540482417, 5714997.85166135057807 ], [ 361054.035356547217816, 5714987.196201361715794 ], [ 361026.825052705593407, 5714977.693278436549008 ], [ 361029.193831091746688, 5714970.250257248990238 ], [ 361008.961783267557621, 5714968.646304908208549 ], [ 361000.956982097006403, 5714970.101126977242529 ], [ 360926.62321306404192, 5714931.822992220520973 ], [ 360827.474747180123813, 5714887.76184584852308 ], [ 360763.076136564952321, 5714846.186237948946655 ], [ 360743.688694872311316, 5714831.428703436627984 ], [ 360726.054461645544507, 5714815.866325938142836 ], [ 360697.408708487346303, 5714792.805757210589945 ], [ 360672.782800281944219, 5714774.954147041775286 ], [ 360651.010413141688332, 5714754.698360241018236 ], [ 360629.621303801774047, 5714727.454662083648145 ], [ 360597.124015701585449, 5714687.451962203718722 ], [ 360582.493550864863209, 5714666.655001412145793 ], [ 360565.077251995797269, 5714628.552288291044533 ], [ 360544.600279226433486, 5714637.261689659208059 ], [ 360528.967954758205451, 5714648.61992041580379 ], [ 360517.213001799478661, 5714652.682576796039939 ], [ 360508.835177944623865, 5714663.529607769101858 ], [ 360492.853661962144542, 5714654.388054458424449 ], [ 360400.893482191488147, 5714595.425306113436818 ], [ 360387.745022824557964, 5714587.174190521240234 ], [ 360381.739961739571299, 5714580.673755467869341 ], [ 360371.7886442753952, 5714569.396713510155678 ], [ 360346.679497204953805, 5714593.992283548228443 ], [ 360350.400039199390449, 5714617.760053469799459 ], [ 360350.9197860135464, 5714660.278265207074583 ], [ 360348.096615797956474, 5714698.014388872310519 ], [ 360346.603602165239863, 5714708.516180185601115 ], [ 360345.623180490336381, 5714723.021179093047976 ], [ 360342.186915067955852, 5714732.719644984230399 ], [ 360334.069151945994236, 5714755.500539655797184 ], [ 360321.91704056126764, 5714776.089085595682263 ], [ 360304.780322245438583, 5714802.279099747538567 ], [ 360277.172103205928579, 5714835.034300341270864 ], [ 360270.609006500802934, 5714840.234162387438118 ], [ 360265.767521442263387, 5714832.666845626197755 ], [ 360242.807098478078842, 5714843.571528584696352 ], [ 360220.075677805813029, 5714851.20939289778471 ], [ 360203.502342992112972, 5714856.062300944700837 ], [ 360180.331366424099542, 5714856.312111827544868 ], [ 360144.127780118898954, 5714859.536880589090288 ], [ 360128.091493370709941, 5714856.707769024185836 ], [ 360028.66760058287764, 5714852.731631226837635 ], [ 360028.085384253878146, 5714841.697231574915349 ], [ 360027.930403907084838, 5714795.663403309881687 ], [ 360031.033599498798139, 5714761.124224207364023 ], [ 359855.668945704994258, 5714758.58185921702534 ], [ 359825.685145940398797, 5714753.257180619053543 ], [ 359803.447356751654297, 5714749.153930102474988 ], [ 359801.304514890536666, 5714754.677260292693973 ], [ 359795.199168935185298, 5714754.601354919373989 ], [ 359790.282023625448346, 5714752.600751966238022 ], [ 359781.867970501538366, 5714758.820648539811373 ], [ 359763.467753424192779, 5714833.489526426419616 ], [ 359756.968945315631572, 5714836.985650699585676 ], [ 359750.977643857942894, 5714837.518709035590291 ], [ 359749.988487712398637, 5714837.612856982275844 ], [ 359721.460014638199937, 5714832.738179583102465 ], [ 359657.391580625320785, 5714835.524897456169128 ], [ 359400.889379156811628, 5714769.944492360576987 ], [ 359345.671955000027083, 5714755.819131656549871 ], [ 359331.455471743713133, 5714753.620826841332018 ], [ 359307.652865172130987, 5714743.386879871599376 ], [ 359283.22283116937615, 5714730.0433682911098 ], [ 359260.151591295725666, 5714712.188591975718737 ], [ 359242.460570720955729, 5714690.278379073366523 ], [ 359232.968311511503998, 5714666.404429140500724 ], [ 359218.511689643957652, 5714671.301925362087786 ], [ 359249.216661069076508, 5714740.246669730171561 ], [ 359279.731723090866581, 5714798.135161466896534 ], [ 359323.721438786596991, 5714872.754138864576817 ], [ 359313.281984910368919, 5714879.687656979076564 ], [ 359321.068160621682182, 5714896.842998194508255 ], [ 359324.847778437077068, 5714901.334116904996336 ], [ 359338.2729725089157, 5714899.525852142833173 ], [ 359372.289298721123487, 5714951.196987730450928 ], [ 359436.735174236469902, 5715073.813672817312181 ], [ 359443.205942704109475, 5715085.574986723251641 ], [ 359455.089449652994517, 5715108.960057212971151 ], [ 359473.241629807336722, 5715140.829213649965823 ], [ 359505.11138816375751, 5715192.471636038273573 ], [ 359533.320303470827639, 5715237.160297055728734 ], [ 359568.309917315840721, 5715287.815171787515283 ], [ 359590.74195957777556, 5715319.020777821540833 ], [ 359638.04399038979318, 5715372.840335052460432 ], [ 359655.18359412899008, 5715409.033689992502332 ], [ 359722.60534712363733, 5715525.862215896137059 ], [ 359731.348588354187086, 5715541.600545992143452 ], [ 359765.719147112045903, 5715580.054759970866144 ], [ 359768.685816395096481, 5715583.767431319691241 ], [ 359781.350932041183114, 5715611.68305500689894 ], [ 359786.980679471627809, 5715621.420400803908706 ], [ 359801.634586128173396, 5715646.788257696665823 ], [ 359802.275418127886951, 5715647.894493193365633 ], [ 359810.475949691783171, 5715662.078854892402887 ], [ 359829.486367550329305, 5715694.537440408021212 ], [ 359832.6170185218798, 5715700.170823611319065 ], [ 359828.095406653941609, 5715711.680305795744061 ], [ 359852.040808461257257, 5715746.829032443463802 ], [ 359845.552978184539825, 5715751.682461930438876 ], [ 359822.388979473500513, 5715765.32138723321259 ], [ 359836.140477252774872, 5715786.162772003561258 ], [ 359838.849658828054089, 5715791.351553701795638 ], [ 359842.18967397743836, 5715796.033232264220715 ], [ 359849.117255195393227, 5715817.853574069216847 ], [ 359872.183663540810812, 5715857.845296983607113 ], [ 359887.686754116031807, 5715883.367927107028663 ], [ 359892.177188658388332, 5715881.763645092956722 ], [ 360041.82460196322063, 5716134.425780600868165 ], [ 360067.671193550690077, 5716172.004496070556343 ], [ 360063.688845841446891, 5716179.192182400263846 ], [ 360092.791249055298977, 5716219.941682238131762 ], [ 360132.54494512634119, 5716275.075543435290456 ], [ 360159.960205648792908, 5716307.492294579744339 ], [ 360170.626865466707386, 5716319.661603801883757 ], [ 360181.66592187108472, 5716331.509058022871614 ], [ 360192.92802716512233, 5716343.150066125206649 ], [ 360204.303867601440288, 5716354.643288771621883 ], [ 360215.485849711112678, 5716365.897060598246753 ], [ 360226.782489649311174, 5716377.036406910046935 ], [ 360238.294331269571558, 5716387.936141641810536 ], [ 360250.155637842253782, 5716398.436764081008732 ], [ 360262.249733551288955, 5716408.330056454055011 ], [ 360274.652035782346502, 5716417.836507650092244 ], [ 360287.288792473555077, 5716427.047181564383209 ], [ 360300.071782147046179, 5716436.031283738091588 ], [ 360365.207001230446622, 5716481.230200057849288 ], [ 360384.644464133598376, 5716494.704956695437431 ], [ 360392.27706250990741, 5716500.715316135436296 ], [ 360393.929795423697215, 5716506.345230220817029 ], [ 360394.51687409542501, 5716510.79152664821595 ], [ 360394.93707386078313, 5716513.962659751065075 ], [ 360404.178655223047826, 5716519.238724062219262 ], [ 360411.297758221393451, 5716521.713311429135501 ], [ 360448.079001553007402, 5716542.400000565685332 ], [ 360511.808237587916665, 5716573.150295827537775 ], [ 360561.262524778954685, 5716593.099242232739925 ], [ 360572.260311077756342, 5716597.45923332683742 ], [ 360623.163374371884856, 5716610.869915715418756 ], [ 361028.437234209966846, 5716742.965129635296762 ], [ 361731.393854206951801, 5716929.373315987177193 ], [ 361864.646343308733776, 5716969.236885716207325 ], [ 362001.040314640908036, 5716978.70495184045285 ], [ 362163.265787230688147, 5716966.374357962049544 ], [ 362301.28821312286891, 5716938.893909166567028 ], [ 362344.347314588609152, 5716921.654080587439239 ] ] ] ] } },
{ "type": "Feature", "properties": { "full_id": "r16901342", "osm_id": "16901342", "osm_type": "relation", "boundary": "administrative", "note:de": null, "name:es": null, "name:de": null, "ref:nuts:2": null, "ref:nuts": null, "population": null, "name:sr": null, "name:ru": null, "name:la": null, "name:ksh": null, "name:ja": null, "name:ar": null, "de:place": null, "ref:nuts:3": null, "license_plate_code": null, "admin_centre:postal_code": null, "wikipedia": null, "wikidata": null, "website": null, "opendata_portal": null, "name:prefix": null, "de:regionalschluessel": null, "de:amtlicher_gemeindeschluessel": null, "admin_title:de": null, "admin_title": null, "TMC:cid_58:tabcd_1:LocationCode": null, "TMC:cid_58:tabcd_1:LCLversion": null, "TMC:cid_58:tabcd_1:Class": null, "type": "boundary", "name": "Rentfort", "admin_level": "9" }, "geometry": { "type": "MultiPolygon", "coordinates": [ [ [ [ 360561.262524778954685, 5716593.099242232739925 ], [ 360572.260311077756342, 5716597.45923332683742 ], [ 360567.87359030044172, 5716613.137457560747862 ], [ 360559.487931877665687, 5716612.244374579750001 ], [ 360485.984074949054047, 5716933.797751084901392 ], [ 360480.075843440950848, 5716959.900782271288335 ], [ 360455.574786059558392, 5716947.255235530436039 ], [ 360445.93704587809043, 5716947.698888265527785 ], [ 360447.697504583396949, 5716964.287302155978978 ], [ 360444.596749157411978, 5716969.246987951919436 ], [ 360441.182799673755653, 5716976.173902994953096 ], [ 360431.304001576383598, 5716983.212232787162066 ], [ 360421.507987151271664, 5716985.707920311018825 ], [ 360331.708177107677329, 5716957.146897523663938 ], [ 360329.848349974839948, 5716955.317496770061553 ], [ 360310.350272171781398, 5716993.36915345210582 ], [ 360290.252233907696791, 5716982.528145007789135 ], [ 360286.23393978679087, 5716980.357690518721938 ], [ 360283.124062110378873, 5716984.227151355706155 ], [ 360279.879942152532749, 5716988.256115968339145 ], [ 360263.365665255812928, 5717012.326275311410427 ], [ 360210.805777441593818, 5717073.147026831284165 ], [ 360174.464369480847381, 5717103.440400399267673 ], [ 360133.772050123661757, 5717126.531738735735416 ], [ 360120.255541859252844, 5717119.805184564553201 ], [ 360049.156006789417006, 5717145.050469762645662 ], [ 360030.920335962320678, 5717149.171261003240943 ], [ 360003.148174739792012, 5717153.62254932615906 ], [ 359977.627333497977816, 5717157.010175809264183 ], [ 359952.459580787457526, 5717156.871581167913973 ], [ 359938.23879131488502, 5717157.020100179128349 ], [ 359885.498295479570515, 5717152.503269491717219 ], [ 359875.654552300984506, 5717150.750294853933156 ], [ 359851.797040527046192, 5717146.358259173110127 ], [ 359845.328691806527786, 5717143.833083562552929 ], [ 359800.941066686413251, 5717144.817077798768878 ], [ 359772.488951702136546, 5717148.743169884197414 ], [ 359759.687066736631095, 5717149.064334613271058 ], [ 359729.320845023496076, 5717161.467927084304392 ], [ 359463.798441116232425, 5717246.251393644139171 ], [ 359447.718000667635351, 5717251.572019834071398 ], [ 359431.797255354933441, 5717257.400175534188747 ], [ 359416.179376376792789, 5717263.898811601102352 ], [ 359400.975063797493931, 5717271.309678328223526 ], [ 359390.539055330038536, 5717277.185982543043792 ], [ 359380.430524652241729, 5717283.620767654851079 ], [ 359370.69041685690172, 5717290.590637600049376 ], [ 359361.381074357661419, 5717298.093858700245619 ], [ 359352.352581715793349, 5717306.223621007055044 ], [ 359343.753621894924436, 5717314.842250752262771 ], [ 359335.730273986409884, 5717323.967944459058344 ], [ 359328.401218095619697, 5717333.630787568166852 ], [ 359321.544540509814397, 5717344.326596828177571 ], [ 359315.45680253917817, 5717355.501833629794419 ], [ 359310.100587075517979, 5717367.057378281839192 ], [ 359305.41738761542365, 5717378.883569080382586 ], [ 359262.030073742964305, 5717497.083412778563797 ], [ 359242.65973283094354, 5717552.830448403023183 ], [ 359228.110718659474514, 5717593.241970350034535 ], [ 359136.89082108065486, 5717835.176041445694864 ], [ 359132.192295546527021, 5717845.42261522449553 ], [ 359085.134348964667879, 5717968.144608682021499 ], [ 359062.874664792208932, 5718026.766243260353804 ], [ 359051.390006652101874, 5718058.635423770174384 ], [ 359030.138998169801198, 5718117.607531250454485 ], [ 358996.04177532606991, 5718203.813035802915692 ], [ 358993.485094614850823, 5718212.052612594328821 ], [ 358971.038872287899721, 5718284.045361558906734 ], [ 358953.459040810004808, 5718335.159007301554084 ], [ 358927.227014395117294, 5718420.723074696026742 ], [ 358924.112039509695023, 5718427.075276657938957 ], [ 358922.951368222478777, 5718429.444625870324671 ], [ 358925.320560801075771, 5718433.384871701709926 ], [ 358804.768771642120555, 5718448.987838469445705 ], [ 358787.720010467397515, 5718419.193746293894947 ], [ 358771.290493648732081, 5718406.631717763841152 ], [ 358758.677958899876103, 5718389.289221623912454 ], [ 358740.661581145017408, 5718386.676001940853894 ], [ 358730.84978758537909, 5718372.593978549353778 ], [ 358720.546694881282747, 5718363.756117996759713 ], [ 358701.397914577042684, 5718335.478746062144637 ], [ 358693.397977673390415, 5718314.557772800326347 ], [ 358661.530398785253055, 5718280.058633897453547 ], [ 358643.272802999126725, 5718271.554325999692082 ], [ 358640.152024184935726, 5718259.077306916005909 ], [ 358580.817817308416124, 5718151.685644131153822 ], [ 358564.090777633129619, 5718148.369273581542075 ], [ 358560.401670629740693, 5718145.82374906912446 ], [ 358553.214476081775501, 5718140.872041566297412 ], [ 358534.844631076441146, 5718128.376066707074642 ], [ 358523.695690691354685, 5718116.334918534383178 ], [ 358508.128073909203522, 5718109.870314200408757 ], [ 358497.296305305091664, 5718101.492791198194027 ], [ 358489.790354116761591, 5718095.804462892003357 ], [ 358464.020674109982792, 5718096.302364541217685 ], [ 358453.309220143069979, 5718094.710013804957271 ], [ 358370.697279505431652, 5718064.970358113758266 ], [ 358338.344450930482708, 5718050.418015509843826 ], [ 358336.799498820328154, 5717980.35099973063916 ], [ 358328.161512122373097, 5717931.749265627935529 ], [ 358324.271446824772283, 5717901.477027707733214 ], [ 358304.86541388661135, 5717886.92977536842227 ], [ 358285.28572920395527, 5717870.640261487103999 ], [ 358283.372586474113632, 5717856.771922647021711 ], [ 358267.728603315073997, 5717830.289769169874489 ], [ 358252.344040587136988, 5717810.35514865629375 ], [ 358239.361083667725325, 5717799.701356899924576 ], [ 358199.602503217407502, 5717750.969759800471365 ], [ 358182.583426137047354, 5717739.761437657289207 ], [ 358159.44143055472523, 5717707.691617291420698 ], [ 358147.589456916088238, 5717692.888763852417469 ], [ 358132.888191467907745, 5717690.195822197012603 ], [ 358121.176716540358029, 5717680.163269094191492 ], [ 358105.558374086685944, 5717669.483493384905159 ], [ 358065.964597423560917, 5717639.321916261687875 ], [ 358039.920172076963354, 5717624.917203231714666 ], [ 358030.6041637994349, 5717616.275527633726597 ], [ 358021.160863492870703, 5717596.174943909049034 ], [ 358009.882711418205872, 5717579.364267375320196 ], [ 358014.648911127820611, 5717566.655240715481341 ], [ 358011.685688233701512, 5717559.61601800378412 ], [ 357998.516932333237492, 5717544.850410992279649 ], [ 357982.779123205458745, 5717532.16005274746567 ], [ 357942.721173148835078, 5717475.637506234459579 ], [ 357937.628290942404419, 5717447.302215063013136 ], [ 357933.073654203675687, 5717432.962782614864409 ], [ 357921.488701683934778, 5717425.4978162124753 ], [ 357895.612622593645938, 5717424.554715741425753 ], [ 357853.722029653377831, 5717403.807193323038518 ], [ 357846.240309765446, 5717398.797912208363414 ], [ 357833.224568657286, 5717372.23203373234719 ], [ 357785.652479585143737, 5717341.740074544213712 ], [ 357751.394539623928722, 5717296.863489574752748 ], [ 357739.036450809217058, 5717286.08203914295882 ], [ 357571.962336917524226, 5717216.105616801418364 ], [ 357539.978975936130155, 5717217.183434649370611 ], [ 357533.724935558857396, 5717217.39278359990567 ], [ 357491.366982084349729, 5717218.829596361145377 ], [ 357402.36602861888241, 5717243.581549615599215 ], [ 357337.492697812558617, 5717255.869946083985269 ], [ 357309.46021154965274, 5717258.151101235300303 ], [ 357287.355264646117575, 5717259.953734562732279 ], [ 357251.419474723166786, 5717271.316426984034479 ], [ 357231.406449840869755, 5717284.122266246937215 ], [ 357212.332376103673596, 5717286.218149172142148 ], [ 357204.038207424047869, 5717294.464727700687945 ], [ 357198.412643310672138, 5717286.721999899484217 ], [ 357149.173905831237789, 5717280.877270607277751 ], [ 357147.63103808258893, 5717225.944946619682014 ], [ 357058.851215289323591, 5717196.844879005104303 ], [ 356986.297760356334038, 5717170.637742455117404 ], [ 356951.870464055449702, 5717136.999869991093874 ], [ 356932.426927064196207, 5717122.84814163018018 ], [ 356890.699859137530439, 5717092.432797375135124 ], [ 356889.10008440510137, 5717091.264978522434831 ], [ 356863.40594783553388, 5717086.293312206864357 ], [ 356860.979920558398589, 5717085.816582574509084 ], [ 356846.996482968796045, 5717083.106968358159065 ], [ 356844.725699355709367, 5717082.236351514235139 ], [ 356809.367867849592585, 5717068.701944944448769 ], [ 356781.817245309357531, 5717057.907202555797994 ], [ 356755.045185182592832, 5717035.182817069813609 ], [ 356713.839431922941003, 5717014.436119610443711 ], [ 356663.007411636062898, 5716986.717395751737058 ], [ 356614.382113961211871, 5716946.361169854179025 ], [ 356601.473115659726318, 5716938.279979626648128 ], [ 356577.397407791169826, 5716900.901433398015797 ], [ 356553.120394620811567, 5716856.183703627437353 ], [ 356524.01835700799711, 5716793.140147168189287 ], [ 356517.386599893681705, 5716776.857463692314923 ], [ 356520.783260560187045, 5716686.295472455210984 ], [ 356529.864069311530329, 5716563.866625770926476 ], [ 356539.505071581108496, 5716525.076871369965374 ], [ 356554.800081890425645, 5716494.718405042774975 ], [ 356584.68399325851351, 5716448.466760449111462 ], [ 356629.597178074531257, 5716381.769234811887145 ], [ 356676.891229315137025, 5716308.995274451561272 ], [ 356723.665011849603616, 5716231.996494926512241 ], [ 356737.10647217737278, 5716204.918450823053718 ], [ 356748.976555620727595, 5716171.307809971272945 ], [ 356758.540329809766263, 5716129.204432490281761 ], [ 356764.648961999861058, 5716085.306902833282948 ], [ 356764.350881110643968, 5716045.585765766911209 ], [ 356761.32994715240784, 5716004.71746714040637 ], [ 356753.162512091279496, 5715966.009007334709167 ], [ 356714.343009324860759, 5715811.983552038669586 ], [ 356660.856487425393425, 5715605.077808146364987 ], [ 356647.454257050878368, 5715551.004144478589296 ], [ 356620.392387607833371, 5715441.873727384954691 ], [ 356521.688411117182113, 5715205.322271045297384 ], [ 356419.278436720313039, 5715186.0771410362795 ], [ 356368.420745829003863, 5715155.690370261669159 ], [ 356318.03040902200155, 5715193.165118254721165 ], [ 356295.408624411153141, 5715207.383765294216573 ], [ 356246.379316157195717, 5715221.906545571982861 ], [ 356210.816625350795221, 5715251.516607570461929 ], [ 356196.395710239477921, 5715278.301077650859952 ], [ 356183.394797755754553, 5715308.929231114685535 ], [ 356166.947791323531419, 5715328.092459466308355 ], [ 356137.971799259190448, 5715347.834067714400589 ], [ 356012.351724071893841, 5715253.702951170504093 ], [ 355989.662089339573868, 5715265.254032647237182 ], [ 355908.405839770333841, 5715221.724742500111461 ], [ 355954.25609015696682, 5715080.765779729001224 ], [ 356145.680736013804562, 5714906.081082307733595 ], [ 356150.651013429742306, 5714897.927268042229116 ], [ 356145.248634531686548, 5714824.408188642933965 ], [ 356144.537392273545265, 5714814.746352109126747 ], [ 356054.116737698961515, 5714837.012028942815959 ], [ 355975.873872277035844, 5714704.487952630966902 ], [ 355983.556306654820219, 5714528.423764682374895 ], [ 356024.091297656297684, 5714524.512070005759597 ], [ 356064.258702490362339, 5714503.016557314433157 ], [ 356090.534348168061115, 5714497.930131101049483 ], [ 356108.930347435874864, 5714510.428436392918229 ], [ 356136.617507382819895, 5714508.640800688415766 ], [ 356162.966216297703795, 5714520.791125954128802 ], [ 356177.099026315729134, 5714527.523555621504784 ], [ 356190.927736291079782, 5714526.229689775034785 ], [ 356249.461455317330547, 5714499.306751331314445 ], [ 356271.084893065970391, 5714493.796794560737908 ], [ 356295.55290992022492, 5714493.447909627109766 ], [ 356313.159789469093084, 5714488.163318246603012 ], [ 356337.97101847990416, 5714495.027461498975754 ], [ 356359.796232601860538, 5714494.186238569207489 ], [ 356385.142902584164403, 5714500.367707758210599 ], [ 356437.651247687987052, 5714505.557212929241359 ], [ 356474.827395884203725, 5714507.94299453496933 ], [ 356504.517555367841851, 5714506.100645850412548 ], [ 356525.310416152933612, 5714502.852174455299973 ], [ 356547.396041070926003, 5714492.099824275821447 ], [ 356550.142958405194804, 5714510.484616753645241 ], [ 356557.629992155299988, 5714507.156652679666877 ], [ 356587.811031387769617, 5714493.738162249326706 ], [ 356601.126849198946729, 5714479.216766361147165 ], [ 356609.886315981624648, 5714460.061234386637807 ], [ 356620.4317312897183, 5714425.820303947664797 ], [ 356636.999717574683018, 5714394.091054181568325 ], [ 356657.255442495807074, 5714362.023863340727985 ], [ 356679.022104697476607, 5714322.791668522171676 ], [ 356710.687821722123772, 5714255.35779963247478 ], [ 356732.114866357296705, 5714196.226244186982512 ], [ 356745.427591221116018, 5714166.581481507979333 ], [ 356764.09879656881094, 5714137.786908996291459 ], [ 356775.782603977480903, 5714114.309057747945189 ], [ 356790.335020969738252, 5714067.391070993617177 ], [ 356803.790354548254982, 5714040.313196387141943 ], [ 356829.543650160776451, 5713989.617903053760529 ], [ 356844.568433688138612, 5713952.023741350509226 ], [ 356859.429753756616265, 5713923.125750165432692 ], [ 356875.286146675527561, 5713895.06775117944926 ], [ 356899.400986913009547, 5713869.581083441153169 ], [ 356924.863480374915525, 5713845.380815085023642 ], [ 356955.717170004034415, 5713822.931547406129539 ], [ 356973.419621036620811, 5713823.144253810867667 ], [ 356973.151878061355092, 5713830.619142261333764 ], [ 356989.145433017285541, 5713874.76044038683176 ], [ 357008.012081763357855, 5713926.822236399166286 ], [ 357018.312004190869629, 5713960.462972641922534 ], [ 357019.522842461476102, 5713965.024954195134342 ], [ 357024.124644183088094, 5713982.333759983070195 ], [ 357026.056619352777489, 5713989.590794761665165 ], [ 357028.611728325253353, 5714002.216525846160948 ], [ 357037.065699978440534, 5714026.739343644119799 ], [ 357048.385606915690005, 5714058.926890710368752 ], [ 357063.693051760841627, 5714105.102017539553344 ], [ 357068.424494244449306, 5714119.391332075931132 ], [ 357109.395225836487953, 5714180.267248114570975 ], [ 357111.791602718178183, 5714183.827630671672523 ], [ 357124.152310158708133, 5714198.091095304116607 ], [ 357127.169256536406465, 5714202.012364884838462 ], [ 357173.797484940267168, 5714262.595721772871912 ], [ 357191.555518462439068, 5714274.192162106744945 ], [ 357210.827019129064865, 5714313.167014217935503 ], [ 357211.943910601432435, 5714314.649043557234108 ], [ 357216.807704615872353, 5714321.100175430066884 ], [ 357222.831139048328623, 5714341.38493943400681 ], [ 357221.12945180060342, 5714348.443928624503314 ], [ 357228.475295592681505, 5714357.317963168956339 ], [ 357242.693188803270459, 5714374.500717244111001 ], [ 357291.305458790040575, 5714433.226308716461062 ], [ 357297.801618088036776, 5714441.000367168337107 ], [ 357317.433915016474202, 5714464.507725394330919 ], [ 357321.058809470734559, 5714468.845998745411634 ], [ 357356.33146044309251, 5714512.300855091772974 ], [ 357362.1379891136894, 5714519.237493719905615 ], [ 357366.527894036378711, 5714525.86902139429003 ], [ 357370.48569145181682, 5714543.763767441734672 ], [ 357370.465947216958739, 5714553.412852993234992 ], [ 357370.402570725069381, 5714560.525837018154562 ], [ 357375.07421125145629, 5714568.050860823132098 ], [ 357388.821940026362427, 5714590.499930338934064 ], [ 357394.71468258195091, 5714603.95555644761771 ], [ 357404.032045139465481, 5714625.238412789069116 ], [ 357407.902373689692467, 5714628.445842292159796 ], [ 357416.026958012080286, 5714635.194894929416478 ], [ 357440.440790538792498, 5714657.61108155362308 ], [ 357452.479347585816868, 5714669.124424485489726 ], [ 357460.612586120492779, 5714682.350163913331926 ], [ 357466.135172001435421, 5714689.806812055408955 ], [ 357474.992172125377692, 5714697.203069057315588 ], [ 357480.298780892626382, 5714703.88680137321353 ], [ 357482.035300902673043, 5714707.677340909838676 ], [ 357483.822832561098039, 5714711.555475356988609 ], [ 357507.162232292525005, 5714763.615454922430217 ], [ 357533.680655337055214, 5714784.203416796401143 ], [ 357526.743462917511351, 5714800.924469745717943 ], [ 357541.645155152946245, 5714846.455617250874639 ], [ 357624.480802870006301, 5714861.399114678613842 ], [ 357611.452610478270799, 5714918.053755571134388 ], [ 357611.591013028635643, 5714999.48912850767374 ], [ 357777.645345741359051, 5715042.745333403348923 ], [ 357900.798872861196287, 5715072.041531316004694 ], [ 358016.151727292570285, 5715094.270016901195049 ], [ 358030.155211679870263, 5715097.038147068582475 ], [ 358053.730715648969635, 5715099.115262512117624 ], [ 358061.309274362865835, 5715106.236691682599485 ], [ 358135.204340862866957, 5715107.494630236178637 ], [ 358143.272309387451969, 5715105.844286513514817 ], [ 358151.317075587925501, 5715110.549019983038306 ], [ 358160.72845302009955, 5715110.808594645000994 ], [ 358280.890223484602757, 5715107.935902387835085 ], [ 358284.435633692657575, 5715107.246924943290651 ], [ 358287.758398926351219, 5715105.540349724702537 ], [ 358290.72170407010708, 5715103.131602452136576 ], [ 358293.217073770007119, 5715100.357573048211634 ], [ 358294.08981874526944, 5715098.830809373408556 ], [ 358294.624337520624977, 5715097.113191064447165 ], [ 358294.976505705155432, 5715095.32277274876833 ], [ 358295.307884861016646, 5715093.532935877330601 ], [ 358297.622353040729649, 5715082.306265034712851 ], [ 358297.152696229284629, 5715054.353336966596544 ], [ 358296.494660242809914, 5715049.174704032950103 ], [ 358322.236910177045502, 5715048.132123893126845 ], [ 358333.628929905011319, 5715049.527398223057389 ], [ 358343.228060161112808, 5715052.530818887986243 ], [ 358352.063421199214645, 5715030.694426584988832 ], [ 358366.941878782934509, 5715018.370970265939832 ], [ 358418.1642221090151, 5715033.699038838036358 ], [ 358422.142192442202941, 5715023.171570433303714 ], [ 358438.939469503588043, 5715019.697553381323814 ], [ 358456.626045845681801, 5715012.058934044092894 ], [ 358515.173798552015796, 5714986.230341336689889 ], [ 358558.736519259167835, 5714965.928714556619525 ], [ 358583.835380324744619, 5714954.244314784184098 ], [ 358595.273320333100855, 5714950.074638593010604 ], [ 358611.206866589083802, 5714942.975156779401004 ], [ 358622.11581762629794, 5714962.101171751506627 ], [ 358635.032372336951084, 5714986.568529444746673 ], [ 358651.655574980250094, 5715022.840030283667147 ], [ 358691.110490782069974, 5715081.28824173565954 ], [ 358690.704877207404934, 5715092.60612793918699 ], [ 358694.114179950964171, 5715094.992706490680575 ], [ 358701.037627277895808, 5715101.287553173489869 ], [ 358705.339693960791919, 5715093.411007073707879 ], [ 358784.084425162291154, 5715181.356662198901176 ], [ 358800.705409060232341, 5715196.206268227659166 ], [ 358837.035968487965874, 5715217.295142821967602 ], [ 358865.35363190138014, 5715163.846182757988572 ], [ 358884.218578583444469, 5715176.852987843565643 ], [ 358930.169407823472284, 5715114.311027564108372 ], [ 358936.308853904716671, 5715102.421793132089078 ], [ 358938.607171385781839, 5715098.785560650750995 ], [ 358947.281080237822607, 5715096.474185634404421 ], [ 358953.116211049142294, 5715090.591703410260379 ], [ 358934.22758491395507, 5715059.301182485185564 ], [ 358914.415126790641807, 5715019.000109016895294 ], [ 358888.651733356411569, 5714951.299541229382157 ], [ 358873.014951419492718, 5714905.318069816567004 ], [ 358874.660404557245784, 5714862.549947702325881 ], [ 358880.715335594723001, 5714819.725799880921841 ], [ 358891.566204624949023, 5714766.062505741603673 ], [ 358900.449845468741842, 5714727.922626539133489 ], [ 358915.509630220360123, 5714680.930597293190658 ], [ 358941.622541591408662, 5714695.38290983159095 ], [ 359018.472150390793104, 5714743.333592088893056 ], [ 359104.560565132414922, 5714797.349457821808755 ], [ 359190.644739079114515, 5714850.53218933288008 ], [ 359267.739410963200498, 5714898.991545946337283 ], [ 359275.230413560057059, 5714898.271591776050627 ], [ 359296.909636032592971, 5714897.246683058328927 ], [ 359321.068160621682182, 5714896.842998194508255 ], [ 359324.847778437077068, 5714901.334116904996336 ], [ 359338.2729725089157, 5714899.525852142833173 ], [ 359372.289298721123487, 5714951.196987730450928 ], [ 359436.735174236469902, 5715073.813672817312181 ], [ 359443.205942704109475, 5715085.574986723251641 ], [ 359455.089449652994517, 5715108.960057212971151 ], [ 359473.241629807336722, 5715140.829213649965823 ], [ 359505.11138816375751, 5715192.471636038273573 ], [ 359533.320303470827639, 5715237.160297055728734 ], [ 359568.309917315840721, 5715287.815171787515283 ], [ 359590.74195957777556, 5715319.020777821540833 ], [ 359638.04399038979318, 5715372.840335052460432 ], [ 359655.18359412899008, 5715409.033689992502332 ], [ 359722.60534712363733, 5715525.862215896137059 ], [ 359731.348588354187086, 5715541.600545992143452 ], [ 359765.719147112045903, 5715580.054759970866144 ], [ 359768.685816395096481, 5715583.767431319691241 ], [ 359781.350932041183114, 5715611.68305500689894 ], [ 359786.980679471627809, 5715621.420400803908706 ], [ 359801.634586128173396, 5715646.788257696665823 ], [ 359802.275418127886951, 5715647.894493193365633 ], [ 359810.475949691783171, 5715662.078854892402887 ], [ 359829.486367550329305, 5715694.537440408021212 ], [ 359832.6170185218798, 5715700.170823611319065 ], [ 359828.095406653941609, 5715711.680305795744061 ], [ 359852.040808461257257, 5715746.829032443463802 ], [ 359845.552978184539825, 5715751.682461930438876 ], [ 359822.388979473500513, 5715765.32138723321259 ], [ 359836.140477252774872, 5715786.162772003561258 ], [ 359838.849658828054089, 5715791.351553701795638 ], [ 359842.18967397743836, 5715796.033232264220715 ], [ 359849.117255195393227, 5715817.853574069216847 ], [ 359872.183663540810812, 5715857.845296983607113 ], [ 359887.686754116031807, 5715883.367927107028663 ], [ 359892.177188658388332, 5715881.763645092956722 ], [ 360041.82460196322063, 5716134.425780600868165 ], [ 360067.671193550690077, 5716172.004496070556343 ], [ 360063.688845841446891, 5716179.192182400263846 ], [ 360092.791249055298977, 5716219.941682238131762 ], [ 360132.54494512634119, 5716275.075543435290456 ], [ 360159.960205648792908, 5716307.492294579744339 ], [ 360170.626865466707386, 5716319.661603801883757 ], [ 360181.66592187108472, 5716331.509058022871614 ], [ 360192.92802716512233, 5716343.150066125206649 ], [ 360204.303867601440288, 5716354.643288771621883 ], [ 360215.485849711112678, 5716365.897060598246753 ], [ 360226.782489649311174, 5716377.036406910046935 ], [ 360238.294331269571558, 5716387.936141641810536 ], [ 360250.155637842253782, 5716398.436764081008732 ], [ 360262.249733551288955, 5716408.330056454055011 ], [ 360274.652035782346502, 5716417.836507650092244 ], [ 360287.288792473555077, 5716427.047181564383209 ], [ 360300.071782147046179, 5716436.031283738091588 ], [ 360365.207001230446622, 5716481.230200057849288 ], [ 360384.644464133598376, 5716494.704956695437431 ], [ 360392.27706250990741, 5716500.715316135436296 ], [ 360393.929795423697215, 5716506.345230220817029 ], [ 360394.51687409542501, 5716510.79152664821595 ], [ 360394.93707386078313, 5716513.962659751065075 ], [ 360404.178655223047826, 5716519.238724062219262 ], [ 360411.297758221393451, 5716521.713311429135501 ], [ 360448.079001553007402, 5716542.400000565685332 ], [ 360511.808237587916665, 5716573.150295827537775 ], [ 360561.262524778954685, 5716593.099242232739925 ] ] ] ] } }
]
}
